nome_prodotto,quantita,categoria,inizio_promozione,fine_promozione
ANTIPARASSITARIO CANI E GATTI DIXIE,N/D,ANIMALI,2025-04-08,2025-04-21
BARRETTE PER CANI,100G,ANIMALI,2024-01-02,2024-01-15
BARRETTE SNACK STRIP CIUFFI,200G,ANIMALI,2025-07-15,2025-07-28
BASTONCINI CIBO PER CANI,5G,ANIMALI,2025-10-21,2025-11-03
BASTONCINI PER GATTI,50G,ANIMALI,2024-10-08,2024-10-21
BOCCOCINI CAT BAFFY,100G,ANIMALI,2026-05-19,2026-06-01
BOCCOCINI DOG BILLY,100G,ANIMALI,2026-05-19,2026-06-01
BOCCONCINI BAFFY,100G,ANIMALI,2025-04-08,2025-04-21
BOCCONCINI BAFFY CAT,100G,ANIMALI,2026-06-02,2026-06-15
BOCCONCINI BILLY DOG,100GX12,ANIMALI,2026-06-02,2026-06-15
BOCCONCINI IN SALSA,100G,ANIMALI,2025-03-11,2025-03-24
BOCCONCINI IN SALSA PER GATTI BETTE,100G,ANIMALI,2025-10-07,2025-10-20
BOCCONCINI PER CANI BUFFALO,100GX12,ANIMALI,2025-10-21,2025-11-03
BOCCONCINI PER GATTI,100GX12,ANIMALI,2024-10-22,2024-11-04
BOCCONCINI PER GATTI SIMBA,415G,ANIMALI,2025-11-18,2025-12-01
"BOCCONCINI PER GATTI, PER CANI",720G,ANIMALI,2024-04-02,2024-04-15
BOCTOCCHINI PER GATTI STERILIZZATI LECHAT,600G,ANIMALI,2025-10-07,2025-10-20
CAT LITTER ALMO NATURE,2.5KG,ANIMALI,2025-01-14,2025-01-27
CATISFACTION GUSTI ASSORTITI,60G,ANIMALI,2026-05-05,2026-05-18
CIBO LITTER ALMO NATURE,2.5KG,ANIMALI,2026-03-24,2026-04-06
CIBO PER CANI,100GX4,ANIMALI,2024-10-08,2024-10-21
CIBO PER CANI DAILY,80G,ANIMALI,2024-10-08,2024-10-21
CIBO PER CANI DAILY ALMO NATURE,1KG,ANIMALI,2026-05-19,2026-06-01
CIBO PER CANI HFC COMPLETE ALMO NATURE,85G,ANIMALI,2026-05-05,2026-05-18
CIBO PER CANI HFC COMPLETE ALNATURE,85G,ANIMALI,2025-10-07,2025-10-20
CIBO PER GATTI,100G,ANIMALI,2025-01-14,2025-01-27
CIBO PER GATTI HFC COMPLETE STERILIZZATI ALMO NATURE,N/D,ANIMALI,2024-08-13,2024-08-26
CIBO PER GATTI LECHIN,100G,ANIMALI,2024-10-22,2024-11-04
CIBO PER GATTI PRINCESS,110G,ANIMALI,2025-07-15,2025-07-28
CIBO PER GATTI SIMBA,400G,ANIMALI,2026-03-10,2026-03-23
CIBO PER GATTI WHISKAS,85G,ANIMALI,2025-10-07,2025-10-20
CIOTOLA PER ANIMALI,N/D,ANIMALI,2026-05-05,2026-05-18
COMPLETE DOG,95G,ANIMALI,2024-02-13,2024-02-26
CROCCANTINI PER CANI PREMIUM,1.5KG,ANIMALI,2025-10-21,2025-11-03
CROCCANTINI PER GATTI,400G,ANIMALI,2026-06-02,2026-06-15
CROCCANTINI PER GATTI ADULTI,400G,ANIMALI,2025-09-09,2025-09-22
CROCCANTINI PER GATTI CIUFFI,2KG,ANIMALI,2025-10-07,2025-10-20
CROCCANTINI PER GATTI GRAN BONI,2KG,ANIMALI,2024-03-19,2024-04-01
CROCCANTINI PER GATTI LE CHAT,1.5KG,ANIMALI,2025-04-08,2025-04-21
CROCCANTINI PER GATTI LECHAT,1.5KG,ANIMALI,2026-05-05,2026-05-18
CROCCANTINI PER GATTI WHISKAS,105G,ANIMALI,2025-10-21,2025-11-03
CROCCANTINO CINQUE STELLE SAMMONTANA,900G,ANIMALI,2025-05-06,2025-05-19
CROCCHETTE MINI ADULT POLLO SIMBA,1KG,ANIMALI,2025-08-12,2025-08-25
CROCCHETTE PER CANI,1.5KG,ANIMALI,2026-06-02,2026-06-15
CROCCHETTE PER CANI ADULTO ATLETICO,10KG,ANIMALI,2025-03-25,2025-04-07
CROCCHETTE PER CANI PREMIUM,1.5KG,ANIMALI,2026-05-05,2026-05-18
CROCCHETTE PER CANI TONICA,3KG,ANIMALI,2025-01-14,2025-01-27
CROCCHETTE PER GATTI,400G,ANIMALI,2025-10-07,2025-10-20
DENTA STIX PEDIGREE,7G,ANIMALI,2025-10-07,2025-10-20
DENTAL STICK CIUFFI,160G,ANIMALI,2025-07-15,2025-07-28
DENTY SNACK PER CANI,28PZ,ANIMALI,2024-03-19,2024-04-01
DEODORANTE PROFUMA AMICI,100ML,ANIMALI,2024-11-05,2024-11-18
FIENO PER RODITORI BEST FRIEND,1KG,ANIMALI,2024-11-05,2024-11-18
GRAN MIX PER CANI,10KG,ANIMALI,2024-10-08,2024-10-21
HFC HYDRATION HELP ALMO NATURE,90G,ANIMALI,2026-05-19,2026-06-01
HFC LIGHT MEAL ALMO NATURE,500G,ANIMALI,2025-02-11,2025-02-24
IL PATÉ MONOPROTEICO PER CANI SPECIAL DOG,150G,ANIMALI,2025-10-07,2025-10-20
IL PATÉ MONOPROTEICO SPECIAL DOG,150G,ANIMALI,2025-01-14,2025-01-27
LETTIERA AL SILICIO POLICAT,3.8LT,ANIMALI,2025-03-11,2025-03-24
LETTIERA CLASSICA AGGLOMERANTE,5KG,ANIMALI,2025-03-25,2025-04-07
LETTIERA CLASSICA POLICAT,5KG,ANIMALI,2024-11-19,2024-12-02
LETTIERA POLICAT,3.8LT,ANIMALI,2026-05-05,2026-05-18
LETTIERA POLICAT SILICIO,5LT,ANIMALI,2025-10-21,2025-11-03
LETTIERA PROFUMATA,5KG,ANIMALI,2025-10-21,2025-11-03
LETTIERA SILICA GEL NEUTRA,3.8LT,ANIMALI,2024-10-22,2024-11-04
LETTIERA VEGETALE,2.25KG,ANIMALI,2025-08-12,2025-08-25
LIGHT MEAL,500G,ANIMALI,2024-02-13,2024-02-26
MANGIME CONIGLI NANI,900G,ANIMALI,2024-10-22,2024-11-04
MINI ADULT PEDIGREE,500G,ANIMALI,2026-05-05,2026-05-18
MIX PER CANI CON CEREALI E ORTAGGI,2KG,ANIMALI,2024-08-13,2024-08-26
OSSI DI PROSCIUTTO CRUDO STAGIONATO,2PZ,ANIMALI,2026-05-05,2026-05-18
OSSI DI PROSCIUTTO STAGIONATO BEST FRIEND,2PZ,ANIMALI,2025-04-08,2025-04-21
OSSO DI PROSCIUTTO CRUDO STAGIONATO BEST FRIEND,2PZ,ANIMALI,2025-10-07,2025-10-20
PASTA PASTA PER CANI PRECOTTA,3KG,ANIMALI,2024-10-08,2024-10-21
PATE LECHAT,400G,ANIMALI,2024-07-16,2024-07-29
PATÈ PER CANI,100G,ANIMALI,2026-01-27,2026-02-09
PATÈ PER CANI SPECIAL DOG,400G,ANIMALI,2026-02-24,2026-03-09
PATÈ STERILIZE LE CHAT,400G,ANIMALI,2024-10-22,2024-11-04
PATÉ CHICKEN,400G,ANIMALI,2025-02-11,2025-02-24
PATÉ PER CANI CHICKEN PRINCE,400G,ANIMALI,2024-11-05,2024-11-18
PATÉ PER CANI DOG,400G,ANIMALI,2026-05-05,2026-05-18
PATÉ PER GATTI LECHAT,400G,ANIMALI,2026-05-05,2026-05-18
PATÉ PER GATTI STERILISED LECHIA,400G,ANIMALI,2025-10-21,2025-11-03
"PATÉ PER GATTI, PATÉ PER CANI GRAN BONI",400G,ANIMALI,2024-03-19,2024-04-01
RISO SOFFIATO VITAMINIZZATO,1KG,ANIMALI,2026-05-05,2026-05-18
ROTOLINI PER CANI,600G,ANIMALI,2024-08-13,2024-08-26
SACCHETTI IGIENICI,60SACCHETTI,ANIMALI,2025-03-11,2025-03-24
SACCHETTI IGIENICI BEST FRIEND,10ROTOLI,ANIMALI,2024-11-19,2024-12-02
SALAMOTTO BILLY DOG,800G,ANIMALI,2024-10-08,2024-10-21
SALVIETTE PET CARE,40PZ,ANIMALI,2024-10-22,2024-11-04
SNACK PER CANI HOTDOGS,220G,ANIMALI,2024-01-16,2024-01-29
TAPPETINI ASSORBENTI PISTOP,10PZ,ANIMALI,2026-05-05,2026-05-18
TAPPETINI PISTOP,10PEZZI,ANIMALI,2025-01-14,2025-01-27
TAPPETO IMPRONTA,N/D,ANIMALI,2026-05-05,2026-05-18
URINARY HELP HOLISTIC ALMO NATURE,85G,ANIMALI,2023-12-05,2023-12-18
VASCHETTA PER GATTI DAILY ALNATURE,100G,ANIMALI,2025-10-07,2025-10-20
ZUPPA DI CEREALI SPECIAL DOG,4KG,ANIMALI,2024-11-19,2024-12-02
ZUPPA SPECIAL DOG,4KG,ANIMALI,2025-03-25,2025-04-07
 PRIMITIVO DI PUGLIA IGT,750ML,BEVANDE,2024-07-30,2024-08-12
 PRIMITIVO SALENTO IGT,750ML,BEVANDE,2026-01-27,2026-02-09
100% SPREMUTA DI FRUTTA NATURA,750ML,BEVANDE,2024-08-27,2024-09-09
ACQUA ALPI COZIE,500MLX12,BEVANDE,2026-06-02,2026-06-15
ACQUA ALPLOCZIE,500MLX12,BEVANDE,2024-09-24,2024-10-07
ACQUA FRIZZANTE NATURALE,500MLX12,BEVANDE,2024-06-04,2024-06-17
ACQUA NATURALE,1.5LT,BEVANDE,2026-01-13,2026-01-26
ACQUA PRO 15G SANT ANNA,330ML,BEVANDE,2024-09-10,2024-09-23
ACQUA SANT'ANNA,1.5LT,BEVANDE,2024-07-16,2024-07-29
ACQUA SANT'ANNA FRIZZANTE,1.5LT,BEVANDE,2026-05-19,2026-06-01
ACQUA SANT'ANNA NATURALE,500ML,BEVANDE,2026-04-21,2026-05-04
ACQUA SANT'ANNA PROTEIN,330ML,BEVANDE,2024-04-23,2024-05-06
ACQUA VALMORA,1.5LT,BEVANDE,2026-01-02,2026-01-12
ACQUA VALMORA FRIZZANTE,1.5LT,BEVANDE,2026-04-21,2026-05-04
ACQUA VALMORA NATURALE,500ML,BEVANDE,2026-05-19,2026-06-01
ALBAROSSA PIEMONTE DOC,750ML,BEVANDE,2023-12-19,2023-12-31
ALBAROSSA PIEMONTE DOC MILIASSO,750ML,BEVANDE,2024-12-17,2024-12-31
APERITIVO,700ML,BEVANDE,2023-12-05,2023-12-18
APERITIVO ANALCOLICO APERÍ,98ML,BEVANDE,2025-10-21,2025-11-03
APERITIVO IDEALE PER SPRITZ,700ML,BEVANDE,2024-04-23,2024-05-06
APERITIVO READY TO MIX SPRITZ HOUR,1LT,BEVANDE,2025-12-16,2025-12-31
APERITIVO SPRITZ AND MORE,700ML,BEVANDE,2024-06-18,2024-07-01
APERITIVO SPRITZ HOUR,700ML,BEVANDE,2024-12-03,2024-12-16
APEROL SPRITZ,200MLX3,BEVANDE,2025-08-26,2025-09-08
APPASSMENTO,750ML,BEVANDE,2025-10-07,2025-10-20
ARTICOLI DA BEVANDE,N/D,BEVANDE,2025-11-18,2025-12-01
BARBARESCO DOC,750ML,BEVANDE,2025-10-07,2025-10-20
BARBERA D'ASTI DOCG,750ML,BEVANDE,2025-12-02,2025-12-15
BARBERA DEL MONFERRATO DOC,1.5LT,BEVANDE,2025-11-04,2025-11-17
BARBERA DEL MONFERRATO IGT,1.5LT,BEVANDE,2024-11-05,2024-11-18
BARBERA OLTREPÒ PAVESE DOC,750ML,BEVANDE,2026-05-05,2026-05-18
BARBERA PIEMONTE DOC,750ML,BEVANDE,2026-05-19,2026-06-01
BARDOLINO DOC,750ML,BEVANDE,2025-10-07,2025-10-20
BAROLO DOC,750ML,BEVANDE,2025-10-07,2025-10-20
BELTÉ,330ML,BEVANDE,2025-07-29,2025-08-11
BEVANDA,1.5LT,BEVANDE,2025-07-29,2025-08-11
BEVANDA ACE,1LT,BEVANDE,2026-05-19,2026-06-01
BEVANDA ACE JOLLY,1LT,BEVANDE,2024-10-08,2024-10-21
BEVANDA ALL'ANANAS JOLLY,1.5LT,BEVANDE,2024-07-16,2024-07-29
BEVANDA ALL'ARANCIA JOLLY,1LT,BEVANDE,2024-07-16,2024-07-29
BEVANDA ALLA FRUTTA,1.5LT,BEVANDE,2026-06-02,2026-06-15
BEVANDA ANANAS,1LT,BEVANDE,2024-10-22,2024-11-04
BEVANDA DI FRUTTA,N/D,BEVANDE,2026-03-10,2026-03-23
BEVANDA DI FRUTTA ASSORTITI,2LT,BEVANDE,2025-04-08,2025-04-21
BEVANDA DI FRUTTA DI FRUTTA ZERO ZUCCHERI PFANNER,1LT,BEVANDE,2025-08-26,2025-09-08
BEVANDA DI FRUTTA SENZA ZUCCHERI AGGIUNTI PLANNER,2LT,BEVANDE,2024-06-18,2024-07-01
BEVANDA DI FRUTTA TROPICAL JOLLY,1.5LT,BEVANDE,2024-07-16,2024-07-29
BEVANDA DI FRUTTA ZERO ZUCCHERI AGGIUNTI SPAINNER,1LT,BEVANDE,2026-05-05,2026-05-18
BEVANDA DI SOIA,1LT,BEVANDE,2026-04-07,2026-04-20
BEVANDA FREDDA STUFFER,230ML,BEVANDE,2025-06-17,2025-06-30
BEVANDA PFANNER,2LT,BEVANDE,2024-08-13,2024-08-26
BEVANDA PLANT PROTEIN 50G ALPRO,1LT,BEVANDE,2026-04-21,2026-05-04
BEVANDA REFRESH+VITA PFANNER,2LT,BEVANDE,2025-09-09,2025-09-22
BEVANDA RIDUZIONE COLESTEROLO,100MLX4,BEVANDE,2024-02-27,2024-03-11
BEVANDE ALLA FRUTTA ZERO ZUCCHERI,1LT,BEVANDE,2024-05-07,2024-05-20
BEVANDE REFRESH+OYA PFANNER,1LT,BEVANDE,2026-03-24,2026-04-06
BIBITA VEGETALE ADEZ,800ML,BEVANDE,2024-01-02,2024-01-15
BIBITE,500ML,BEVANDE,2025-12-02,2025-12-15
BIBITE COCA COLA,500ML,BEVANDE,2026-03-10,2026-03-23
BIBITE EPPY,330ML,BEVANDE,2025-07-29,2025-08-11
BIBITE EPPY COLA ARANCIATA LIMONATA,330ML,BEVANDE,2024-07-16,2024-07-29
BIBITE GUSTI ASSORTITI,1.5LT,BEVANDE,2024-07-16,2024-07-29
BIBITE SAN BENEDETTO,1.5LT,BEVANDE,2025-10-07,2025-10-20
BIBITE SAN BENEDETTO GUSTI ASSORTITI,1.5LT,BEVANDE,2024-07-16,2024-07-29
BIBITE ZERO SAN BENEDETTO,750ML,BEVANDE,2025-07-29,2025-08-11
BIBITE ZERO SPUMADOR,1LT,BEVANDE,2025-07-29,2025-08-11
BICCHIERI ACQUA BY CARLO CRACCO,2PZ,BEVANDE,2025-11-18,2025-12-01
BIERE DU COIRSANE,330ML,BEVANDE,2025-07-01,2025-07-14
BIRRA,500ML,BEVANDE,2024-09-24,2024-10-07
BIRRA 10% FAXE,500ML,BEVANDE,2025-07-01,2025-07-14
BIRRA ANALCOLICA 0.0 EDELMEISTER,500ML,BEVANDE,2024-06-18,2024-07-01
BIRRA ANCOLICA EDELMEISSER,500ML,BEVANDE,2025-07-01,2025-07-14
BIRRA ANCOLICA HERMANNI HÜLNER,500ML,BEVANDE,2025-07-01,2025-07-14
BIRRA ARTIGIANALE 60 GIORNI MA MA,500ML,BEVANDE,2024-06-18,2024-07-01
BIRRA ARTIGIANALE IPA MA MA,500ML,BEVANDE,2024-06-18,2024-07-01
BIRRA ARTIGIANALE MA MA,500ML,BEVANDE,2024-11-05,2024-11-18
BIRRA ARTIGIANALE TOSCA ORO,750ML,BEVANDE,2024-10-08,2024-10-21
BIRRA BAFFO D'ORO MORETTI,500ML,BEVANDE,2025-07-01,2025-07-14
BIRRA BARLEY,500ML,BEVANDE,2025-09-23,2025-10-06
BIRRA BARLEY EXTRA STRONG,500ML,BEVANDE,2024-10-22,2024-11-04
BIRRA BECK'S,335ML,BEVANDE,2026-05-05,2026-05-18
BIRRA BECK'S LAGER,330ML,BEVANDE,2024-06-18,2024-07-01
BIRRA BECK'S LIMONE,440ML,BEVANDE,2026-06-02,2026-06-15
BIRRA BELGIAN WHITE BLUE MOON,330ML,BEVANDE,2025-07-01,2025-07-14
BIRRA BIRRE MORETTI,500ML,BEVANDE,2024-07-30,2024-08-12
BIRRA BIRRE STILE CAPRI,330ML,BEVANDE,2024-07-30,2024-08-12
BIRRA BITBURGER CON SACCA TERMICA,500ML,BEVANDE,2026-06-02,2026-06-15
BIRRA BORETTI BAFFO D'ORO,500ML,BEVANDE,2024-05-21,2024-06-03
BIRRA BOTTIGLIETTA LATTINA,N/D,BEVANDE,2025-07-29,2025-08-11
BIRRA BUD,500ML,BEVANDE,2026-05-19,2026-06-01
BIRRA CERES,500ML,BEVANDE,2025-08-26,2025-09-08
BIRRA CERES MOSAIC IPA,330ML,BEVANDE,2024-06-18,2024-07-01
BIRRA CERES RED ERK,330ML,BEVANDE,2024-06-18,2024-07-01
BIRRA CERES STRONG ALE,330ML,BEVANDE,2026-06-02,2026-06-15
BIRRA CERO,330ML,BEVANDE,2025-07-01,2025-07-14
BIRRA CERVEZA DE NAVIDAD,660ML,BEVANDE,2024-12-17,2024-12-31
BIRRA CHILL LEMON PERONI,330ML,BEVANDE,2025-07-01,2025-07-14
BIRRA COIRS,330ML,BEVANDE,2025-07-01,2025-07-14
BIRRA COMPLOT,330ML,BEVANDE,2024-06-18,2024-07-01
BIRRA COMPLOTA IPA,330ML,BEVANDE,2025-07-01,2025-07-14
BIRRA CRUDA DAB,330ML,BEVANDE,2026-04-21,2026-05-04
BIRRA DAB,660ML,BEVANDE,2025-10-21,2025-11-03
BIRRA DAMM LEHMON,330ML,BEVANDE,2025-07-01,2025-07-14
BIRRA DOPPIO MALTO VOLL-DAMM,330ML,BEVANDE,2025-08-12,2025-08-25
BIRRA EDELMEISTER,500ML,BEVANDE,2025-08-26,2025-09-08
BIRRA EDELMEISTER SENZA GLUTINE,500ML,BEVANDE,2025-07-29,2025-08-11
BIRRA ESTRELLA DAMM,660ML,BEVANDE,2025-07-29,2025-08-11
BIRRA EXTRA,330ML,BEVANDE,2025-07-01,2025-07-14
BIRRA FAXE,500ML,BEVANDE,2025-11-04,2025-11-17
BIRRA FAXE EXTRA STRONG,500ML,BEVANDE,2025-08-26,2025-09-08
BIRRA FITTRA,330ML,BEVANDE,2024-06-18,2024-07-01
BIRRA GENUINE DRAFT MILLER,330ML,BEVANDE,2025-07-01,2025-07-14
BIRRA GRAN RISERVA PERONI,330ML,BEVANDE,2025-12-16,2025-12-31
"BIRRA GRAN RISERVA PERONI BIANCA, ROSSA",500ML,BEVANDE,2024-12-17,2024-12-31
BIRRA HEFEWEIZEN SCHÖFFERHOFER,330ML,BEVANDE,2024-06-18,2024-07-01
BIRRA HEINEKEN,500ML,BEVANDE,2025-03-25,2025-04-07
BIRRA HOPPY LAGER DAB,500ML,BEVANDE,2024-06-18,2024-07-01
BIRRA ICHNUSA,330X3ML,BEVANDE,2025-05-20,2025-06-02
BIRRA ICHNUSA NON FILTRATA,500ML,BEVANDE,2026-04-07,2026-04-20
BIRRA INEDIT DAMM,330ML,BEVANDE,2024-08-13,2024-08-26
BIRRA IPA EDELMEISTER,500ML,BEVANDE,2025-09-09,2025-09-22
BIRRA KELLERBIER DAB,500ML,BEVANDE,2024-06-18,2024-07-01
BIRRA KOZEL,500ML,BEVANDE,2026-03-24,2026-04-06
BIRRA KOZEL PREMIUM LAGER,500ML,BEVANDE,2025-09-09,2025-09-22
BIRRA KOZEL PREMIUMLAGER,500ML,BEVANDE,2024-10-08,2024-10-21
BIRRA KUMPEL ULTRA STRONG,500ML,BEVANDE,2025-11-18,2025-12-01
BIRRA LATTINA,500ML,BEVANDE,2025-01-28,2025-02-10
BIRRA MORETTI,500ML,BEVANDE,2025-07-01,2025-07-14
BIRRA NASTRO AZZURRO,500ML,BEVANDE,2025-09-23,2025-10-06
BIRRA NASTRO AZZURRO PERONI,500ML,BEVANDE,2026-02-24,2026-03-09
BIRRA NON FILTRATA EDELMEISTER,500ML,BEVANDE,2025-01-14,2025-01-27
BIRRA PERONI,500ML,BEVANDE,2026-03-24,2026-04-06
BIRRA PERONI 0.0%,500ML,BEVANDE,2024-07-30,2024-08-12
BIRRA PERONI CRUDA,500ML,BEVANDE,2026-02-10,2026-02-23
BIRRA PERONI LATTINA,500ML,BEVANDE,2025-05-20,2025-06-02
BIRRA PERONI NON FILTRATA,500ML,BEVANDE,2024-11-19,2024-12-02
BIRRA PERONI ZERO ALCOOL,330ML,BEVANDE,2025-07-29,2025-08-11
BIRRA PREMIUM PILS BITBURGER,5LT,BEVANDE,2025-07-29,2025-08-11
BIRRA RADLER DAB,500ML,BEVANDE,2025-07-01,2025-07-14
BIRRA RADLER EDELMEISTER,500ML,BEVANDE,2025-07-29,2025-08-11
BIRRA RAFFO,660ML,BEVANDE,2025-11-04,2025-11-17
BIRRA RAFFO LAVORAZIONE GREZZA,450ML,BEVANDE,2026-01-27,2026-02-09
BIRRA RED CERES,500ML,BEVANDE,2025-07-01,2025-07-14
BIRRA RED EDELMEISTER,500ML,BEVANDE,2024-01-16,2024-01-29
BIRRA RED FAXE,500ML,BEVANDE,2025-07-01,2025-07-14
BIRRA RED FAXE STRONG-RED,500ML,BEVANDE,2025-08-26,2025-09-08
BIRRA SCHÖFFERHOFER,500ML,BEVANDE,2024-07-30,2024-08-12
BIRRA SCHÖPPHERHOFER,500ML,BEVANDE,2025-08-12,2025-08-25
BIRRA STARK EXTRA STRONG,330ML,BEVANDE,2024-04-23,2024-05-06
BIRRA STILE CAPRI,330ML,BEVANDE,2025-07-29,2025-08-11
BIRRA STRONG CERES,330ML,BEVANDE,2024-03-19,2024-04-01
BIRRA TENNENT'S,335ML,BEVANDE,2026-01-13,2026-01-26
BIRRA TENNENT'S SUPER,330ML,BEVANDE,2026-04-21,2026-05-04
BIRRA TOP CERES PILSNER CERES,500ML,BEVANDE,2025-08-26,2025-09-08
BIRRA TOP PILSNER,500ML,BEVANDE,2025-07-01,2025-07-14
BIRRA TOSCA,330ML,BEVANDE,2025-07-01,2025-07-14
BIRRA TOSCA PALE ALE,500ML,BEVANDE,2025-10-21,2025-11-03
BIRRA VAN PUR EXTRA STRONG,500ML,BEVANDE,2025-11-18,2025-12-01
BIRRA WEISS OBEDORFER,500ML,BEVANDE,2025-08-26,2025-09-08
BIRRA WEIZEN EDELMEISTER,500ML,BEVANDE,2025-10-07,2025-10-20
BIRRE DU COREI,330ML,BEVANDE,2024-06-18,2024-07-01
BITTER BARBIERI,1LT,BEVANDE,2025-09-09,2025-09-22
BLENDED SCOTCH WHISKY LABEL 5,700ML,BEVANDE,2024-12-03,2024-12-16
BONARDA DELL'OLTREPO PAVESE DOC,750ML,BEVANDE,2026-05-19,2026-06-01
BONARDA DELL'OLTREPO PAVESE DOC MAGGI FRATELLI,750ML,BEVANDE,2024-03-19,2024-04-01
BONARDA DELL'OLTREPÒ PAVESE,750ML,BEVANDE,2025-01-14,2025-01-27
BONARDA DELL'OLTREPÒ PAVESE DOC,750ML,BEVANDE,2026-03-24,2026-04-06
BONARDA OLTREPÒ PAVESE DOC,750ML,BEVANDE,2026-05-05,2026-05-18
BONARDA OLTREPÒ PAVESE DOC LE ROVOLE,750ML,BEVANDE,2025-11-04,2025-11-17
BONHARA DELL'OLTREPÒ PAVESE DOC FRATELLI MAGGI,750ML,BEVANDE,2024-10-22,2024-11-04
BORDEAUX LAVERGNE,750ML,BEVANDE,2025-03-11,2025-03-24
BORRACCIA MULTICOLOR,1LT,BEVANDE,2026-05-19,2026-06-01
BORRACCIA TERMICA,470ML,BEVANDE,2025-05-20,2025-06-02
BOTIGLIA CON GANCIO DISNEY+,N/D,BEVANDE,2026-03-10,2026-03-23
BREEZER,250ML,BEVANDE,2024-02-27,2024-03-11
BUTTAFUCCO OLTREPO PAVESE DOC,750ML,BEVANDE,2025-10-07,2025-10-20
CABERNET VENETO IGT,1.5LT,BEVANDE,2025-08-26,2025-09-08
CAMPARI,700ML,BEVANDE,2025-07-29,2025-08-11
CHARDONNAY,750ML,BEVANDE,2024-07-30,2024-08-12
CHARDONNAY VENETO IGT,750ML,BEVANDE,2026-05-19,2026-06-01
CHIANTI DOCG,750ML,BEVANDE,2026-04-21,2026-05-04
CHOCO LIQUEUR,700ML,BEVANDE,2023-12-05,2023-12-18
COCA COLA,1LT,BEVANDE,2026-05-19,2026-06-01
COCA COLA / FANTA,500ML,BEVANDE,2025-08-12,2025-08-25
COCA COLA CLASSICA,330ML,BEVANDE,2026-06-02,2026-06-15
"COCA COLA CLASSICA, COCA COLA ZERO, FANTA, SPRITE",500ML,BEVANDE,2026-05-05,2026-05-18
COCA COLA SENZA CAFFEINA,1.5LT,BEVANDE,2025-11-18,2025-12-01
"COCA COLA, COCA COLA ZERO",1.5LTX2,BEVANDE,2024-05-21,2024-06-03
COCKTAIL ANALCOLICO EPPY,1LT,BEVANDE,2025-12-02,2025-12-15
COCKTAIL HARD ROCK,330ML,BEVANDE,2024-06-18,2024-07-01
CONFEZIONE GIBSON'S,700ML,BEVANDE,2023-12-05,2023-12-18
CONFEZIONE LABELS 5,700ML,BEVANDE,2023-12-05,2023-12-18
CONFEZIONE WITOR'S,N/D,BEVANDE,2025-12-16,2025-12-31
CORONA CERO / EXTRA,330ML,BEVANDE,2026-01-27,2026-02-09
CORTESE DEL PIEMONTE DOC,750ML,BEVANDE,2025-11-18,2025-12-01
CRODINO,100ML,BEVANDE,2026-03-24,2026-04-06
CRODINO CLASSICO,100MLX10,BEVANDE,2025-08-12,2025-08-25
DOLCETTO D'ACQUI DOC,750ML,BEVANDE,2025-10-07,2025-10-20
DOLCETTO D'ALBA DOC,750ML,BEVANDE,2025-10-21,2025-11-03
DOLCETTO DEL MONFERRATO DOC,750ML,BEVANDE,2025-12-16,2025-12-31
DOLCETTO DI OVADA DOC,750ML,BEVANDE,2026-01-02,2026-01-12
DRINK IN LATTINA,250ML,BEVANDE,2023-12-19,2023-12-31
DRINK IN LATTINA GUSTI ASSORTITI,250ML,BEVANDE,2024-04-16,2024-04-22
ENERGY ACTIVATOR LEMONSODA,500ML,BEVANDE,2024-05-07,2024-05-20
ENERGY DRINK,250ML,BEVANDE,2025-03-11,2025-03-24
ENERGY DRINK CLASSICO,250ML,BEVANDE,2026-06-02,2026-06-15
ENERGY DRINK CRAZY TIGER,500ML,BEVANDE,2025-09-23,2025-10-06
ENERGY DRINK LEMONSODA,330ML,BEVANDE,2024-09-10,2024-09-23
ENERGY DRINK MONSTER,500ML,BEVANDE,2024-09-10,2024-09-23
ENERGY DRINK RED BULL CLASSICA,250ML,BEVANDE,2026-05-19,2026-06-01
ENERGY DRINK RED BULL GUSTI ASSORTITI,250ML,BEVANDE,2024-07-16,2024-07-29
ENERGY LEMONSODA,500ML,BEVANDE,2025-07-01,2025-07-14
ENERGY MONSTER,500ML,BEVANDE,2026-04-21,2026-05-04
ERBALUCE DI CALUSO DOCG,750ML,BEVANDE,2024-06-04,2024-06-17
ESTATHE,1.5LT,BEVANDE,2025-07-15,2025-07-28
ESTATHÉ LIMONE PESCA,1.5LT,BEVANDE,2024-07-16,2024-07-29
ESTATHÉ PESCA,350G,BEVANDE,2026-05-19,2026-06-01
ESTATHÉ ZERO,1.5LT,BEVANDE,2026-05-05,2026-05-18
FALANGHINA BENEVENTANO IGT,750ML,BEVANDE,2025-10-07,2025-10-20
FANTA,1.5LT,BEVANDE,2025-11-04,2025-11-17
FANTA ARANCIATA,1.75LT,BEVANDE,2025-03-25,2025-04-07
FANTA ORIGINAL,1.5LT,BEVANDE,2026-02-24,2026-03-09
FRIOL,1LT,BEVANDE,2025-12-16,2025-12-31
FRULLATO 100% FRUTTA NIPYOL,85G,BEVANDE,2026-05-19,2026-06-01
FUZE TEA,1.25LT,BEVANDE,2026-04-07,2026-04-20
GAVI DOCG,750ML,BEVANDE,2026-05-05,2026-05-18
GHIACCIOLLI,750G,BEVANDE,2024-07-30,2024-08-12
GIN BOMBAY SAPPHIRE,700ML,BEVANDE,2026-03-24,2026-04-06
GIN BOSFORD,700ML,BEVANDE,2024-05-07,2024-05-20
GRAPPA LORENZO INGA AMARONE BRUNELLO,500ML,BEVANDE,2025-12-02,2025-12-15
GRECANICO TERRE SICILIANE IGT,750ML,BEVANDE,2026-01-02,2026-01-12
GRIGHIONLINO DEL MONFERRATO CASALESE DOC,750ML,BEVANDE,2025-10-07,2025-10-20
GRIGNOLINO MONFERRAT CONESALLES,750ML,BEVANDE,2024-09-24,2024-10-07
GRIGNOLINO MONFERRATO CASALESE DOC,750ML,BEVANDE,2025-11-18,2025-12-01
GUTTURNIO DOC FRATELLI MAGGI,750ML,BEVANDE,2025-03-25,2025-04-07
GUTTURNIO DOC FRIZZANTE,750ML,BEVANDE,2025-11-04,2025-11-17
GUTTURNIO DOC LARONCHI VINI,750ML,BEVANDE,2024-08-27,2024-09-09
GUTTURNO DOC,750ML,BEVANDE,2026-04-07,2026-04-20
HIGH PROTEIN DRINK,250G,BEVANDE,2024-09-24,2024-10-07
HIGH PROTEIN DRINK ALPLI PRO,250ML,BEVANDE,2026-04-21,2026-05-04
HUGO APERITIVO PRONTO,750ML,BEVANDE,2024-06-18,2024-07-01
"INTEGRATORE LIMONE, ARANCIO",500ML,BEVANDE,2025-09-23,2025-10-06
INTEGRATORE SPRINT GO,500ML,BEVANDE,2025-09-23,2025-10-06
INZOLIA PINOT GRIGIO IGT,750ML,BEVANDE,2025-07-29,2025-08-11
LA BIRRITA AL CAFE BRASILENA,180MLX6,BEVANDE,2024-07-16,2024-07-29
LAGER BEER,500ML,BEVANDE,2026-01-13,2026-01-26
LAMBRUSCO DELL'EMILIA IGT,1LT,BEVANDE,2025-06-17,2025-06-30
LAMBRUSCO DI MODENA DOC,750ML,BEVANDE,2024-09-24,2024-10-07
LAMBRUSCO DOC,750ML,BEVANDE,2025-10-07,2025-10-20
LAMBRUSCO ROSO DOC,750ML,BEVANDE,2025-07-01,2025-07-14
LAMBRUSCO SECCO AMABILE,1.5LT,BEVANDE,2026-02-10,2026-02-23
LANGHE ARNEIS DOC,750ML,BEVANDE,2026-06-02,2026-06-15
LEMON SODA MOJITO ANALCOLICO TWIST GAZZEOSA,330ML,BEVANDE,2024-07-16,2024-07-29
LEMON SODA ORAN SODA,500ML,BEVANDE,2024-07-16,2024-07-29
LIMONCELLO MASTRI DISTILLATORI,700ML,BEVANDE,2024-08-13,2024-08-26
LIQUORI CREMA,500ML,BEVANDE,2024-05-07,2024-05-20
LONDON DRY GIN,750ML,BEVANDE,2023-12-19,2023-12-31
MARTINI BIANCO,750ML,BEVANDE,2025-12-02,2025-12-15
MERLOT VENETO IGT,750ML,BEVANDE,2025-10-07,2025-10-20
MONTEPULCIANO D'ABRUZZO DOC,750ML,BEVANDE,2026-06-02,2026-06-15
MORELLINO DI SCANSANO DOCG,750ML,BEVANDE,2025-10-07,2025-10-20
MOSCATO DOLCE,750ML,BEVANDE,2026-05-19,2026-06-01
MOSCATO ROCCA DEI FORTI DOLCE,750ML,BEVANDE,2025-12-02,2025-12-15
MYAMI BCAA,250ML,BEVANDE,2025-01-03,2025-01-13
MÜLLER THURGAU,750ML,BEVANDE,2026-03-10,2026-03-23
MÜLLER THURGAU DELLE VENEZIE IGT,750ML,BEVANDE,2025-09-23,2025-10-06
MÜLLER THURGAU TREVENEZIE IGT,750ML,BEVANDE,2024-12-17,2024-12-31
MÜLLER THURGAU TREVIGIANO IGT,750ML,BEVANDE,2025-10-07,2025-10-20
NEBBIOLO DE LLE LANGHE DOC,750ML,BEVANDE,2024-09-24,2024-10-07
NEBBIOLO DELLE LANGHE DOC,750ML,BEVANDE,2025-10-07,2025-10-20
NEGROAMARO APPASSIMENTO,750ML,BEVANDE,2024-12-03,2024-12-16
NEGROAMARO SALENTO IGT,750ML,BEVANDE,2024-11-19,2024-12-02
NEGROMARO PRIMITIVO SALENTO IGT,750ML,BEVANDE,2025-10-21,2025-11-03
NEGROMARO ROSATO SALENTO IGT,750ML,BEVANDE,2025-10-07,2025-10-20
NERO D'AVOLA,750ML,BEVANDE,2024-11-05,2024-11-18
NERO D'AVOLA DOC,750ML,BEVANDE,2026-06-02,2026-06-15
NERO D'AVOLA IGT,750ML,BEVANDE,2024-06-04,2024-06-17
NERO D'AVOLA SICILIA DOC,750ML,BEVANDE,2026-05-19,2026-06-01
NERO D'AVOLA TERRE SICILIANE DOC,750ML,BEVANDE,2024-04-02,2024-04-15
NERO DI PAVOLA SICILIA DOC,750ML,BEVANDE,2025-10-07,2025-10-20
NERO DI TROIA IGT,750ML,BEVANDE,2025-10-07,2025-10-20
NERO DI TROIA PUGLIA IGT,750ML,BEVANDE,2024-12-17,2024-12-31
NETTARE DI ANANAS,1LT,BEVANDE,2024-01-30,2024-02-12
NETTARE DI FRUTTA,1LT,BEVANDE,2024-08-27,2024-09-09
NETTARE DI FRUTTA FRUITEL,1LT,BEVANDE,2024-11-19,2024-12-02
PEPSI,500ML,BEVANDE,2026-01-13,2026-01-26
PEPSI CLASSICA,1.25LT,BEVANDE,2025-08-26,2025-09-08
PINOT NERO IGT,750ML,BEVANDE,2025-09-23,2025-10-06
PINOT NERO IGT PROVINCIA DI PAVIA,750ML,BEVANDE,2025-10-07,2025-10-20
PORTO 10 ANNI GRAN CRUZ,750ML,BEVANDE,2023-12-05,2023-12-18
PORTO GRAN CRUZ,750ML,BEVANDE,2024-12-03,2024-12-16
PORTO RESERVE GRAN CRUZ,750ML,BEVANDE,2025-12-02,2025-12-15
POWERADE,500ML,BEVANDE,2026-05-05,2026-05-18
POWERADE GUSTI ASSORTITI,500ML,BEVANDE,2026-02-10,2026-02-23
PRIMITIVO DI MANDURIA,750ML,BEVANDE,2024-04-23,2024-05-06
PRIMITIVO PUGLIA IGP ROSATO,750ML,BEVANDE,2026-04-21,2026-05-04
PROSECCO DOC,750ML,BEVANDE,2025-10-07,2025-10-20
PROSECCO DOC EXTRA DRY,750ML,BEVANDE,2026-03-24,2026-04-06
PROSECCO DOC FRIZZANTE,750ML,BEVANDE,2025-10-07,2025-10-20
PROSECCO VENETO DOC,750ML,BEVANDE,2026-02-24,2026-03-09
RED BULL,250ML,BEVANDE,2026-04-21,2026-05-04
REFOSCO DAL PEDUNCOLO ROSSO,750ML,BEVANDE,2025-01-14,2025-01-27
REFOSCO DAL PEDUNCOLO ROSSO VENETO IGT,750ML,BEVANDE,2025-08-12,2025-08-25
REFOSCO VENETO IGT,750ML,BEVANDE,2025-10-07,2025-10-20
RIESLING MILLESIMATO EXTRA DRY,750ML,BEVANDE,2024-12-17,2024-12-31
ROSSO PICENO DOC,750ML,BEVANDE,2025-12-02,2025-12-15
RUCHE DI CASTAGNOLA MONFERRATO DOC,750ML,BEVANDE,2024-09-24,2024-10-07
SAN A TTIVA ZERO ACE,1LT,BEVANDE,2024-08-13,2024-08-26
SAN ASTRITTA ZERO ACE FRUTTIRASSI,500ML,BEVANDE,2025-10-07,2025-10-20
SANGIOVESE DOC,750ML,BEVANDE,2025-07-01,2025-07-14
SANGIOVESE IGT,750ML,BEVANDE,2025-07-29,2025-08-11
SANGIOVESE PRIMITIVO PUGLIA IGT,750ML,BEVANDE,2025-10-07,2025-10-20
SANGRIA CREMA SPUMA DI SCAMPAGNA,1.3LT,BEVANDE,2025-10-07,2025-10-20
SANGUE DI GIUDA DELL'OL TREPÒ PAVESE DOC,750ML,BEVANDE,2025-04-22,2025-05-05
SANGUE DI GUIDA DELL'OLTREPÒ PAVESE DOC,750ML,BEVANDE,2026-04-21,2026-05-04
SANGUE DI SUGOLA DELL'OLTREPO PAVESE DOC,750ML,BEVANDE,2025-10-07,2025-10-20
SANT'ANNA ZERO FRUTTI BOSCO,500ML,BEVANDE,2024-10-08,2024-10-21
SAUVIGNON TREVENEZIE IGTT,750ML,BEVANDE,2025-07-15,2025-07-28
SCHWEPPES,500ML,BEVANDE,2025-12-02,2025-12-15
SCIROPPO,500ML,BEVANDE,2025-05-20,2025-06-02
SCIROPPO ZERO FABBRI,500ML,BEVANDE,2025-07-01,2025-07-14
SCOTCH WHISKY WILLIAM LAWSON'S,700ML,BEVANDE,2025-11-04,2025-11-17
SELTZ,1LT,BEVANDE,2024-06-18,2024-07-01
SELTZ URBAN,1.5LT,BEVANDE,2025-12-16,2025-12-31
SIROPPO GUSTI ASSORTITI,500ML,BEVANDE,2024-05-21,2024-06-03
SISTEHA IMMUNITARIO,500ML,BEVANDE,2025-01-28,2025-02-10
SOAVE DOC,750ML,BEVANDE,2026-03-24,2026-04-06
SODA,500ML,BEVANDE,2025-07-29,2025-08-11
SPORT DRINK,500ML,BEVANDE,2024-09-10,2024-09-23
SPREMUTA DI FRUTTA + FITTEZZA,500ML,BEVANDE,2024-10-22,2024-11-04
SPREMUTA DI FRUTTA PFANNER,500ML,BEVANDE,2026-05-19,2026-06-01
SPRENUTTA DI FRUTTA + PFANNER,500ML,BEVANDE,2025-04-22,2025-05-05
SPRITE CLASSICA,1.5LT,BEVANDE,2024-12-03,2024-12-16
"SPRITE, FANTA",1.5LT,BEVANDE,2026-04-21,2026-05-04
SPRITZ HURRICANE,200ML,BEVANDE,2025-07-01,2025-07-14
SPRITZ ZERO HURRICANE,200MLX3,BEVANDE,2025-08-12,2025-08-25
SPUMANTE CHARDONNAY BRUT,750ML,BEVANDE,2026-02-24,2026-03-09
SPUMANTE CUVEE MILLESIMATO,750ML,BEVANDE,2024-07-30,2024-08-12
SPUMANTE CUVÉE BRUT GRAN DESSERT,750ML,BEVANDE,2024-12-17,2024-12-31
SPUMANTE CUVÉE MILLESIMATO EXTRA DRY,750ML,BEVANDE,2025-07-01,2025-07-14
SPUMANTE CUVÉE N°1 MILLESINATO EXTRA DRY,750ML,BEVANDE,2025-12-16,2025-12-31
"SPUMANTE DOLCE CUVÉE, BRUT",750ML,BEVANDE,2025-12-16,2025-12-31
SPUMANTE EXTRA DRY,750ML,BEVANDE,2023-12-19,2023-12-31
SPUMANTE MILLEMISTO,750ML,BEVANDE,2025-07-29,2025-08-11
SPUMANTE MOSCATO,750ML,BEVANDE,2023-12-19,2023-12-31
SPUMANTE MÜLLER THURGAU,750ML,BEVANDE,2026-03-24,2026-04-06
SPUMANTE MÜLLER THURGAU BRUT,750ML,BEVANDE,2025-10-07,2025-10-20
SPUMANTE MÜLLER THURGAU EXTRA DRY,750ML,BEVANDE,2025-12-16,2025-12-31
SPUMANTE MÜLLER THURGAU EXTRA DRY CASCINE DI CORTE,1.5LT,BEVANDE,2024-12-17,2024-12-31
SPUMANTE RIBOLLA GIALLA,750ML,BEVANDE,2025-12-16,2025-12-31
SPUMANTE RIBOLLA GIALLA ANNONE,750ML,BEVANDE,2024-12-17,2024-12-31
SPUMANTE RIESLING MILLESIMATO,750ML,BEVANDE,2026-05-05,2026-05-18
SPUMANTE ROCCA DEI FORTI,750ML,BEVANDE,2024-06-18,2024-07-01
SPUMANTE ROSATO BRUT,750ML,BEVANDE,2025-12-02,2025-12-15
SPUMANTE SOAVE EXTRA DRY DOC,750ML,BEVANDE,2025-10-07,2025-10-20
SUCCO DI FRUTTA,2LT,BEVANDE,2025-12-02,2025-12-15
SUCCO DI FRUTTA BIO,200MLX3,BEVANDE,2025-06-17,2025-06-30
SUCCO DI FRUTTA BIO MULTI GOLD,200ML,BEVANDE,2026-02-10,2026-02-23
SUCCO DI FRUTTA JOLLY,1LT,BEVANDE,2025-06-03,2025-06-16
"SUCCO DI FRUTTA MELA VERDE, ANANAS E CONCIA",1LT,BEVANDE,2026-04-07,2026-04-20
SUCCO DI FRUTTA MELLA,1LT,BEVANDE,2024-09-10,2024-09-23
SUCCO DI FRUTTA PLANNER,1LT,BEVANDE,2024-11-05,2024-11-18
SUCCO DI LIMONE,200ML,BEVANDE,2026-06-02,2026-06-15
SUCCO DI LIMONI DI SICILIA LIMMI,125ML,BEVANDE,2026-04-07,2026-04-20
SUCCO DI MELA,1LT,BEVANDE,2026-05-19,2026-06-01
SUCCO E POLPA DI FRUTTA,200ML X3,BEVANDE,2026-01-02,2026-01-12
SUCCO ZERO SAN BENEDETTO,400ML,BEVANDE,2025-09-09,2025-09-22
SUCCO ZERO ZUCCHERI AGGIUNTI,500ML,BEVANDE,2025-08-26,2025-09-08
SUCCOSO ZERO ZUCCHERI AGGIUNTI SAN BENDETTO,1LT,BEVANDE,2024-08-27,2024-09-09
SUGGOZERO SAN BENEDETTO,400ML,BEVANDE,2024-10-08,2024-10-21
SUSUMNIELLO SALENTO IGT,750ML,BEVANDE,2026-04-21,2026-05-04
TERCINE SICILIANE IGR GRILLO,750ML,BEVANDE,2024-09-24,2024-10-07
TERRE SICILIANE IGT GRILLO,750ML,BEVANDE,2025-10-07,2025-10-20
THÉ,1.5LT,BEVANDE,2025-07-29,2025-08-11
THÉ SÓRSI PESCA LIMONE,1.5LT,BEVANDE,2024-07-16,2024-07-29
THÉ ZERO ZUCCHERI,1.5LT,BEVANDE,2025-07-29,2025-08-11
TREBBIANO ROMAGNA DOC,750ML,BEVANDE,2025-07-15,2025-07-28
"TÈ SOLUBILE EVERTON LIMONE, PESCA",105G,BEVANDE,2024-07-30,2024-08-12
VERMENTINO DI SARDEGNA DOC,750ML,BEVANDE,2024-08-13,2024-08-26
VERMENTINO SARDEGNA DOC,750ML,BEVANDE,2025-08-12,2025-08-25
VERMENTINO TERRE SICILIANE IGT,750ML,BEVANDE,2025-10-07,2025-10-20
VIN DE BORDEAUX LAVERGNE,750ML,BEVANDE,2024-12-17,2024-12-31
VIN MOUSSEUX BLANCS DE BLANCS BRUT MAGNUM,1.5LT,BEVANDE,2024-12-17,2024-12-31
VINI NET,750ML,BEVANDE,2025-08-26,2025-09-08
VINO BIANCO BRIK,250MLX3,BEVANDE,2024-03-12,2024-03-18
VINO BIANCO CASTELLI ROMANI DOC,750ML,BEVANDE,2026-02-24,2026-03-09
VINO BIANCO FRIZZANTE AMABILE,1.5LT,BEVANDE,2026-05-05,2026-05-18
"VINO BIANCO, ROSSO",750ML,BEVANDE,2026-06-02,2026-06-15
VINO DA TAVOLA,5LT,BEVANDE,2024-08-27,2024-09-09
VINO DOC,750ML,BEVANDE,2026-03-24,2026-04-06
VINO DOC BARBERA,750ML,BEVANDE,2023-12-05,2023-12-18
VINO DOC CAPETTA,750ML,BEVANDE,2024-12-17,2024-12-31
VINO DOC CAPETTA CORTESE DELL'ALTO MONFERRATO CHARETTO,750ML,BEVANDE,2024-05-21,2024-06-03
VINO DOC CAPETTA DOLCETTO D'ACQUI,750ML,BEVANDE,2024-04-16,2024-04-22
VINO DOC DOLETTO D'ACQUI BARBERA,750ML,BEVANDE,2025-04-08,2025-04-21
VINO DOC MONFERRATO CHARETTO,750ML,BEVANDE,2026-02-24,2026-03-09
VINO DOC MONFERRATO CHIGI,750ML,BEVANDE,2025-03-25,2025-04-07
VINO FRIZZANTE,750ML,BEVANDE,2026-03-24,2026-04-06
VINO FRIZZANTE BIANCO ROSATO,750ML,BEVANDE,2026-04-07,2026-04-20
VINO FRIZZANTE ROSATO,750ML,BEVANDE,2024-05-07,2024-05-20
VINO FRIZZANTINO,1.5LT,BEVANDE,2024-10-22,2024-11-04
VINO GUTTURNIO DOC,750ML,BEVANDE,2026-02-10,2026-02-23
VINO MÜLLER THURGAU,750ML,BEVANDE,2024-09-10,2024-09-23
VINO ROS CAPETTA,750ML,BEVANDE,2024-07-30,2024-08-12
VINO ROSSO,750ML,BEVANDE,2024-02-27,2024-03-11
VINO ROSSO NONFERMENTATO,750ML,BEVANDE,2025-07-01,2025-07-14
VINO ROSÉ VENETO IGT,750ML,BEVANDE,2024-08-27,2024-09-09
VINO SPUMANTE BRUT ROSÉ,750ML,BEVANDE,2025-12-16,2025-12-31
VINO VERONA 1GT VILLA ANNONE,750ML,BEVANDE,2025-09-09,2025-09-22
VODKA JANOKA,700ML,BEVANDE,2025-07-29,2025-08-11
WHISKY LABEL 5,700ML,BEVANDE,2025-12-02,2025-12-15
BENESSERE TWININGS,18FILTRI,CAFFE,2026-05-19,2026-06-01
BEVANDA FREDDA CAFFÈLATTE ESPRESSO,230ML,CAFFE,2024-06-18,2024-07-01
CAFFE CHICCO D'ORO TRADITION,250G,CAFFE,2026-01-27,2026-02-09
CAFFE IN CAPSULE,56G,CAFFE,2025-01-28,2025-02-10
CAFFÈ,250G,CAFFE,2025-04-22,2025-05-05
CAFFÈ BAR CASA ESPRESSO,250G,CAFFE,2025-06-03,2025-06-16
"CAFFÈ COVIM ARABICO, BRISO",208G,CAFFE,2024-07-16,2024-07-29
"CAFFÈ COVIM PRESSO: BROSSO, ARMONICO",165G,CAFFE,2025-02-25,2025-03-10
CAFFÈ COVIN PREMIUM,250G,CAFFE,2024-10-08,2024-10-21
CAFFÈ CREMA E GUSTO LAVAZZA,440G,CAFFE,2026-05-05,2026-05-18
CAFFÈ DEK LAVAZZA,250G,CAFFE,2026-05-19,2026-06-01
CAFFÈ DEK LAVAZZA CLASSICO,250G,CAFFE,2024-07-30,2024-08-12
CAFFÈ DIVERSI TIPI,N/D,CAFFE,2025-08-26,2025-09-08
CAFFÈ ESPRESSO,250G,CAFFE,2025-09-23,2025-10-06
CAFFÈ ESPRESSO BAR L'AROMA DEL CAFFÈ,350G,CAFFE,2026-01-02,2026-01-12
CAFFÈ ESPRESSO CASA SEGAFREDO,250G,CAFFE,2025-05-06,2025-05-19
CAFFÈ ESPRESSO SEGAFREDO,50PZ,CAFFE,2024-05-07,2024-05-20
CAFFÈ GUSTO PIÙ COVIM,12PZ,CAFFE,2025-10-21,2025-11-03
CAFFÈ GUSTOSO,250G,CAFFE,2026-06-02,2026-06-15
CAFFÈ IN CAPSULE SEGAFREDO,255G,CAFFE,2025-07-29,2025-08-11
CAFFÈ IN CIALDE ESPRESSO CASA SEGAFREDO,350G,CAFFE,2026-01-02,2026-01-12
CAFFÈ IN GRANI,1KG,CAFFE,2024-04-23,2024-05-06
CAFFÈ IN GRANI CHICCO D'ORO,1KG,CAFFE,2026-04-07,2026-04-20
CAFFÈ IN GRANI PIGAO,1KG,CAFFE,2024-06-18,2024-07-01
CAFFÈ INTERMEZZO SAFREDDO,250G,CAFFE,2025-10-21,2025-11-03
CAFFÈ LAVAZZA QUALITA ROSSA,250G,CAFFE,2024-07-30,2024-08-12
CAFFÈ NERO NOBILE CLASSICO,560G,CAFFE,2025-01-03,2025-01-13
CAFFÈ ORA COVIM,208G,CAFFE,2025-11-18,2025-12-01
CAFFÈ ORO DI NAPOLI,350G,CAFFE,2025-01-14,2025-01-27
CAFFÈ PRESSO COVIN,30CAPS,CAFFE,2025-10-07,2025-10-20
CAFFÈ PRESSÒ COVIM,165G,CAFFE,2024-06-18,2024-07-01
CAFFÈ QUALITÀ ROSSA LAVAZZA,250G,CAFFE,2026-05-19,2026-06-01
CAFFÈ SEGAFREDO,25S,CAFFE,2026-03-10,2026-03-23
CAMOMILLA BIO EVERTON,40FILTRI,CAFFE,2026-02-10,2026-02-23
CAMOMILLA CON MELATONINA SOGNI D'ORO,64G,CAFFE,2024-11-19,2024-12-02
CAMOMILLA CON MELATONINA SOGNIDORO,16BUSTINE,CAFFE,2026-04-21,2026-05-04
CAMOMILLA MELATONINA SOGNI D'ORO,16PZ,CAFFE,2025-11-18,2025-12-01
CAMOMILLA SETACCIATA,26G,CAFFE,2024-04-02,2024-04-15
CAMOMILLA SETACCIATA BONOMELLI,28G,CAFFE,2025-11-04,2025-11-17
CAPSULE ARABICA CLASSICO,56PZ,CAFFE,2024-01-16,2024-01-29
CAPSULE CAFFÈ COVIN ORA,50PZ,CAFFE,2024-04-23,2024-05-06
CAPSULE COMPATIBILI CON MACCHINE NESPRESSO,55G,CAFFE,2024-01-30,2024-02-12
CAPSULE LAVAZZA,17G,CAFFE,2026-04-21,2026-05-04
CAPSULE LAVAZZA A MODO MIO,270G,CAFFE,2026-04-07,2026-04-20
CAPSULE LAVAZZA A MODO MIO PASSIONALE QUALITA ROSSA,36CAPSULE,CAFFE,2024-07-30,2024-08-12
CAPSULE LAVAZZA AROMATICO,270G,CAFFE,2026-06-02,2026-06-15
CAPSULE LAVAZZA SUERTE,270G,CAFFE,2023-12-05,2023-12-18
CAPSULE NESCAFÉ DOLCE GUSTO,390G,CAFFE,2025-09-09,2025-09-22
CAPSULE PER CAFFÈ CLASSICO,100CAPS,CAFFE,2024-06-04,2024-06-17
CAPSULE PER CAFFÈ PRESSO COVIN,10PZ,CAFFE,2025-11-04,2025-11-17
CAPSULE SEGAFREDO CLASSICO,255G,CAFFE,2026-05-19,2026-06-01
CIALDE CRASTAN ESPRESSO,18CIALDE,CAFFE,2025-10-07,2025-10-20
CICORIA BIO RISTORA,250G,CAFFE,2025-06-17,2025-06-30
CICORIA SOLUBILE CRASTAN,100G,CAFFE,2025-06-03,2025-06-16
FRIZZI COFFEE,200ML,CAFFE,2025-08-26,2025-09-08
INFUSE FREDDO TWININGS,25G,CAFFE,2025-06-17,2025-06-30
INFUSE TWININGS,25G,CAFFE,2024-05-21,2024-06-03
INFUSI BIO EVERTON,40FILTRI,CAFFE,2025-10-07,2025-10-20
INFUSO CAMOMILLA E FINOCCHIO,20FILTRI,CAFFE,2024-12-03,2024-12-16
MACCHINA DEL CAFFÈ AKAI,N/D,CAFFE,2025-09-09,2025-09-22
NESCAFE DOLCE GUSTO ESPRESSO,60PZ,CAFFE,2024-08-27,2024-09-09
NESCAFE DOLCE GUSTO XS DELONGHI,N/D,CAFFE,2024-08-27,2024-09-09
ORZO & CAFFÈ,120G,CAFFE,2025-03-11,2025-03-24
ORZO BIO CRASTAN SOLUBILE,125G,CAFFE,2026-02-10,2026-02-23
ORZO BIO SOLUBILE,100G,CAFFE,2025-06-17,2025-06-30
ORZO NESTLÈ,120G,CAFFE,2025-11-18,2025-12-01
ORZO PLUS CRASTAN,35G,CAFFE,2025-01-14,2025-01-27
ORZO SOLUBILE,200G,CAFFE,2025-04-22,2025-05-05
ORZOPLUS CRISTAN,25G,CAFFE,2024-10-22,2024-11-04
PORTACAPSULE COMPATIBILE NESPRESSO,40PZ,CAFFE,2024-08-27,2024-09-09
SOLUBILE,500G,CAFFE,2025-09-09,2025-09-22
STAR TEA,25FILTRI,CAFFE,2024-04-16,2024-04-22
STAR TEA DETEINATO,25FILTRI,CAFFE,2024-10-08,2024-10-21
TAZZA CON CUCCHIAINO,420ML,CAFFE,2025-11-18,2025-12-01
TE VERDE,30G,CAFFE,2026-03-10,2026-03-23
TEA STAR CLASSICO,25FILTRI,CAFFE,2026-01-27,2026-02-09
TEA TWININGS,40G,CAFFE,2026-05-05,2026-05-18
TISANA,20FILTRI,CAFFE,2025-01-28,2025-02-10
TISANA BENESSERE TWININGS,18FIL,CAFFE,2025-12-16,2025-12-31
TISANA GOLD BUSH+,20FILTRI,CAFFE,2024-03-12,2024-03-18
TÈ BVO ERVENT,40FILTRI,CAFFE,2024-10-08,2024-10-21
TÈ ENGLISH BREAKFAST,20FILTRI,CAFFE,2026-01-13,2026-01-26
TÈ GOLD BUSH,N/D,CAFFE,2024-01-30,2024-02-12
TÈ NERO AROMATIZZATO TWININGS,40F,CAFFE,2024-04-23,2024-05-06
TÈ NERO DETEINATO TWININGS,4LT,CAFFE,2025-01-14,2025-01-27
TÈ NERO TWININGS,40G,CAFFE,2025-01-03,2025-01-13
TÈ NERO YELLOW LABEL LIPTON,150G,CAFFE,2026-03-10,2026-03-23
TÈ TWININGS,40G,CAFFE,2025-11-04,2025-11-17
TÈ VERDE EVERTON,40FILTRI,CAFFE,2026-05-19,2026-06-01
TÈ VERDE TWININGS,40G,CAFFE,2026-02-24,2026-03-09
'NDUJA PICCANTE,200G,CARNE,2026-04-21,2026-05-04
10 HAMBURGER,750G,CARNE,2026-01-13,2026-01-26
3 FETTE DI COTECHINO,300G,CARNE,2025-01-28,2025-02-10
4 HAMBURGER,320G,CARNE,2025-03-11,2025-03-24
AFFETTATI,N/D,CARNE,2024-07-30,2024-08-12
AFFETTATI EKOM,100G,CARNE,2024-07-16,2024-07-29
AFFETTATI VEGETALI I STUPPER,80G,CARNE,2025-09-23,2025-10-06
AFFETTATI VEGETALI STUFFER,80G,CARNE,2026-04-07,2026-04-20
ALI DI POLLO BARBECUE,1KG,CARNE,2026-02-10,2026-02-23
ALI DI POLLO INTERE,1KG,CARNE,2024-01-30,2024-02-12
ANTIPASTO EMILIANO EKOM,125G,CARNE,2024-07-16,2024-07-29
ARISTA CON OSSO CON PANCETTA,1KG,CARNE,2025-04-08,2025-04-21
ARISTA CON PANCETTA,1KG,CARNE,2024-03-19,2024-04-01
ARISTA DI MAIALE,1KG,CARNE,2026-03-10,2026-03-23
ARISTA REGINA CON OSSO,1KG,CARNE,2024-12-17,2024-12-31
ARROSTICINI DI OVINO,660G,CARNE,2026-04-21,2026-05-04
ARROSTO DI FESA DI TACCHINO,1KG,CARNE,2025-12-02,2025-12-15
ARROSTO DI SOTTO FILETTO DI BOVINO ADULTO,1KG,CARNE,2025-12-16,2025-12-31
ASADO DI BOVINO ADULTO,1KG,CARNE,2026-04-21,2026-05-04
ASADO PER GRIGLIA,1KG,CARNE,2025-05-06,2025-05-19
BACON,100G,CARNE,2026-05-19,2026-06-01
BACON PARCHETTA TESA,N/D,CARNE,2026-05-19,2026-06-01
BASTONCINI DI SPECK ALTO ADIGE IGP,70G,CARNE,2024-05-07,2024-05-20
BEEF JERKY,25G,CARNE,2024-04-23,2024-05-06
BIRAGHINI BIRAGHINI,400G,CARNE,2026-01-27,2026-02-09
BIRAGHINI GRAN BIRAGHI,400G,CARNE,2025-01-14,2025-01-27
BOCCONCINI DI POLLO,1KG,CARNE,2026-05-19,2026-06-01
BOLLITO CON OSSO DI BOVINO ADULTO,1KG,CARNE,2025-11-04,2025-11-17
BOLLITO MAGRO DI BOVINO ADULTO,1KG,CARNE,2025-11-18,2025-12-01
BOLLITO MISTO,1KG,CARNE,2024-12-17,2024-12-31
BOVINO ADULTO,1KG,CARNE,2025-01-14,2025-01-27
BRACIOLE DI MAIALE,1KG,CARNE,2025-11-18,2025-12-01
BRACIOLE DI SUINO,1KG,CARNE,2026-05-19,2026-06-01
BRACIOLE DI SUINO CONFEZIONE RISPARMIO,1KG,CARNE,2024-06-04,2024-06-17
BRESAOLA,80G,CARNE,2026-04-07,2026-04-20
BRESAOLA DI TACCHINO,N/D,CARNE,2024-05-07,2024-05-20
BRESAOLA DI TACCHINO RIGAMONTI,100G,CARNE,2026-05-19,2026-06-01
BRESAOLA PUNTA D ANCA IGP RIGAMONTI,N/D,CARNE,2024-03-19,2024-04-01
BRESAOLA PUNTA D'ANCA IGP MONT I,100G,CARNE,2024-01-30,2024-02-12
BRESAOLA PUNTA D'ANCA IGP RIGAMONTI,100G,CARNE,2026-01-27,2026-02-09
BRESAOLA SOTTOFESA,100G,CARNE,2025-12-02,2025-12-15
BRESAOLA VALTELLINA IGP RIGAMONTI,80G,CARNE,2026-04-21,2026-05-04
BURGER 100% VEGETALE UNCONVENTIONAL,N/D,CARNE,2026-05-19,2026-06-01
BURGER VEGETARIANO,200G,CARNE,2025-03-25,2025-04-07
BURGER VEGETARIANO VALSOIA,752G,CARNE,2024-10-08,2024-10-21
CARNE LESSATA,90G,CARNE,2026-06-02,2026-06-15
CARNE MONTANA,140G,CARNE,2025-08-26,2025-09-08
CARNE SIMMENTHAL,90GX6,CARNE,2025-07-15,2025-07-28
CARPACCIO DI BOVINO ADULTO,1KG,CARNE,2026-04-21,2026-05-04
CARPACCIO DI BRESAOLA,100G,CARNE,2026-06-02,2026-06-15
CARPACCIO DI BRESOLA PUNTA D'ANCA RIGAMONTI,90G,CARNE,2026-04-07,2026-04-20
CARPACCIO DI IRRESALA PURA D'ANCA RIGAMONTI,90G,CARNE,2024-12-03,2024-12-16
CONFEZIONI EKOM PROSCIUTTO CRUDO E SCAMORZA BIANCA,100G,CARNE,2025-07-15,2025-07-28
CONIGLIO,1KG,CARNE,2026-06-02,2026-06-15
CONIGLIO INTERO,1KG,CARNE,2024-11-19,2024-12-02
CONIGLIO INTERO A PEZZI,1KG,CARNE,2025-12-16,2025-12-31
COPPA,N/D,CARNE,2026-03-24,2026-04-06
COPPA DEL NONNO,390G,CARNE,2025-02-25,2025-03-10
COPPA DI SUINO A FETTE SENZA OSSO,1KG,CARNE,2025-09-23,2025-10-06
COPPA DI SUINO CON OSSO,1KG,CARNE,2026-04-21,2026-05-04
COPPA DI SUINO PER ARROSTO,1KG,CARNE,2025-06-17,2025-06-30
CORDON BLEU AIA,240G,CARNE,2025-11-18,2025-12-01
CORDON BLEU AIA CLASSICI,240G,CARNE,2026-05-05,2026-05-18
COSCHIOTTI DI POLLO CONFEZIONE FAMIGLIA,1KG,CARNE,2026-05-05,2026-05-18
COSCIA DI MAIALE A FETTE,1KG,CARNE,2026-05-05,2026-05-18
COSCIA DI SUINO CON OSSO A TRANCI,1KG,CARNE,2025-10-21,2025-11-03
COSCIA DI TACCHINO,1KG,CARNE,2024-11-19,2024-12-02
COSCIOTTI DI POLLO,N/D,CARNE,2026-04-07,2026-04-20
COSCIOTTO DI POLLO PORZIONATO,1KG,CARNE,2024-01-02,2024-01-15
COSCIOTTO DI TACCHINO,1KG,CARNE,2025-02-25,2025-03-10
COSCOTTE DI POLLO,1KG,CARNE,2025-09-23,2025-10-06
COSTATA,1KG,CARNE,2025-02-25,2025-03-10
COSTATE DI BOVINO ADULTO,1KG,CARNE,2026-02-24,2026-03-09
COSTINE DI SUINO,1KG,CARNE,2026-05-19,2026-06-01
COTECHINO,3FETTE,CARNE,2024-12-03,2024-12-16
COTECHINO COTTO,500G,CARNE,2025-11-18,2025-12-01
COTECHINO COTTO DI MODENA IGP,500G,CARNE,2025-12-16,2025-12-31
COTECHINO MODENA IGP,500G,CARNE,2024-10-22,2024-11-04
COTOLETTA VEGETARIANA,200G,CARNE,2025-03-25,2025-04-07
COTOLETTE DI POLLO,280G,CARNE,2025-09-09,2025-09-22
COTOLETTE DI POLLO AIA,280G,CARNE,2026-02-24,2026-03-09
CUBETTI DI GUANCIALE,100G,CARNE,2025-02-25,2025-03-10
CUCCHIONE AL GIDA,480G,CARNE,2025-09-09,2025-09-22
CULATTA CON COTENNA,N/D,CARNE,2026-03-24,2026-04-06
DADINI DI PANCETTA,80GX2,CARNE,2025-01-28,2025-02-10
DURANGO AIA ALLETTE DI POLLO,600G,CARNE,2025-05-06,2025-05-19
DURANGO ALETTE DI POLLO ARROSTO,600G,CARNE,2026-05-19,2026-06-01
FESA DI MANZO,N/D,CARNE,2024-03-19,2024-04-01
FESA DI MANZO COTTO,100G,CARNE,2024-05-21,2024-06-03
FESA DI MANZO SENFTER,100G,CARNE,2025-12-02,2025-12-15
FESA DI TACCHINO A FETTE,1KG,CARNE,2025-07-01,2025-07-14
FESA DI TACCHINO META/INTERA,1KG,CARNE,2025-11-04,2025-11-17
FETTE DI COTECCHINO SENZA GLUTINE,100G,CARNE,2026-01-13,2026-01-26
FETTINA DI REALE DI BOVINO ADULTO,1KG,CARNE,2026-01-27,2026-02-09
FETTINE IMPANATE DI POLLO,1KG,CARNE,2025-11-04,2025-11-17
FETTINE IMPANATE DI SUINO,1KG,CARNE,2025-10-21,2025-11-03
FETTINE PER GRIGLIA DI BOVINO ADULTO,1KG,CARNE,2026-05-05,2026-05-18
FETTINE SCELTISSIME DI BOVINO ADULTO,1KG,CARNE,2026-06-02,2026-06-15
FILETTI DI POLLO CON PATATE,450G,CARNE,2026-03-10,2026-03-23
FILETTO DI SUINO,1KG,CARNE,2025-08-12,2025-08-25
FRESCA SALUMERIA BERETTA,N/D,CARNE,2025-10-07,2025-10-20
FUSELLI DI POLLO,1KG,CARNE,2026-03-24,2026-04-06
FUSI DI POLLO,1KG,CARNE,2026-01-27,2026-02-09
FUSI E SOVRASCOSE DI POLLO,1KG,CARNE,2025-10-07,2025-10-20
GALLINA,1KG,CARNE,2026-01-02,2026-01-12
GRIGLIATA MISTA DI SUINO,1KG,CARNE,2025-08-12,2025-08-25
GUANCIALE A CURETTI S. PASINI,600G,CARNE,2026-01-02,2026-01-12
GUANCIALE IN PETALI,100G,CARNE,2024-02-13,2024-02-26
HAMBURGER,320G,CARNE,2026-04-07,2026-04-20
HAMBURGER CON PROSCIUTTO COTTO TENERONI,75X4,CARNE,2025-05-20,2025-06-02
HAMBURGER CON PROSCIUTTO E COTTO TENERONI GRAN TERRE,750G,CARNE,2025-12-02,2025-12-15
HAMBURGER DI BOVINO,320G,CARNE,2025-05-20,2025-06-02
HAMBURGER DI BOVINO ADULTO,1KG,CARNE,2026-05-19,2026-06-01
HAMBURGER DI BOVINO TASTY BOOM,200G,CARNE,2026-05-19,2026-06-01
HAMBURGER DI PURO SUINO,1KG,CARNE,2026-05-19,2026-06-01
HAMBURGER DI SUINO,1KG,CARNE,2025-02-11,2025-02-24
IMPANATE DI POLLO,1KG,CARNE,2024-02-13,2024-02-26
IMPANATE DI SUINO,1KG,CARNE,2024-01-16,2024-01-29
INSALATA DI POLLO SIMMENTHAL,90GX6,CARNE,2025-07-15,2025-07-28
KEBAB DI POLLO,500G,CARNE,2025-06-03,2025-06-16
KEBAB DI POLLO E TACCHINO AIA,300G,CARNE,2025-10-07,2025-10-20
L'ABC DELLA MERENDA TENERONI,N/D,CARNE,2024-01-02,2024-01-15
L'ABC DELLA MERENDA TENERONI GRAN TERE,N/D,CARNE,2026-01-02,2026-01-12
L'ORIGINALE CUCCIONE AL LIGO CLASSICO,480G,CARNE,2025-12-02,2025-12-15
LE PROSCIUTTINE,75GX2,CARNE,2026-03-10,2026-03-23
"LE PROSCIUTTINE CLASSICHE, FORMAGGIO",70GX2,CARNE,2025-07-29,2025-08-11
LONZA A FETTE,1KG,CARNE,2024-03-12,2024-03-18
LONZA DI SUINO,1KG,CARNE,2024-01-02,2024-01-15
LONZA DI SUINO A FETTE,N/D,CARNE,2026-04-07,2026-04-20
LONZA NAZIONALE A TRANCI,1KG,CARNE,2026-06-02,2026-06-15
MACINATA DI SUINO FORMATO FAMIGLIA,1KG,CARNE,2026-03-10,2026-03-23
MACINATA MAGRA,1KG,CARNE,2025-07-15,2025-07-28
MACINATA MISTA BOVINO ADULTO/SUINO,1KG,CARNE,2024-01-02,2024-01-15
MACINATA MISTA BOVINO E SUINO,1KG,CARNE,2023-12-05,2023-12-18
MACINATA MISTA BOVINO/MAIALE,1KG,CARNE,2026-01-13,2026-01-26
MACINATA MISTA DI BOVINO ADULTO E SUINO,1KG,CARNE,2025-03-11,2025-03-24
MACINATA PER RAGÙ DI SUINO E BOVINO ADULTO,1KG,CARNE,2024-08-27,2024-09-09
MACINATA PER RAGÙ DI VEDI E BOVINO,1KG,CARNE,2025-08-26,2025-09-08
MACINATA SCELTA,1KG,CARNE,2025-12-02,2025-12-15
MANDOLINO CULATTA,N/D,CARNE,2024-09-24,2024-10-07
MANDOLINO CULATTA CON COTENNA,N/D,CARNE,2024-06-04,2024-06-17
MANZO COTTO SENFTER,N/D,CARNE,2026-03-24,2026-04-06
MANZOTIN,90GX6,CARNE,2025-07-29,2025-08-11
MINI HAMBURGER CON PATATE GRIGLIATE,450G,CARNE,2025-01-28,2025-02-10
MORTADELLA,100G,CARNE,2026-01-13,2026-01-26
MORTADELLA BELLETTI,100G,CARNE,2026-06-02,2026-06-15
MORTADELLA BOLOGNA IGP,N/D,CARNE,2024-01-16,2024-01-29
MORTADELLA BOLOGNA IGP BERETTA,90G,CARNE,2026-05-19,2026-06-01
MORTADELLA BOLOGNA IGP COMPAGNI,N/D,CARNE,2026-03-24,2026-04-06
MORTADELLA BOLOGNA IGP CON PISTACCHI,100G,CARNE,2026-05-05,2026-05-18
MORTADELLA BOLOGNA IGP FRESCA SALUMERIA BERETTA,80G,CARNE,2026-02-10,2026-02-23
MORTADELLA CUOR DI PAESE IBIS,100G,CARNE,2025-02-11,2025-02-24
MORTADELLA CUOR DI PAESE IBIS CON PISTACCHI,N/D,CARNE,2026-01-02,2026-01-12
MORTADELLA FARCITA AL PROSCIUTTO,1KG,CARNE,2026-04-21,2026-05-04
MORTADELLA INTERA,150G,CARNE,2026-04-21,2026-05-04
MORTADELLA SENZA PISTACCHI,100G,CARNE,2026-06-02,2026-06-15
MORTADELLINA INTERA PURO SUINO,150G,CARNE,2024-05-07,2024-05-20
NUGGETS DI POLLO AIA,260G,CARNE,2026-04-07,2026-04-20
NUGGETS ORIGINAL ISLA DELICE,400G,CARNE,2025-12-02,2025-12-15
OMOGENEIZZATI DI CARNE,80GX3,CARNE,2025-01-28,2025-02-10
OMOGENEIZZATI DI CARNE NIPIOL,80GX3,CARNE,2026-03-10,2026-03-23
OMOGENEIZZATI DI CARNE PLASMON,80GX2,CARNE,2025-02-11,2025-02-24
PANCETTA A CUBETTI,100G,CARNE,2025-08-26,2025-09-08
PANCETTA A CUBETTI AFFUMICATA DOLCE,100G,CARNE,2024-08-27,2024-09-09
PANCETTA A CUBETTI BERETTA,100G,CARNE,2026-06-02,2026-06-15
PANCETTA DOLCE AFFUMICATA,80G,CARNE,2026-01-13,2026-01-26
PATÈ DI CARNE,200G,CARNE,2026-05-19,2026-06-01
PATÉ DI CARNI BOVINE E SUINE,200G,CARNE,2024-09-24,2024-10-07
PETTO DI POLLO A FETTE,1KG,CARNE,2026-02-10,2026-02-23
PETTO DI POLLO GRIGLIATO IN GELATINA,140G,CARNE,2024-06-04,2024-06-17
PETTO DI POLLO IMPANATO,1KG,CARNE,2026-02-24,2026-03-09
PETTO DI POLLO INTERO CONFEZIONE FAMIGLIA,1KG,CARNE,2026-05-05,2026-05-18
PETTO DI TACCHINO ARROSTO,100G,CARNE,2024-10-22,2024-11-04
PETTO POLLO INTERO,1KG,CARNE,2024-01-16,2024-01-29
POLLO APERTO,1KG,CARNE,2025-01-28,2025-02-10
POLLO PER GRIGLIA,1KG,CARNE,2025-08-12,2025-08-25
POLLO PER GRILL,1KG,CARNE,2025-03-25,2025-04-07
POLLO RIPIENO,1KG,CARNE,2024-12-17,2024-12-31
POLPA DI BOVINO ADULTO,1KG,CARNE,2024-05-21,2024-06-03
POLPA DI BOVINO ADULTO PER ROAST BEEF,1KG,CARNE,2025-09-09,2025-09-22
POLPA DI BOVINO ADULTO PER ROASTBEEF,1KG,CARNE,2025-06-03,2025-06-16
POLPA PER BRASATO E STRACOTTI DI BOVINO ADULTO,1KG,CARNE,2025-01-28,2025-02-10
POLPA PER BRASATO/STRACOTTI,1KG,CARNE,2024-01-30,2024-02-12
POLPETTE DA SUGO MISTO DI BOVINO ADULTO E SUINO,1KG,CARNE,2025-02-25,2025-03-10
POLPETTINE DI CARNE BOVINA,500G,CARNE,2025-09-23,2025-10-06
POLPETTINE DI CARNE BOVINA AMICA NATURA,500G,CARNE,2026-06-02,2026-06-15
PORCHETTA AL FORNO BERETTA,100G,CARNE,2026-05-19,2026-06-01
PORCHETTA DI MONTAGNA SENFTER,100G,CARNE,2025-02-25,2025-03-10
PROSCIUTTO BERETTA,100G,CARNE,2026-05-19,2026-06-01
PROSCIUTTO COTTO,100G,CARNE,2026-01-13,2026-01-26
PROSCIUTTO COTTO ALTA QUALITÀ GRAN BISCOTTO ROVAGNATI,100G,CARNE,2026-05-05,2026-05-18
PROSCIUTTO COTTO ALTA QUALITÀ GRAN TEHORENE CASA MODENA,N/D,CARNE,2025-01-28,2025-02-10
PROSCIUTTO COTTO ALTA QUALITÀ GRAN TENERONE,N/D,CARNE,2026-04-07,2026-04-20
PROSCIUTTO COTTO ALTA QUALITÀ NAZIONALE LENTI,100G,CARNE,2026-05-19,2026-06-01
PROSCIUTTO COTTO ALTA QUALITÀ PRIMULA RIGAMONTI,100G,CARNE,2025-10-21,2025-11-03
PROSCIUTTO COTTO ALTA QUALITÀ RICAFETTA RASPINI,1KG,CARNE,2026-04-21,2026-05-04
PROSCIUTTO COTTO BELLETTI,100G,CARNE,2026-06-02,2026-06-15
PROSCIUTTO COTTO DI ALTA QUALITÀ ROVAGNATI,180G,CARNE,2025-09-09,2025-09-22
PROSCIUTTO COTTO NAZIONALE,100G,CARNE,2025-10-07,2025-10-20
PROSCIUTTO COTTO NAZIONALE ALTO PRATO,100G,CARNE,2026-03-10,2026-03-23
PROSCIUTTO COTTO RICCAFETTA RASPINI,100G,CARNE,2025-09-23,2025-10-06
PROSCIUTTO COTTO ROVAGNATI,180G,CARNE,2026-04-07,2026-04-20
PROSCIUTTO COTTO SCELTO CUOR GUSTO LENTI,100G,CARNE,2026-06-02,2026-06-15
PROSCIUTTO COTTO SGRASSATO PROSCIUTTINO,500G,CARNE,2025-06-03,2025-06-16
PROSCIUTTO CRUDO,80G,CARNE,2026-06-02,2026-06-15
PROSCIUTTO CRUDO FRESCA SALUMERIA BERETTA,80G,CARNE,2026-02-10,2026-02-23
PROSCIUTTO CRUDO NAZIONALE,100G,CARNE,2026-06-02,2026-06-15
"PROSCIUTTO CRUDO, SPECK, COPPA",80G,CARNE,2024-09-24,2024-10-07
PROSCIUTTO DI PARMA DOP 16 MESI,100G,CARNE,2026-01-13,2026-01-26
PROSCIUTTO DI PARNA DOP,100G,CARNE,2026-05-19,2026-06-01
PROSCIUTTO SAN DANIELE DOP,100G,CARNE,2026-05-05,2026-05-18
ROLATINE DI POLLO,1KG,CARNE,2026-01-27,2026-02-09
ROLLATA DI TACCHINO,1KG,CARNE,2025-12-16,2025-12-31
RUSTICHELLE DI POLLO,1KG,CARNE,2026-06-02,2026-06-15
RUSTICHELLE DI POLLO PER GRIGLIA,1KG,CARNE,2025-09-23,2025-10-06
SAIKENBON STAR,60G,CARNE,2024-02-27,2024-03-11
SALAME AL CIOCCOLATO,250G,CARNE,2026-04-07,2026-04-20
SALAME CRESPONE,100G,CARNE,2024-03-12,2024-03-18
SALAME FELINO IGP,100G,CARNE,2026-05-05,2026-05-18
SALAME GENTILE,N/D,CARNE,2025-03-25,2025-04-07
SALAME GENTILE DELLA ROSA,N/D,CARNE,2026-04-07,2026-04-20
SALAME GENTILE DELLA ROSA GRAN CRUDO,100G,CARNE,2025-02-11,2025-02-24
SALAME GRANMAGRO,N/D,CARNE,2024-06-04,2024-06-17
SALAME GRANNAGRO CASA MODENA,100G,CARNE,2025-04-08,2025-04-21
SALAME GRANNAGRO GRAN TERRE,N/D,CARNE,2026-03-24,2026-04-06
SALAME LO STROLGHINO,N/D,CARNE,2023-12-05,2023-12-18
SALAME MILANO BERETTA,70G,CARNE,2026-05-19,2026-06-01
SALAME MILANO FRESCA SALUMERIA BERETTA,70G,CARNE,2026-02-10,2026-02-23
SALAME MILANO RASPINI,1KG,CARNE,2026-04-21,2026-05-04
SALAME PIACENTINO DOP,100G,CARNE,2026-05-19,2026-06-01
SALAMELLE DI MAIALE,1KG,CARNE,2026-01-27,2026-02-09
SALAMELLE DI SUINO,1KG,CARNE,2026-05-19,2026-06-01
SALAMINI BERETTA CLASSICO,85G,CARNE,2026-04-07,2026-04-20
SALAMINO CACCIATORE DOP,160G,CARNE,2026-04-21,2026-05-04
SALSICCIA DI MAIALE,1KG,CARNE,2026-01-02,2026-01-12
SALSICCIA DI POLLO,1KG,CARNE,2026-05-05,2026-05-18
SALSICCIA DI SUINO,1KG,CARNE,2026-04-21,2026-05-04
SALSICCIA PICCANTE,150G,CARNE,2026-05-05,2026-05-18
SALSICCIA PICCANTE A FETTE,80G,CARNE,2025-06-17,2025-06-30
SALUMI,N/D,CARNE,2023-12-19,2023-12-31
"SALUMI - SALAME, MILANO, UNGHERESE - PANCETTA",300G,CARNE,2024-10-22,2024-11-04
SALUMI AFFETTATI,N/D,CARNE,2024-03-12,2024-03-18
SALUMI AFFETTATI PROSCIUTTO COTTO AFFUMICATO PRAGA / SPECK ALTO ADIGE IGP,100G,CARNE,2024-05-07,2024-05-20
SALUMI ANTICA CORTE,N/D,CARNE,2025-09-23,2025-10-06
SALUMI BELLETTI,N/D,CARNE,2025-12-02,2025-12-15
SALUMI EKOM,100G,CARNE,2025-06-17,2025-06-30
SALUMI EKOM DIVERSI TIPI,100G,CARNE,2025-08-26,2025-09-08
SALUMI LIGHT,100G,CARNE,2026-04-07,2026-04-20
SALUMI SEMTER,N/D,CARNE,2026-02-10,2026-02-23
SALUMI SENFTER,100G,CARNE,2025-12-16,2025-12-31
SALUMI SENNETTER,N/D,CARNE,2025-04-08,2025-04-21
SALUMI SPECK,80G,CARNE,2025-10-21,2025-11-03
SCALOPPINE DI BOVINO ADULTO,1KG,CARNE,2025-08-12,2025-08-25
SFILACCI DI BRESAOLA,60G,CARNE,2026-05-19,2026-06-01
SFILACCI DI BRESSOLA VIAGGIO NEL GUSTO,60G,CARNE,2025-09-09,2025-09-22
SIMMENTHAL,140G,CARNE,2026-05-19,2026-06-01
SIMMENTHAL MENOSALE,90G,CARNE,2026-04-21,2026-05-04
SNACK BACON SALATI PREZIOSI,120G,CARNE,2025-09-23,2025-10-06
SOTTOFILETTO A FETTE DI BOVINO ADULTO,1KG,CARNE,2025-10-07,2025-10-20
SOVRACOSCE DI POLLO,1KG,CARNE,2026-06-02,2026-06-15
SOVRACOSCIA DI POLLO DISOSSATA,1KG,CARNE,2023-12-05,2023-12-18
SPECK ALTO ADIGE IGP STICKS,70G,CARNE,2026-05-05,2026-05-18
SPECK DELL'ALTO ADIGE,300G,CARNE,2026-05-19,2026-06-01
SPECK DELL'ALTO ADIGE IGP,300G,CARNE,2025-05-20,2025-06-02
SPEEDY POLLO,300G,CARNE,2025-10-21,2025-11-03
SPEZZATINO DI BOVINO ADULTO,1KG,CARNE,2026-05-05,2026-05-18
SPEZZATINO DI MAIALE,1KG,CARNE,2026-01-13,2026-01-26
SPEZZATINO DI VITELLO CON PISELLI MONTANA,800G,CARNE,2024-11-05,2024-11-18
SPIANATINA PICCANTE,300G,CARNE,2026-05-19,2026-06-01
SPIEDINI DI POLLO,1KG,CARNE,2026-03-24,2026-04-06
SPIEDINI DI SUINO,1KG,CARNE,2026-04-21,2026-05-04
STICKS POLLO VALSOIA,200G,CARNE,2026-01-27,2026-02-09
STINCO COTTO,650G,CARNE,2025-11-04,2025-11-17
STINCO COTTO BELLUCCI,650G,CARNE,2026-03-24,2026-04-06
STINCO PRECOTTO,550G,CARNE,2024-03-19,2024-04-01
STRACCETTI DI BOVINO ADULTO,1KG,CARNE,2025-07-01,2025-07-14
STRACCETTI DI POLLO,1KG,CARNE,2026-01-02,2026-01-12
STRUTTO RAFFINATO,250G,CARNE,2024-10-22,2024-11-04
SULACCI DI BRESSOLA VIAGGIO NEL GUSTO,60G,CARNE,2025-07-15,2025-07-28
TACCHINO ARROSTO ROSTÈ RIGAMONTI,100G,CARNE,2026-03-10,2026-03-23
TAGLIATA DI BOVINO ADULTO,1KG,CARNE,2026-04-21,2026-05-04
TAGLIATA DI MANZO THE MEAT LOVERS,400G,CARNE,2025-01-14,2025-01-27
TAGLIATA DI SUINO,1KG,CARNE,2025-09-09,2025-09-22
TENERONI GRAN TERRE,750G,CARNE,2026-05-19,2026-06-01
TENERONI GRAN TERRE PROSCIUTTO COTTO,75X4,CARNE,2026-02-24,2026-03-09
TENERONI L'ORIGINALE CASA MODENA,75GX4,CARNE,2024-02-27,2024-03-11
TENERONI L'ORIGINALE CASA MODENA PROSCIUTTO COTTO,75X4G,CARNE,2024-05-21,2024-06-03
TRAMEZZINI DI SUINO E BOVINO,1KG,CARNE,2026-03-10,2026-03-23
TRAMEZZINI FARCITI,1KG,CARNE,2024-03-12,2024-03-18
TRIPPA DI BOVINO ADULTO,1KG,CARNE,2025-10-07,2025-10-20
TRIS DI ANTIPASTI VOGLIAZZI,450G,CARNE,2025-12-16,2025-12-31
TRITA MAGRISSIMA DI BOVINO ADULTO,1KG,CARNE,2026-06-02,2026-06-15
VITEL TONNÉ VIVA LA MAMMA BERETTA,180G,CARNE,2026-04-21,2026-05-04
WÜRSTEL,1KG,CARNE,2026-04-07,2026-04-20
WÜRSTEL 100% SUINO,500G,CARNE,2025-02-25,2025-03-10
WÜRSTEL DI POLLO CACCHINO,100G,CARNE,2024-10-08,2024-10-21
WÜRSTEL DI POLLO E TACCHINO,250G,CARNE,2026-05-19,2026-06-01
WÜRSTEL DI PURO SUINO,250G,CARNE,2026-04-07,2026-04-20
WÜRSTEL DI SUINO,3PZ,CARNE,2024-04-02,2024-04-15
WÜRSTEL MISTO,100G,CARNE,2026-06-02,2026-06-15
WÜRSTEL SENZA PELLE,1KG,CARNE,2024-05-07,2024-05-20
WÜRSTEL SERVELADE,200G,CARNE,2025-08-12,2025-08-25
ZAMPONE COTTO,1KG,CARNE,2025-12-16,2025-12-31
100% BURRO D'ARACHIDI,350G,CONSERVE,2025-09-23,2025-10-06
ACETO BALSAMICO DI MODENA IGP PONTI,250ML,CONSERVE,2025-12-02,2025-12-15
ACETO DI ALCOL,1LT,CONSERVE,2025-01-28,2025-02-10
ACETO DI ALCOL BRILLACETTO,1LT,CONSERVE,2026-01-13,2026-01-26
ACETO DI MELE,500ML,CONSERVE,2026-06-02,2026-06-15
ACETO DI MELE GOLDEN BIO MELAGOLD PONTI,500ML,CONSERVE,2026-02-10,2026-02-23
ACETO DI MELE PONTI,500ML,CONSERVE,2025-11-18,2025-12-01
ACETO DI VINO PONTI,1LT,CONSERVE,2025-05-20,2025-06-02
ACETO DUE VITTORIE,250ML,CONSERVE,2025-03-25,2025-04-07
ACETO DUE VITTORIE BALSAMICO,250ML,CONSERVE,2025-06-03,2025-06-16
ACETO PONTI MELE GOLDEN BIO,500ML,CONSERVE,2025-06-17,2025-06-30
AMARENA FRUTTI,230G,CONSERVE,2025-07-15,2025-07-28
ANANAS A FETTE DEL MONTE,840G,CONSERVE,2024-04-16,2024-04-22
ANANAS SCIROPATA DEL MONTE,800G,CONSERVE,2024-01-02,2024-01-15
ANTIPASTO DEL RE SAOS,290G,CONSERVE,2026-03-24,2026-04-06
BADI NORI,N/D,CONSERVE,2025-04-22,2025-05-05
BASI E AROMI TRITATI OREGANO,50G,CONSERVE,2025-07-15,2025-07-28
BBQ SAUCE DEVELEY,20X6ML,CONSERVE,2025-09-23,2025-10-06
BESCIAMELLA,500ML,CONSERVE,2024-09-24,2024-10-07
BESCIAMELLA UHT,500ML,CONSERVE,2025-09-23,2025-10-06
BOTTIGLIA OLIO SPRAY MASTERPRO,N/D,CONSERVE,2025-11-18,2025-12-01
BRODO GRANULARE,100G,CONSERVE,2025-10-07,2025-10-20
BRODO GRANULARE KNORR,150G,CONSERVE,2024-03-19,2024-04-01
BRODO GRANULARE VEGETALE,90G,CONSERVE,2024-10-08,2024-10-21
"BRODO LIQUIDO VEGETALE, MANZO",1LT,CONSERVE,2025-01-28,2025-02-10
BRODO STAR,1LT,CONSERVE,2025-02-11,2025-02-24
BRODO VEGETALE CLASSICO,10CUBETTI,CONSERVE,2025-03-25,2025-04-07
BRODO VEGETALE GRANULARE BIO SUN S.MARTINO,120G,CONSERVE,2026-02-10,2026-02-23
CETRIOLI IN AGRODOLCE,360G,CONSERVE,2026-01-27,2026-02-09
CETRIOLI IN AGRODOLCE SCELTA ORO,850G,CONSERVE,2026-05-19,2026-06-01
CHE SUGO DI BIFFI PESTO VEGETALE,100G,CONSERVE,2026-04-07,2026-04-20
CHE SUGO! BIFFI,190G,CONSERVE,2026-03-10,2026-03-23
CHE SUGO! BIFFI GUSTI ASSORTITI,90G,CONSERVE,2025-10-21,2025-11-03
CIPOLINE BIANCHE PONTI,180G,CONSERVE,2026-05-19,2026-06-01
CIPOLINE IN AGRODOLCE,300G,CONSERVE,2025-05-20,2025-06-02
CIPOLLE BORETTANE,340G,CONSERVE,2023-12-19,2023-12-31
COMPOSTA DI FRUTTA,320G,CONSERVE,2024-10-08,2024-10-21
COMPOSTA LA FRUTTA ITALIANA BOCCHETTI,320G,CONSERVE,2025-05-06,2025-05-19
CONDIBEN SALVADORI,3LT,CONSERVE,2024-04-02,2024-04-15
CONDIMENTO CONSANTO DANTE,1LT,CONSERVE,2025-12-02,2025-12-15
CONDIMENTO OIO,750ML,CONSERVE,2024-06-18,2024-07-01
CONDIMENTO PER RISO CON WÜRSTEL,85G,CONSERVE,2026-06-02,2026-06-15
CONDIMENTO RISO PILA,300G,CONSERVE,2025-05-06,2025-05-19
CONDIRISO SACLÀ,630G,CONSERVE,2025-06-17,2025-06-30
CONDISANO DANTE,1LT,CONSERVE,2025-08-26,2025-09-08
CONFETTURA DI FRUTTA VIRTÙ BIO OROGEL,240G,CONSERVE,2026-02-10,2026-02-23
"CONFETTURA FIGUGLIUME/ZENZERO, PRUGNA/MELA/SPEZIE",240G,CONSERVE,2025-02-25,2025-03-10
CONFETTURA GUSTI ASSORTITI,400G,CONSERVE,2025-06-03,2025-06-16
CONFETTURA ZERO SANTA ROSA,300G,CONSERVE,2025-07-01,2025-07-14
CONFETTURE DI FRUTTA BIO,240G,CONSERVE,2024-07-30,2024-08-12
CONFETTURE DI FRUTTA SANTA ROSA,600G,CONSERVE,2026-05-05,2026-05-18
CONFETTURE ZERO,N/D,CONSERVE,2024-08-27,2024-09-09
CONTORNO GHOTTO CON VERDURE GRIGLIATE,450G,CONSERVE,2025-07-15,2025-07-28
CRAUTI AL NATURALE,770G,CONSERVE,2025-01-28,2025-02-10
CREMA DI ZUCCA,190G,CONSERVE,2025-10-07,2025-10-20
CREMA HARISSA,195G,CONSERVE,2026-05-05,2026-05-18
CREMA KNORR,N/D,CONSERVE,2024-11-19,2024-12-02
CREMA SATOS,200G,CONSERVE,2025-09-23,2025-10-06
CREMA VEGETALE DA CUCINA,200ML,CONSERVE,2026-05-19,2026-06-01
CUORE DI BRODO KNORR,28GX4,CONSERVE,2026-03-24,2026-04-06
CUORE DI GUSTO KNORR,264G,CONSERVE,2025-04-08,2025-04-21
CUORI DI SGOMBRO DELICIUS,80G,CONSERVE,2026-06-02,2026-06-15
"DADI CLASSICO, VEGETALE",110G,CONSERVE,2024-04-02,2024-04-15
DADO KNORR,8CUBI,CONSERVE,2025-02-25,2025-03-10
DADO KNORR VEGETALE,80G,CONSERVE,2026-02-10,2026-02-23
DOLCE AGRO DELICATO PONTI,250ML,CONSERVE,2024-12-03,2024-12-16
DOLCEAGRO PONTI,500ML,CONSERVE,2024-04-16,2024-04-22
DRESSING,250ML,CONSERVE,2024-05-07,2024-05-20
"FAGIOLI E TONNO, PISELLI E TONNO",160G,CONSERVE,2026-02-10,2026-02-23
FILETTI DI ALICI DELICIUS,150G,CONSERVE,2026-06-02,2026-06-15
FILETTI DI ALICI MORETTI,720G,CONSERVE,2026-06-02,2026-06-15
FILETTI DI SALMONE CAPRI,150G,CONSERVE,2026-06-02,2026-06-15
FILETTI DI SGOMBRO MAREBLU,110G,CONSERVE,2026-06-02,2026-06-15
FILETTI DI TONNO,180G,CONSERVE,2026-05-05,2026-05-18
FILETTI DI TONNO NOSTROMO,180G,CONSERVE,2026-06-02,2026-06-15
FIOR DI FRUTTA BIO RIGONI,250G,CONSERVE,2025-11-04,2025-11-17
FRIARIELLI,540G,CONSERVE,2025-09-23,2025-10-06
FRIGGI,1LT,CONSERVE,2025-02-11,2025-02-24
FRIOL BOTIGLIA,1LT,CONSERVE,2025-08-12,2025-08-25
FRIOL SPRAY,150ML,CONSERVE,2025-08-12,2025-08-25
FUNGHI CHAMPIGNONS TRITATI,180G,CONSERVE,2025-09-23,2025-10-06
FUNGHI MISTI SECCHI,80G,CONSERVE,2024-01-30,2024-02-12
GLASSA ALL'ACETO BALSAMICO DI MODENA PONTI,145G,CONSERVE,2025-05-20,2025-06-02
GLASSA ALL'ACETO BALSAMICO PONTI,145G,CONSERVE,2026-05-05,2026-05-18
GRAN PESTO ALLA GENOVESE TIGULLIO,190G,CONSERVE,2025-07-29,2025-08-11
GRAN PESTO IL PESTO DI PRÀ,300G,CONSERVE,2026-03-10,2026-03-23
GRAN PESTO TIGULLIO,190G,CONSERVE,2026-05-19,2026-06-01
GRAN SALSA DI NOCI IL PORTO DI PRÀ BRUZZONE & FERZARI,90G,CONSERVE,2025-11-04,2025-11-17
HUMMUS SALSA DI CECI E CREMA DI SESAMO SENZA AGLIO,150G,CONSERVE,2024-07-16,2024-07-29
I GENIPESTI IL PESTO DI PRÀ,500G,CONSERVE,2024-03-19,2024-04-01
I GRAN PESTI,130G,CONSERVE,2025-01-03,2025-01-13
I GRAN PESTI DI PRÀ,500G,CONSERVE,2026-03-24,2026-04-06
I GRAN PESTI IL PESTO DI PRÀ,500G,CONSERVE,2025-12-16,2025-12-31
I GRAN PESTI IL PIESTO DI PRÀ BRUZZONE & FERRARI,150G,CONSERVE,2025-03-11,2025-03-24
I PAFF DEI BAMBINI PLASMON,15G,CONSERVE,2026-03-10,2026-03-23
I PEPERONCINI CON TONNO,850G,CONSERVE,2024-12-17,2024-12-31
IL DADO KNORR VEGETALE,N/D,CONSERVE,2024-12-17,2024-12-31
IL DL KADOR NERO VEGETALE,80G,CONSERVE,2025-12-16,2025-12-31
IL MAZZARELLO STAR CLASSICO VEGETALE,200G,CONSERVE,2024-03-12,2024-03-18
IL MIO BRODO STAR,N/D,CONSERVE,2026-03-10,2026-03-23
IL MIO DADO CLASSICO STAR,200G,CONSERVE,2026-02-24,2026-03-09
IL MIO GRAN RAGU STAR,190GX2,CONSERVE,2025-11-04,2025-11-17
IL PESTO DI PRÀ CLASSICO SENZ'AGLIO,130G,CONSERVE,2026-01-02,2026-01-12
IL RAGÙ MONTANA,180GX2,CONSERVE,2025-10-21,2025-11-03
INSALATA MESSICANA PRIMAVERA MARUZELLA,220G,CONSERVE,2025-06-17,2025-06-30
INSALATA PER BISO SENZA OLIO PONTI,180G,CONSERVE,2026-05-19,2026-06-01
INSALATA PER RISO POLLI,300GX2,CONSERVE,2024-08-13,2024-08-26
KETCHUP,520G,CONSERVE,2024-08-13,2024-08-26
KETCHUP CALVÉ,275G,CONSERVE,2025-03-25,2025-04-07
KETCHUP CALVÉ CLASSICO,275G,CONSERVE,2025-07-01,2025-07-14
"KETCHUP CALVÉ CLASSICO, PICCANTE",275G,CONSERVE,2026-01-02,2026-01-12
KETCHUP CLASSICO,520G,CONSERVE,2024-01-30,2024-02-12
KETCHUP CLASSICO PICCANTE,540G,CONSERVE,2026-05-19,2026-06-01
KETCHUP TOP DOWN CALVÉ,275G,CONSERVE,2026-04-21,2026-05-04
KETCHUP ZERO HEINZ,235G,CONSERVE,2025-05-20,2025-06-02
LA CREMA VEGETALE VALSONI,200G,CONSERVE,2025-07-29,2025-08-11
LA PAPPA PLASKIN,200G,CONSERVE,2025-07-29,2025-08-11
LA PASSATA DI POMODORO,680G,CONSERVE,2025-05-06,2025-05-19
LA PASSATA RUSTICA LE FIAMMANTE,690G,CONSERVE,2024-08-13,2024-08-26
LE ERBE AROMATICHE TRITATE OREGANO,80G,CONSERVE,2025-07-15,2025-07-28
LEGUMETTI AL VAPORE POLLI,350G,CONSERVE,2025-01-14,2025-01-27
LEGUMI CECI CANNELLINI BORLOTTI,400G,CONSERVE,2025-01-14,2025-01-27
LEGUMI COTTI AL VAPORE POLI,200G,CONSERVE,2024-07-30,2024-08-12
LEGUMI DI RICA,N/D,CONSERVE,2026-05-19,2026-06-01
LEGUMI DI RICA BORLOTTI CECCI,500G,CONSERVE,2026-01-27,2026-02-09
LEGUMI O SOLE DI NAPULE,400G,CONSERVE,2025-03-25,2025-04-07
LEGUMINOSE POLLI,190G,CONSERVE,2024-07-16,2024-07-29
LINEA ZUPPE KOME TE,350G,CONSERVE,2026-04-07,2026-04-20
MACEDONIA SCI ROPPATA,250G,CONSERVE,2024-09-24,2024-10-07
MAIONESE,485G,CONSERVE,2026-06-02,2026-06-15
MAIONESE 100% VEGETALE,150ML,CONSERVE,2025-03-25,2025-04-07
MAIONESE ALLA GENOVESE,130G,CONSERVE,2025-05-06,2025-05-19
MAIONESE BIFFI RICETTA CLASSICA,143G,CONSERVE,2025-11-04,2025-11-17
MAIONESE BIOLOGICA BIFI,143G,CONSERVE,2024-06-04,2024-06-17
MAIONESE CALVÉ,214G,CONSERVE,2026-05-19,2026-06-01
MAIONESE CALVÉ CLASSICA,150ML,CONSERVE,2026-02-10,2026-02-23
MAIONESE CALVÉ CREMOSA,441G,CONSERVE,2026-06-02,2026-06-15
MAIONESE CLASSICA,150ML,CONSERVE,2025-07-15,2025-07-28
MAIONESE CLASSICA CALVÉ,428G,CONSERVE,2026-03-24,2026-04-06
MAIONESE CREMOSA CALVÉ,440G,CONSERVE,2024-03-12,2024-03-18
MAIONESE DEVEYLE,410ML,CONSERVE,2025-05-20,2025-06-02
MAIONESE HEINZ,235G,CONSERVE,2024-05-21,2024-06-03
MAIONESE SACLÀ,180G,CONSERVE,2024-09-10,2024-09-23
MAIONESE TOP DOWN CALVÉ,238G,CONSERVE,2026-04-21,2026-05-04
MAIONESE VALSOIA,150ML,CONSERVE,2024-08-13,2024-08-26
MAIONESE VEGETALE BIFFI,145G,CONSERVE,2026-04-07,2026-04-20
MAIS AL VAPORE BONDUELLE,320G,CONSERVE,2025-08-12,2025-08-25
MARINATURA DEVELEY CLASSICA,200G,CONSERVE,2026-04-07,2026-04-20
MARINATURA DEVEYLEY,200G,CONSERVE,2025-04-22,2025-05-05
MIELE DI ACACIA,500G,CONSERVE,2025-01-03,2025-01-13
MIELE DI MILLEFIORI,1KG,CONSERVE,2025-01-28,2025-02-10
MIELE EASY AMBROSOLI,360G,CONSERVE,2025-11-04,2025-11-17
MINESTRA KNORRE,N/D,CONSERVE,2026-02-24,2026-03-09
MINESTRONE TRADIZIONE FINES,700G,CONSERVE,2026-03-10,2026-03-23
MIX&GO NOSTROMO,160G,CONSERVE,2026-06-02,2026-06-15
OLIO DI LINO CORROBORANTE,500ML,CONSERVE,2024-02-27,2024-03-11
OLIO DI OLIVA COSTA D'ORO,750ML,CONSERVE,2025-07-01,2025-07-14
OLIO DI OLIVA SASSO,500ML,CONSERVE,2025-10-07,2025-10-20
OLIO DI SEMI DI ARACHIDE,1LT,CONSERVE,2026-06-02,2026-06-15
OLIO DI SEMI DI ARACHIDE ORO DI SAVORE,1LT,CONSERVE,2026-01-02,2026-01-12
OLIO DI SEMI DI GIRASOLE GIGLIO ORO,1LT,CONSERVE,2026-02-24,2026-03-09
OLIO DI SEMI DI MAIS DANTE,1LT,CONSERVE,2026-05-19,2026-06-01
OLIO DI SEMI VARI,1LT,CONSERVE,2024-02-13,2024-02-26
OLIO DI SOIA,1LT,CONSERVE,2025-03-25,2025-04-07
OLIO DI SOIA VALSOIA,1LT,CONSERVE,2026-04-07,2026-04-20
OLIO EXTRA VERGINE BIO DANTE,750ML,CONSERVE,2025-04-08,2025-04-21
OLIO EXTRA VERGINE DI OLIVA 100% ITALIANO CARAPELLI,750ML,CONSERVE,2026-01-27,2026-02-09
OLIO EXTRA VERGINE DI OLIVA COPPINI,750ML,CONSERVE,2026-06-02,2026-06-15
OLIO EXTRA VERGINE DI OLIVA CUCINA E TABLE CARAPELLI,460ML,CONSERVE,2026-04-07,2026-04-20
OLIO EXTRA VERGINE DI OLIVA DORO DI SAVOR,750ML,CONSERVE,2024-10-08,2024-10-21
OLIO EXTRA VERGINE DI OLIVA FRANTOIO DI CONTRADA DANTE,750ML,CONSERVE,2024-03-12,2024-03-18
OLIO EXTRA VERGINE DI OLIVA FRUTTATO INTENSO,750ML,CONSERVE,2024-09-24,2024-10-07
OLIO EXTRA VERGINE DI OLIVA NOVELLO ORI SAPIORI,750ML,CONSERVE,2025-11-18,2025-12-01
OLIO EXTRA VERGINE DI OLIVA ORO DI SAVORE FRUTTATO INTENSO,1LT,CONSERVE,2026-01-02,2026-01-12
OLIO EXTRA VERGINE TERRE ANTICHE DANTE,500ML,CONSERVE,2025-11-18,2025-12-01
OLIO EXTRAVERGINE DI OLIVA FRANTOIO DI CONTRADA DANTE,750ML,CONSERVE,2026-03-24,2026-04-06
OLIO EXTRAVERGINE DI OLIVA MONODOSE BIFFI,10ML,CONSERVE,2024-05-07,2024-05-20
OLIO EXTRAVIRGINE DI OLIVA CIRIO,200ML,CONSERVE,2024-05-07,2024-05-20
OLIO PER FRIGGERE FRIOL,1LT,CONSERVE,2024-04-23,2024-05-06
OLIVE ASOLAN,200G,CONSERVE,2025-07-01,2025-07-14
OLIVE DENOCCOLATE POLLI,175G,CONSERVE,2024-12-17,2024-12-31
OLIVE DENUOCCIOLATE SACLA,375G,CONSERVE,2024-01-02,2024-01-15
OLIVE GRECHE KALAMON LE MEDITERRANEE SACLÀ,10G,CONSERVE,2024-02-13,2024-02-26
OLIVE HALIDIKIDI DENOCCOLATE FATTORIA DEI SAPORI,520G,CONSERVE,2025-12-02,2025-12-15
OLIVE HALKIDIKI DENOCCOLATE,520G,CONSERVE,2025-07-15,2025-07-28
OLIVE NERE DENOCCOLATE,150G,CONSERVE,2026-04-21,2026-05-04
OLIVE NERE HALKIDIKI DENOCCIOLATE,175G,CONSERVE,2025-02-11,2025-02-24
OLIVE NERE LECCINO INTERE OLIVOLI SACLÀ,300G,CONSERVE,2024-10-22,2024-11-04
OLIVE OLIVOLI SACLÀ,100G,CONSERVE,2024-09-10,2024-09-23
OLIVE RIVIERA,185G,CONSERVE,2024-06-18,2024-07-01
OLIVE RIVIERA DENOCCIOLATE,N/D,CONSERVE,2026-03-24,2026-04-06
OLIVE SNOCCIOLATE OLIVOLI SACLÀ,375G,CONSERVE,2024-08-27,2024-09-09
OLIVE VERDI A RONDELLE,85G,CONSERVE,2026-06-02,2026-06-15
OLIVE VERDI DENOCCHIOLATE POLLI,175G,CONSERVE,2025-09-09,2025-09-22
OLIVE VERDI DENOCCIOLATE,330G,CONSERVE,2024-07-30,2024-08-12
OLIVE VERDI DENOCCIOLATE ALISA,85G,CONSERVE,2024-11-05,2024-11-18
OLIVE VERDI DENOCCIOLATE OLIOVI SACLÀ,290G,CONSERVE,2026-06-02,2026-06-15
OLIVE VERDI DENOCCIOLATE OLIOVÌ SACLÀ,290GX2,CONSERVE,2024-01-16,2024-01-29
OLIVE VERDI GIGANTI POLI DENOCCOLATE,1KG,CONSERVE,2025-04-08,2025-04-21
OLIVE VERDI SNOCC OLATE OLIVOLI SACLÀ,290GX2,CONSERVE,2025-10-07,2025-10-20
ORIGANO IN FOGLIE,85G,CONSERVE,2026-01-13,2026-01-26
ORO INSALATE SCOTTI,800ML,CONSERVE,2025-07-01,2025-07-14
PAELLA,600G,CONSERVE,2025-01-28,2025-02-10
PASSATA DI POMODORO,500G,CONSERVE,2025-03-11,2025-03-24
PASSATA DI POMODORO AGRONOMTE,520G,CONSERVE,2026-01-02,2026-01-12
PASSATA DI POMODORO POMI,750G,CONSERVE,2026-06-02,2026-06-15
PASSATA RUSTICA,700G,CONSERVE,2025-09-09,2025-09-22
PASSATA RUSTICA POMI,700G,CONSERVE,2026-06-02,2026-06-15
PASSATI DI POMODORO DE RICA,700G,CONSERVE,2026-05-19,2026-06-01
PASSATO DI VERDURE,550G,CONSERVE,2026-02-10,2026-02-23
PASTA DI ACCIUGHE DELICIOUS,60G,CONSERVE,2024-05-21,2024-06-03
PASTA E FAGIOLI KNORR,182G,CONSERVE,2025-01-28,2025-02-10
PEANUT BUTTER,350G,CONSERVE,2025-06-03,2025-06-16
PEANUT BUTTER FIORENTINI,350G,CONSERVE,2026-04-21,2026-05-04
PEPE IN GRANI CON MACININO,30G,CONSERVE,2024-05-07,2024-05-20
PEPE NERO CON MACININO,30G,CONSERVE,2025-02-25,2025-03-10
PEPERLIZIA PONTI,N/D,CONSERVE,2025-12-02,2025-12-15
PEPERONATA,250G,CONSERVE,2024-01-30,2024-02-12
PEPERONCINI CON TONNO,1KG,CONSERVE,2023-12-19,2023-12-31
PEPERONCINI CON TONNO ALTON,550G,CONSERVE,2025-12-02,2025-12-15
PEPERONCINI RIPIENI,250G,CONSERVE,2025-10-07,2025-10-20
PEPERONCINI RIPIENI AL TONNO SACLÀ,285G,CONSERVE,2025-12-16,2025-12-31
PEPERONI CONونو DI BUE,300G,CONSERVE,2026-01-13,2026-01-26
PEPERZIA PERLINTI,265G,CONSERVE,2024-12-17,2024-12-31
PER INSALATA DI RISO SACLÀ,285G,CONSERVE,2025-05-20,2025-06-02
PESCARELLI ALL'ISOCRIOPPO FRUTTAORO,360G,CONSERVE,2024-12-17,2024-12-31
PESCHE ALLO SCIROPPO,560G,CONSERVE,2025-12-16,2025-12-31
PESCHE ITALIANE ALLO SCIROPPO,380G,CONSERVE,2025-06-03,2025-06-16
PESCHE ITALIANE ALLO SCIROPPO FATTORIA DEI SAPORI,815G,CONSERVE,2025-04-08,2025-04-21
PESCHE ITALIANE IN SUCCO,350G,CONSERVE,2024-10-22,2024-11-04
PESCHE SCIROPPATE,480G,CONSERVE,2026-01-13,2026-01-26
PESCHE SCIROPPATE PEACH SLICES DEL MONTE,250G,CONSERVE,2024-01-16,2024-01-29
PESTO,185G,CONSERVE,2026-06-02,2026-06-15
PESTO ALLA GENOVESE,190G,CONSERVE,2025-03-11,2025-03-24
PESTO ALLA GENOVESE DANTE,130G,CONSERVE,2026-01-27,2026-02-09
PESTO ALLA GENOVESE SACLÀ,45GX4,CONSERVE,2025-10-07,2025-10-20
PESTO ALLAGENOVESE MONOPORZIONE SACLÀ,50G,CONSERVE,2024-02-13,2024-02-26
PESTO ALLAGENOVESE SACLA,135G,CONSERVE,2026-01-02,2026-01-12
PESTO BARILLA,190G,CONSERVE,2025-08-26,2025-09-08
PESTO CON BASILICO GENOVESE DOP,190G,CONSERVE,2025-07-01,2025-07-14
PESTO DI PRÀ,130G,CONSERVE,2025-07-01,2025-07-14
PESTO DI PRÀ CLASSICO,130G,CONSERVE,2026-05-05,2026-05-18
PESTO GENOVESE,190G,CONSERVE,2024-06-04,2024-06-17
PESTO POLLI,90G,CONSERVE,2023-12-05,2023-12-18
PESTO POLLI ALLA CALABRESE/ALLA PROVENCE,90G,CONSERVE,2025-03-11,2025-03-24
PESTO PRONTO,190G,CONSERVE,2025-09-23,2025-10-06
PESTO PRONTO GENOVESE,190G,CONSERVE,2024-01-30,2024-02-12
PIATTI PRONTI KNORR,500ML,CONSERVE,2026-04-07,2026-04-20
PIATTO PRONTO CAPRI,160GX2,CONSERVE,2026-06-02,2026-06-15
PIATTO PRONTO TONNO E FAGIOLI TONNO PISELLI,160GX2,CONSERVE,2025-06-03,2025-06-16
PISELLI FINI AL VAPORE BONGLIEUELLE,160G,CONSERVE,2025-04-22,2025-05-05
PISELLI FINI DE RICA,540G,CONSERVE,2025-08-26,2025-09-08
POLENTA PRONTA CON FORMAGGI CON FUNGHI,310G,CONSERVE,2024-01-30,2024-02-12
"POLENTE CON GORGONZOLA DOP, DI FARINA",350G,CONSERVE,2025-11-04,2025-11-17
POLPA DI FRUTTA BIO,100G,CONSERVE,2024-07-30,2024-08-12
POLPA DI FRUTTA GUSTI ASSORTITI,100G,CONSERVE,2026-03-24,2026-04-06
POLPA DI POMODORO,680G,CONSERVE,2026-01-13,2026-01-26
POLPA DI POMODORO MARA,680G,CONSERVE,2025-03-11,2025-03-24
POLPA DI POMODORO MUTTI,400GX2,CONSERVE,2026-05-19,2026-06-01
POLPA FINE,400G,CONSERVE,2026-02-24,2026-03-09
POLPA FINE DI POMODORO,200G,CONSERVE,2025-07-15,2025-07-28
POLPA FINE POMI,400GX2,CONSERVE,2025-10-21,2025-11-03
POLPA FORTE DI POMODORO,400X3,CONSERVE,2024-08-27,2024-09-09
POLPA PRONTA DI POMODORO,400G,CONSERVE,2025-02-11,2025-02-24
POMODORI IN SUCCO DEL MONTE,800G,CONSERVE,2024-06-04,2024-06-17
POMODORI PELATI,400G,CONSERVE,2026-01-02,2026-01-12
POMODORI PELATI IN SUCCO BIO DEL MONTE,800G,CONSERVE,2025-06-17,2025-06-30
POMODORI PELATI MARA,800G,CONSERVE,2025-03-11,2025-03-24
POMODORI PELATI VESU,400G,CONSERVE,2025-03-11,2025-03-24
PONTI,N/D,CONSERVE,2024-12-03,2024-12-16
PREPARATO PER MARMELLATA FRUTTI IN CASA,75G,CONSERVE,2026-06-02,2026-06-15
PREPARATO PER MARMELLATA FRUTTI IN S MARTINO,75G,CONSERVE,2025-06-03,2025-06-16
PRESTO DI PISTACCHIO,160G,CONSERVE,2025-03-11,2025-03-24
PROTEIN SALAD ZERO OIL PONTI,300G,CONSERVE,2024-04-23,2024-05-06
PROVVISTA SUGO DE RICA,570G,CONSERVE,2025-04-22,2025-05-05
PURÈ,420G,CONSERVE,2025-11-04,2025-11-17
PURÈ DI PATATE CON LATTE FANNI,95G X2,CONSERVE,2025-10-21,2025-11-03
RAGU DI PESCE,190G,CONSERVE,2024-05-21,2024-06-03
RAGU TRATTORIA TOSCANA,90G,CONSERVE,2026-02-24,2026-03-09
RAGÙ ALLA BOLOGNESE BARILLA,300G,CONSERVE,2025-09-09,2025-09-22
"RAGÙ ANATRA, CHIANINA, CINGHIALE",190G,CONSERVE,2025-11-18,2025-12-01
RAGÙ BARILLA,300G,CONSERVE,2025-05-06,2025-05-19
RAGÙ BARILLA BOLOGNESE,400G,CONSERVE,2023-12-05,2023-12-18
RAGÙ BARILLA BOLOGNESE SALCICCIA,300G,CONSERVE,2026-04-21,2026-05-04
RAGÙ GUSTIBUS,180G,CONSERVE,2025-09-23,2025-10-06
RAGÙ POLLI,90X2,CONSERVE,2025-08-26,2025-09-08
RAGÙ VEGETALE POLLI,90X2G,CONSERVE,2025-03-25,2025-04-07
RIBO IDEALE PER CONTORNI SCOTTI,1KG,CONSERVE,2025-12-02,2025-12-15
SALE MARINO DI SARDEGNA GLI INTEGRALI,1KG,CONSERVE,2025-05-06,2025-05-19
"SALSA AGRONUTRI DATTERNO, CILIEGIO E BASILICO",250G,CONSERVE,2026-04-07,2026-04-20
SALSA ALLA GRECA,250ML,CONSERVE,2025-09-23,2025-10-06
SALSA AMADORI,120G,CONSERVE,2026-06-02,2026-06-15
SALSA BBQ MONOPORZIONE,20MLX6,CONSERVE,2025-08-12,2025-08-25
SALSA BIFFI,180G,CONSERVE,2025-12-02,2025-12-15
SALSA CALVÉ,275ML,CONSERVE,2025-10-21,2025-11-03
SALSA CARBONARA,190G,CONSERVE,2025-02-25,2025-03-10
SALSA DEVEYL,250ML,CONSERVE,2026-05-19,2026-06-01
SALSA DI CILIEGINO GIALLO,350G,CONSERVE,2024-10-08,2024-10-21
SALSA DI DATTERINO SICILIANO GUSTIBUS,360G,CONSERVE,2025-09-23,2025-10-06
SALSA DI FRUTTA BIFFI,100G,CONSERVE,2025-12-02,2025-12-15
SALSA DI NOCI IL PESTO DI PRÀ,150G,CONSERVE,2026-05-19,2026-06-01
SALSA DI POMODORO AGRONOMENTE,250G,CONSERVE,2025-11-04,2025-11-17
SALSA DI POMODORO CILIEGINO,300G,CONSERVE,2026-01-13,2026-01-26
SALSA DI SOIA,150ML,CONSERVE,2025-09-23,2025-10-06
SALSA DIP,315G,CONSERVE,2026-04-21,2026-05-04
SALSA DRESSING DEVEYLEY,230G,CONSERVE,2025-05-06,2025-05-19
SALSA KETCHUP,950G,CONSERVE,2026-04-07,2026-04-20
SALSA MAIONESE GOURMET,820G,CONSERVE,2026-04-07,2026-04-20
SALSA MONODOSE BIFFI,10X8G,CONSERVE,2024-07-30,2024-08-12
SALSA POCHE NAOKI,150ML,CONSERVE,2025-07-29,2025-08-11
SALSA POKE,150ML,CONSERVE,2025-06-03,2025-06-16
SALSA PRONTA DI POMODORO DATTERINO,350G,CONSERVE,2025-05-06,2025-05-19
SALSA PRONTA GUSTI ASSORTITI,90G,CONSERVE,2024-08-13,2024-08-26
SALSA PRONTA PESTO DI PRÀ,130G,CONSERVE,2024-01-02,2024-01-15
SALSA SACLÀ,190G,CONSERVE,2025-03-11,2025-03-24
SALSA TARTUFATA,140G,CONSERVE,2023-12-05,2023-12-18
SALSA TONNATA CALVÈ,215G,CONSERVE,2025-12-16,2025-12-31
SALSA TONNATA COCKTAIL CALVÉ,214G,CONSERVE,2025-04-08,2025-04-21
SALSE DEVELEY,250ML,CONSERVE,2026-05-05,2026-05-18
SALSE HEINZ,220ML,CONSERVE,2025-07-15,2025-07-28
SALSE PRONTE,90G,CONSERVE,2024-11-19,2024-12-02
"SALSE PRONTE GRAN PESTO CON AGLIO, SENZA AGLIO, SALSA DI NOCI",130G,CONSERVE,2024-05-07,2024-05-20
SALSI DI POMODORO DATTERINO,950G,CONSERVE,2025-01-14,2025-01-27
SARDINE DELICATE DEL MEDITERRANEO DELICIUS,90G,CONSERVE,2026-06-02,2026-06-15
SENEPE DELICATA,250ML,CONSERVE,2026-05-19,2026-06-01
SFIZIOLI SACLÀ,205G,CONSERVE,2026-03-24,2026-04-06
SOTT'ACETO PONTI,N/D,CONSERVE,2024-03-19,2024-04-01
SOTTACETO DI VINO PONTI,160G,CONSERVE,2025-12-02,2025-12-15
SOTTOLI,285G,CONSERVE,2024-04-02,2024-04-15
SOTTOLI SATOS,200G,CONSERVE,2024-11-05,2024-11-18
SOTTOPOLI CARNI,280G,CONSERVE,2024-10-08,2024-10-21
SPETTOLIO POLLI CARCIOFINI TAGLIATI,335G,CONSERVE,2025-04-08,2025-04-21
SPUNTI TONNO PROSCIUTTO COTTO,80GX2,CONSERVE,2025-08-26,2025-09-08
SRIRACHA HOT CHILLI SAUCE,215ML,CONSERVE,2025-09-23,2025-10-06
SU GO PRONTO GUSTI ASSORTITI,120G,CONSERVE,2025-07-15,2025-07-28
SUGHI DI PESCE PRONTI,250G,CONSERVE,2024-06-04,2024-06-17
SUGHI GOLOSERIE DI CAMPAGNA,190G,CONSERVE,2025-04-22,2025-05-05
SUGHI PRONTI,160G,CONSERVE,2025-09-23,2025-10-06
SUGHI PRONTI CHE SUGO! BIFFI,190G,CONSERVE,2024-04-23,2024-05-06
SUGHI PRONTI FRUTTO DI MARE,250G,CONSERVE,2024-04-02,2024-04-15
SUGO AL POMODORO SACLÀ,680G,CONSERVE,2025-07-15,2025-07-28
SUGO ALLA MARINARA APPETAIS,300G,CONSERVE,2026-05-19,2026-06-01
SUGO ALLE VONGOLE,300G,CONSERVE,2024-10-08,2024-10-21
SUGO ALLE VONGOLE APERTAIS,300G,CONSERVE,2026-03-24,2026-04-06
SUGO ALLO SCOGLIO APPETTAIS,300G,CONSERVE,2024-02-13,2024-02-26
SUGO ALLO SGLIOGLIO CHE SUGO!,190G,CONSERVE,2025-06-03,2025-06-16
SUGO BARILLA,400G,CONSERVE,2026-03-10,2026-03-23
SUGO BARILLA BASILICO ARRABBIATA,400G,CONSERVE,2025-12-02,2025-12-15
SUGO DENSO,90G X2,CONSERVE,2026-01-02,2026-01-12
SUGO ORIGINALE SACLÀ,350G,CONSERVE,2024-05-21,2024-06-03
SUGO PRONTO,350G,CONSERVE,2026-06-02,2026-06-15
"SUGO PRONTO AI FRUTTI DI MARE, ROSSO ALLE COZZE",250G,CONSERVE,2024-12-17,2024-12-31
SUGO PRONTO BASILICO,350G,CONSERVE,2024-10-08,2024-10-21
SUGO PRONTO DI MARE,200G,CONSERVE,2025-03-25,2025-04-07
SUGO PRONTO GUSTI ASSORTITI,350G,CONSERVE,2026-01-13,2026-01-26
SUGO PRONTO RAGÙ DI SALSICCIA PIEMONTESE/POLPETTE DI CARNE PIEMONTESE,190G,CONSERVE,2025-03-11,2025-03-24
SUGO SCOGLIO APPETTAIS,300G,CONSERVE,2026-04-07,2026-04-20
SUGO SCOGLIO APPETTASI,300G,CONSERVE,2026-01-27,2026-02-09
SUGO SCOGLIO CON POMODORO,300G,CONSERVE,2025-02-25,2025-03-10
SUGO VONGOLE,300G,CONSERVE,2025-02-11,2025-02-24
TARTUFATA,140G,CONSERVE,2024-12-03,2024-12-16
TARTUFATA PASTA E BRUSCHETTA,140G,CONSERVE,2026-03-24,2026-04-06
TOMATO KETCHUP,540G,CONSERVE,2026-01-13,2026-01-26
TOMATO KETCHUP HENZ,342G,CONSERVE,2025-10-07,2025-10-20
TONNO GOCCIA D'OLIO MARUZELLA,760G,CONSERVE,2026-05-05,2026-05-18
TONNO MAREBLU,210G,CONSERVE,2026-06-02,2026-06-15
TONNO NATURALE CAPRI,168G,CONSERVE,2026-06-02,2026-06-15
TONNO ORIGINALE GOCCIA D'OLIO NOSTROMO,650G,CONSERVE,2026-06-02,2026-06-15
TRANCETTI DI TONNO CAPRI,300G,CONSERVE,2026-06-02,2026-06-15
TRANCETTI DI TONNO IN OLIO,80GX8,CONSERVE,2026-06-02,2026-06-15
VELLUTATA PRONTA,500ML,CONSERVE,2025-02-25,2025-03-10
VERDURE AGRODOLCE,320G,CONSERVE,2025-08-12,2025-08-25
VERDURE IN AGRODOLCE,520G,CONSERVE,2025-04-08,2025-04-21
VERDURE PEPERIZIA PONTI,N/D,CONSERVE,2025-10-21,2025-11-03
VERDURE SACLÀ,N/D,CONSERVE,2026-04-21,2026-05-04
VERDURE SOTT'OLIO,100G,CONSERVE,2025-11-18,2025-12-01
VERDURE SOTTOLI POLLI,950G,CONSERVE,2024-12-03,2024-12-16
VERDURE ZERO OLIO PONTI,N/D,CONSERVE,2024-02-13,2024-02-26
VONGOLE DELICIUS,130G,CONSERVE,2026-06-02,2026-06-15
ZAFFERANO IN POLVERE,4BUSTE,CONSERVE,2025-01-28,2025-02-10
ZUPPA DELLA FATTORIA,600G,CONSERVE,2023-12-05,2023-12-18
ZUPPA DI CECI,360G,CONSERVE,2024-01-30,2024-02-12
ZUPPA DI FARRO,600G,CONSERVE,2026-02-24,2026-03-09
ZUPPA DI LEGUMI CON FARRO,400G,CONSERVE,2026-02-10,2026-02-23
ZUPPA DI PESCE APPETAIS,500G,CONSERVE,2025-10-07,2025-10-20
ZUPPA FANTASIA DI LEGUMI,360G,CONSERVE,2024-01-02,2024-01-15
ZUPPA PRONTA KNORR,N/D,CONSERVE,2025-03-11,2025-03-24
ZUPPA VEGETARIANA CON FARRO E LEGUMI MARA,400G,CONSERVE,2025-01-28,2025-02-10
ZUPPALATTE,N/D,CONSERVE,2025-05-06,2025-05-19
ZUPPALATTE COLUSSI,250G,CONSERVE,2025-08-12,2025-08-25
ZUPPE DIVERSI TIPI,350G,CONSERVE,2025-11-04,2025-11-17
ZUPPE KOME TE,350G,CONSERVE,2026-05-05,2026-05-18
8 MERENDE PAN DI STELLE,280G,DOLCI,2025-11-18,2025-12-01
ADDOBO CON PRALINE WITOR'S ASSORTITE,56G,DOLCI,2023-12-05,2023-12-18
AGNELLO CLASSICO,750G,DOLCI,2026-03-10,2026-03-23
AGNELLO CLASSICO CON CANDITI,750G,DOLCI,2024-03-12,2024-03-18
ALVEARI BURRO SALATO E MIELE MULINO BIANCO,300G,DOLCI,2026-02-10,2026-02-23
AMARETTI MORBIDI,330G,DOLCI,2025-06-17,2025-06-30
ARACHIDI M&M'S,90G,DOLCI,2026-05-19,2026-06-01
ARACHIDI NIC NAC'S LORENZ,125G,DOLCI,2025-07-01,2025-07-14
ARACHIDI SNACK FRIENDS CAMEO,300G,DOLCI,2025-06-17,2025-06-30
BABI MUFFIN CLASSICO,200G,DOLCI,2025-04-22,2025-05-05
BACI PERUGINA,150G,DOLCI,2026-01-27,2026-02-09
BACI PERUGINA CLASSICO,150G,DOLCI,2025-02-11,2025-02-24
BAIOCCI MULINO BIANCO,250G,DOLCI,2025-09-09,2025-09-22
BARATTOLLINO SAMMONTANA GUSTI ASSORTITI,500G,DOLCI,2024-08-13,2024-08-26
BARATTOLO CARAMELLE HARIBO,570G,DOLCI,2025-02-11,2025-02-24
BARDETTE 20+PRO,14G,DOLCI,2025-05-06,2025-05-19
BARRELLA PROTEICA BURRO D'ARACHIDI MANDORLE E CIOCCOLATO,60G,DOLCI,2024-04-23,2024-05-06
BARRETTA CIOCCOLATO NOVI,N/D,DOLCI,2024-09-24,2024-10-07
BARRETTA POPPING CANDY,100G,DOLCI,2025-11-04,2025-11-17
BARRETTA PROTEICA,60G,DOLCI,2025-09-23,2025-10-06
BARRETTA PROTEICA BURRO D'ARACHIDI MANDORLE,60G,DOLCI,2024-01-16,2024-01-29
BARRETTA PROTEICA NUTREND,60G,DOLCI,2024-09-10,2024-09-23
BARRETTE 20+ PRO,N/D,DOLCI,2025-09-23,2025-10-06
BARRETTE CIOCCOLATO NOVIPIÙ NOVI,35G,DOLCI,2026-01-27,2026-02-09
BARRETTE DI CEREALI,N/D,DOLCI,2025-09-23,2025-10-06
BARRETTE MAXI CHOCO,N/D,DOLCI,2025-09-09,2025-09-22
BARRETTE NUTREND DIVERSE,55G,DOLCI,2026-04-21,2026-05-04
BEFANA VOLANTE,150G,DOLCI,2025-12-16,2025-12-31
BI-SNACK BIRAGHINO CON TARALLI BIRAGHI,N/D,DOLCI,2025-01-03,2025-01-13
BIO BISCOTTO FROLLINO INTEGRALE,250G,DOLCI,2025-06-17,2025-06-30
BISCOFETTE DELLA SALUTE,350G,DOLCI,2024-10-08,2024-10-21
BISCOFETTE SALUTE SENZA OLIO DI PALMA,350G,DOLCI,2025-09-09,2025-09-22
BISCOTTI 6 CEREALI NIPOL,1.33KG,DOLCI,2024-11-19,2024-12-02
BISCOTTI AI 6 CEREALI NIPIOL,1.32KG,DOLCI,2024-08-27,2024-09-09
BISCOTTI ARMONIA MULINO BIANCO,270G,DOLCI,2025-07-29,2025-08-11
BISCOTTI AVENA CON FRUTTI ROSSI,220G,DOLCI,2026-06-02,2026-06-15
BISCOTTI BALOCCO,350G,DOLCI,2026-05-19,2026-06-01
BISCOTTI BALOCCO ZUPPOLE,1KG,DOLCI,2023-12-19,2023-12-31
BISCOTTI BISCOTTATE GENRE-NON,250G,DOLCI,2026-01-27,2026-02-09
BISCOTTI BOCCIA,172G,DOLCI,2025-07-29,2025-08-11
BISCOTTI CABRIONI,650G,DOLCI,2026-06-02,2026-06-15
BISCOTTI CEREALI,250G,DOLCI,2024-01-02,2024-01-15
BISCOTTI CEREALI NIPHOL,380G,DOLCI,2025-02-11,2025-02-24
BISCOTTI CEREALNATURA,250G,DOLCI,2025-01-28,2025-02-10
BISCOTTI CIAMBELLINE,650G,DOLCI,2025-09-23,2025-10-06
BISCOTTI CLASSICO,N/D,DOLCI,2025-03-25,2025-04-07
BISCOTTI COLUSI ZUPPALETTE,250G,DOLCI,2026-03-10,2026-03-23
BISCOTTI COLUSSI,600G,DOLCI,2025-12-16,2025-12-31
BISCOTTI COLUSSI CIOCCOLATO IN PEZZI,500G,DOLCI,2024-03-12,2024-03-18
BISCOTTI COLUSSI UOVA E LATTE INTEGRALI CON CIOCCOLATO,600G,DOLCI,2025-10-21,2025-11-03
BISCOTTI COLUSSI UVA E LATTE FRESCHI INTEGRALI CON CIOCCOLATO,600G,DOLCI,2025-02-11,2025-02-24
BISCOTTI COLUSSI ZUPPALATTE,250G,DOLCI,2025-03-11,2025-03-24
BISCOTTI CON CEREALI CEREALNATURA,250G,DOLCI,2026-01-02,2026-01-12
BISCOTTI CON MUESLI,250G,DOLCI,2024-04-02,2024-04-15
BISCOTTI CUOR DI CEREALE,220G,DOLCI,2024-08-13,2024-08-26
BISCOTTI DEL LACAGLIACO PANARELLO,250G,DOLCI,2025-10-07,2025-10-20
BISCOTTI DUO CIOCCOLATE,145G,DOLCI,2024-09-24,2024-10-07
BISCOTTI E CEREALI NIPOL,360G,DOLCI,2026-01-13,2026-01-26
BISCOTTI FIBRETTRA MISURA,290G,DOLCI,2025-07-01,2025-07-14
BISCOTTI FIBREXTRA CLASSICI MISURA,330G,DOLCI,2025-06-17,2025-06-30
BISCOTTI GOOD MORNING,600G,DOLCI,2025-09-23,2025-10-06
BISCOTTI GRAN CEREALE,500G,DOLCI,2026-05-19,2026-06-01
BISCOTTI GRAN DISPENSA,600G,DOLCI,2024-10-22,2024-11-04
BISCOTTI GRAN DISPENSA COLUSSI,500G,DOLCI,2026-03-24,2026-04-06
BISCOTTI GRISSON SON CEREALI,250G,DOLCI,2024-11-19,2024-12-02
BISCOTTI INTEGRALI FIBREXTRA MISURA,250G,DOLCI,2026-04-21,2026-05-04
BISCOTTI INTEGRALI MISURA,225G,DOLCI,2024-05-21,2024-06-03
BISCOTTI LAGACCIO,500G,DOLCI,2026-04-21,2026-05-04
BISCOTTI MUESLI,250G,DOLCI,2025-03-11,2025-03-24
BISCOTTI MULINO BIANCO,350G,DOLCI,2026-05-19,2026-06-01
BISCOTTI MULINO BIANCO ABBRACCI,350G,DOLCI,2026-01-02,2026-01-12
BISCOTTI MULINO BIANCO ABBRACCI PANE DI STELLE,350G,DOLCI,2024-07-16,2024-07-29
BISCOTTI MULINO BIANCO GALLETTI TALAGGI,N/D,DOLCI,2025-04-22,2025-05-05
BISCOTTI MULINO BIANCO MACINE,350G,DOLCI,2024-01-16,2024-01-29
BISCOTTI MUSELLI DIGESTIVE,250G,DOLCI,2024-01-30,2024-02-12
BISCOTTI PROTEICHE GRISSIN BON,250G,DOLCI,2025-09-23,2025-10-06
BISCOTTI RISOFROLLE BALOCCO,350G,DOLCI,2026-04-21,2026-05-04
BISCOTTI SAFARI,250G,DOLCI,2024-02-13,2024-02-26
BISCOTTI SAFARI CON CEREALI,250G,DOLCI,2025-02-11,2025-02-24
BISCOTTI SARACENE BALOCCO,1KG,DOLCI,2025-10-21,2025-11-03
BISCOTTI TORRONE,200G,DOLCI,2026-02-24,2026-03-09
BISCOTTI ZERO PIU BALOGO,230G,DOLCI,2024-02-27,2024-03-11
BISCOTTI ZERO PIÙ BALOCCO,200G,DOLCI,2024-09-10,2024-09-23
BISCOTTI ZEROPU BALOCCO,210G,DOLCI,2025-01-28,2025-02-10
BISCOTTI ZEROPÙ BALOCCO,230G,DOLCI,2026-04-07,2026-04-20
BISCOTTI ZUPPALATTE,250G,DOLCI,2025-09-23,2025-10-06
BISCOTTI ZUPPALATTE COLUSSI,1KG,DOLCI,2026-01-27,2026-02-09
BISCOTTO CACCAO LATTE,125G,DOLCI,2025-11-04,2025-11-17
BISCOTTO FROLLINO BIO,220G,DOLCI,2024-06-04,2024-06-17
BISCOTTO PLASMON,240G,DOLCI,2024-04-16,2024-04-22
BISCOTTO SALUTE MONTE,200G,DOLCI,2026-02-24,2026-03-09
BISCOTTO SALUTE MONVISO,200G,DOLCI,2026-05-05,2026-05-18
BISCOTTONE GELATO,480G,DOLCI,2026-05-19,2026-06-01
BLACK LIQUIRICE FINI,180G,DOLCI,2025-08-26,2025-09-08
BOERI,150G,DOLCI,2024-12-03,2024-12-16
BOERI ROCKET ROVELLI,200G,DOLCI,2024-11-05,2024-11-18
BOERI ROVELLI,150G,DOLCI,2023-12-05,2023-12-18
BRAN-STICKS,375G,DOLCI,2025-01-28,2025-02-10
BRAN-STICKS CRUSCA,375G,DOLCI,2026-01-13,2026-01-26
BREAKS NOCCIOLA LOACKER,76G,DOLCI,2025-08-26,2025-09-08
BUDINO,100GX2,DOLCI,2026-02-10,2026-02-23
BUDINO CACAO VANIGLIA CREMA CARAMEL,100GX2,DOLCI,2026-06-02,2026-06-15
BUDINO CIOCCOLATO,60GX6,DOLCI,2024-07-16,2024-07-29
BUDINO CIOCCOLATO E VANIGLIA,60X2,DOLCI,2025-07-15,2025-07-28
BUDINO CIOCCOLATO VANIGLIA,60GX6,DOLCI,2024-01-30,2024-02-12
BUDINO CIOCCOLATO/VANIGLIA,60GX2,DOLCI,2026-04-07,2026-04-20
"BUDINO HIGH PROTEIN ALPLI CACAO, VANIGLIA",200G,DOLCI,2026-02-24,2026-03-09
BUDINO HIGH PROTEIN ALPLI PRO,200G,DOLCI,2025-09-23,2025-10-06
BUGIE,100G,DOLCI,2025-02-11,2025-02-24
BUGIE FARCITE,200G,DOLCI,2026-01-27,2026-02-09
BUGIE RIPIENE,100G,DOLCI,2026-01-13,2026-01-26
BUONA PASQUA CON LINDT,N/D,DOLCI,2026-03-24,2026-04-06
CACAO MAGRO AMARO BIO SUN S.MARTINO,75G,DOLCI,2026-02-10,2026-02-23
CAKE,150G,DOLCI,2025-01-28,2025-02-10
CAKE NATUR,550G,DOLCI,2026-06-02,2026-06-15
CAKE NATURE MARBLE,550G,DOLCI,2026-01-13,2026-01-26
CALZA DELLA BEFANA ZAINI,168G,DOLCI,2023-12-19,2023-12-31
CALZA DOLFIN,190G,DOLCI,2025-12-16,2025-12-31
CALZA EMMECI,170G,DOLCI,2025-12-16,2025-12-31
CALZA VENERE,170G,DOLCI,2024-12-17,2024-12-31
CANESTRELLI,125G,DOLCI,2026-06-02,2026-06-15
CARAMELLE,150G,DOLCI,2026-05-19,2026-06-01
CARAMELLE AMBROLIGI,135G,DOLCI,2025-11-18,2025-12-01
CARAMELLE ASSORTITE HARRY POTTER HARIBO,90G,DOLCI,2026-04-21,2026-05-04
CARAMELLE BOOOM VAMPIRE FINI,80G,DOLCI,2025-10-21,2025-11-03
CARAMELLE DUFONE,150G,DOLCI,2024-08-27,2024-09-09
CARAMELLE FINI,N/D,DOLCI,2025-09-09,2025-09-22
CARAMELLE FINI DIVERSI TIPI,100G,DOLCI,2025-07-15,2025-07-28
CARAMELLE FINI JELLY BERRIES,150G,DOLCI,2024-06-18,2024-07-01
CARAMELLE FRUIT-TELLA,N/D,DOLCI,2026-02-24,2026-03-09
CARAMELLE FUN MIX FINI,325G,DOLCI,2024-04-02,2024-04-15
CARAMELLE GOLIA CLASSICA,160G,DOLCI,2025-10-07,2025-10-20
CARAMELLE HAPPY PARTY XL FINI,500G,DOLCI,2025-06-03,2025-06-16
CARAMELLE HARIBO,300G,DOLCI,2026-02-10,2026-02-23
CARAMELLE LIQUIGORE FINI,180G,DOLCI,2024-07-16,2024-07-29
CARAMELLE RIPIENE GUSTI ASSORTITI,N/D,DOLCI,2025-06-17,2025-06-30
CARAMELLE ROVELLI,175G,DOLCI,2026-06-02,2026-06-15
CARAMELLE SUGAR FREE,50G,DOLCI,2025-04-22,2025-05-05
CARBONE DOLCE,100G,DOLCI,2024-12-17,2024-12-31
CARBONE DOLCE WALCOR,100G,DOLCI,2023-12-19,2023-12-31
CASETTA DI NATALE SANTA CLAUS VILLAGE,510G,DOLCI,2023-12-05,2023-12-18
CEREALI CHOCO-CRUMPIES,375G,DOLCI,2025-03-11,2025-03-24
CEREALI FITNESS,450G,DOLCI,2024-04-23,2024-05-06
CEREALI FITNESS NESTLÉ,450G,DOLCI,2024-09-10,2024-09-23
CEREALI ORIGINAL,N/D,DOLCI,2025-09-09,2025-09-22
CESTO DAHLIA,N/D,DOLCI,2025-04-08,2025-04-21
CESTO PRESENT,N/D,DOLCI,2025-12-02,2025-12-15
CHIACCHIERE DECORATE CON CACAO,250G,DOLCI,2025-02-11,2025-02-24
CHIACCHIERE DECORAZIONE CIOCCOLATO,250G,DOLCI,2024-01-30,2024-02-12
"CHIACCHIERE, BUGIE",250G,DOLCI,2025-02-11,2025-02-24
CHIPS GRIGLIATE,180G,DOLCI,2026-03-24,2026-04-06
CHOCOLATE THINGS HAMLET GUSTI ASSORTITI,100G,DOLCI,2025-11-04,2025-11-17
CHUPA CHUPS,120G,DOLCI,2025-10-21,2025-11-03
CHURROS,500G,DOLCI,2026-01-13,2026-01-26
CIAMBELLA,400G,DOLCI,2025-08-12,2025-08-25
CIAMBELLA LIMONE VARIEGATA,400G,DOLCI,2024-10-08,2024-10-21
CIAMBELLA YOGURT LIMONE,400G,DOLCI,2025-01-14,2025-01-27
CIAMBELLA ZUCCHERATA,600G,DOLCI,2026-06-02,2026-06-15
"CIAMBELLINE CLASSICHE, CIOCCOLATO, INTEGRALI",650G,DOLCI,2024-12-03,2024-12-16
CIOBAR CAKEE,75G,DOLCI,2025-01-14,2025-01-27
CIOBAR CLASSICO,75G,DOLCI,2026-01-27,2026-02-09
CIOBAR GUSTO CLASSICO,75G,DOLCI,2025-10-21,2025-11-03
CIOCCO PIÙ WITOR'S,120G,DOLCI,2024-02-13,2024-02-26
CIOCCOLATI NOVI,100G,DOLCI,2026-02-10,2026-02-23
CIOCCOLATINI AL LATTE HAPPY CHRISTMAS,80G,DOLCI,2025-12-02,2025-12-15
CIOCCOLATINI ASSORTITI PIACERI INFINITI,200G,DOLCI,2024-12-03,2024-12-16
CIOCCOLATINI GOLD RABBIT,150G,DOLCI,2026-03-10,2026-03-23
CIOCCOLATINI MERRY CHRISTMAS ROVELLI,190G,DOLCI,2023-12-05,2023-12-18
CIOCCOLATINI RIPIENI DI GELATO,72G,DOLCI,2024-06-04,2024-06-17
CIOCCOLATINI ZAINI,N/D,DOLCI,2025-12-16,2025-12-31
CIOCCOLATO,100G,DOLCI,2025-01-28,2025-02-10
CIOCCOLATO AL LATTE,500G,DOLCI,2026-01-13,2026-01-26
CIOCCOLATO DIVERSI TIPI,N/D,DOLCI,2025-04-22,2025-05-05
CIOCCOLATO FONDENTE CON CARAMELLO,40G,DOLCI,2025-11-04,2025-11-17
CIOCCOLATO GUSTI ASSORTITI,70G,DOLCI,2025-11-04,2025-11-17
CIOCCOLATO LA SUISSA,100G,DOLCI,2025-11-04,2025-11-17
CIOCCOLATO LA SUISSA LATTE E CARAMELLO FONDENTE CON PISTACCHIO,100G,DOLCI,2024-11-05,2024-11-18
CIOCCOLATO LATTE FONDENTE,200G,DOLCI,2025-03-25,2025-04-07
CIOCCOLATO NOVI,75G,DOLCI,2026-04-07,2026-04-20
CIOCCOLATO NOVITA,N/D,DOLCI,2026-04-21,2026-05-04
CIOCCOLATO OVALTINE,100G,DOLCI,2025-11-04,2025-11-17
CIOCCOLATO RIPIENO SNACK CIOCCOLARENE,200G,DOLCI,2025-11-04,2025-11-17
CIOCCOLATO SUPREME,100G,DOLCI,2024-11-19,2024-12-02
CIOCCOLATTO NOVIPÓI,30G,DOLCI,2025-01-14,2025-01-27
CIOCO LATTE,200G,DOLCI,2024-08-27,2024-09-09
CIOCO LATTE WITOR'S,200G,DOLCI,2024-01-16,2024-01-29
CLOUDS MARSHMALLOW,150G,DOLCI,2025-08-12,2025-08-25
COLOMBA,900G,DOLCI,2024-03-19,2024-04-01
COLOMBA BALOCCO,750G,DOLCI,2025-04-08,2025-04-21
COLOMBA BALOCCO MAXI,750G,DOLCI,2024-03-19,2024-04-01
COLOMBA CIOCCOLATO CREMA PASTICCERA,750G,DOLCI,2024-03-19,2024-04-01
COLOMBA CLASSICA MINI BALOCCO,90G,DOLCI,2026-03-10,2026-03-23
COLOMBA FIOR DI FRUTTI,750G,DOLCI,2025-04-08,2025-04-21
COLOMBA TRADIZIONALE ANGELERI,750G,DOLCI,2025-04-08,2025-04-21
CON FRUTTA GUSTI ASSORTITI,100G,DOLCI,2025-07-15,2025-07-28
CONFETTI DI FRUTTA ASSORTITA MENZ & GASSER,250G,DOLCI,2026-01-02,2026-01-12
CONFETTI ITALIANA,150G,DOLCI,2024-05-21,2024-06-03
CONFETTURA,400G,DOLCI,2026-06-02,2026-06-15
CONFETTURA EXTRA MISTA,240G,DOLCI,2025-10-21,2025-11-03
CONFETTURA SANTA ROSA,300G,DOLCI,2026-05-19,2026-06-01
CONFETTURA VIRTÙ DI FRUTTA BIO OROGEL,240G,DOLCI,2025-06-17,2025-06-30
CONFETTURE DIFFERENZIATE ASSORTITE,25GX8,DOLCI,2026-04-21,2026-05-04
CONFETTURE EXTRA,240G,DOLCI,2024-01-02,2024-01-15
CONFETTURE ZERO ZUCCHERI SANTA ROSA,300G,DOLCI,2024-05-07,2024-05-20
CONFEZIONE CIOCCOLATINI COLLECTION WITOR'S,150G,DOLCI,2023-12-05,2023-12-18
CONFEZIONE DALLIA,N/D,DOLCI,2026-03-24,2026-04-06
CONFEZIONE DOLCE VITA VANOIR,205G,DOLCI,2024-12-03,2024-12-16
CONFEZIONE DOLCI MOMENTI VANOIR,200G,DOLCI,2024-11-05,2024-11-18
CONFEZIONE HERRY CHRISTMAS,116G,DOLCI,2024-12-03,2024-12-16
CONFEZIONE MAGICO ALBERO DI COSTA,150G,DOLCI,2024-12-03,2024-12-16
CONFEZIONE MISTO FANTASIE LA SUISSA,700G,DOLCI,2024-12-17,2024-12-31
CONFEZIONE OPALE,N/D,DOLCI,2024-12-03,2024-12-16
CONFEZIONE PRALINE ASSORTITE LA SUISSA,750G,DOLCI,2023-12-05,2023-12-18
CONFEZIONE REGALO TULIPANO,N/D,DOLCI,2024-03-19,2024-04-01
CONFEZIONE ROVELLI,150G,DOLCI,2025-12-02,2025-12-15
CONFEZIONE SELEZIONE SPECIALITÀ NOVI,180G,DOLCI,2024-12-03,2024-12-16
CONFEZIONE SOSPIRI LA SUISSA,140G,DOLCI,2025-12-02,2025-12-15
CONI GELATO DEL GAGNO,6PZ,DOLCI,2024-04-02,2024-04-15
CONIGLIO CIOCCOLATO ZAINI,60G,DOLCI,2024-03-19,2024-04-01
CONO GELATO,420GX6,DOLCI,2024-06-04,2024-06-17
CONO PANNA MACABEA PANNA E CACAO,420G,DOLCI,2026-04-21,2026-05-04
COPPA DEL NONNO MOTTA,390G,DOLCI,2024-07-16,2024-07-29
COPPA PANNA VARIEGATA,65G,DOLCI,2024-08-13,2024-08-26
CORNETTI DI MAIS,70G,DOLCI,2025-01-14,2025-01-27
CORNFLAKES,375G,DOLCI,2026-06-02,2026-06-15
CRACKER CLASSIC,100G,DOLCI,2025-06-03,2025-06-16
CRACKER FIORI D'ACQUA MULINO BIANCO,250G,DOLCI,2026-01-02,2026-01-12
CRACKER WASA SESAME & SEA SALT,200G,DOLCI,2025-05-06,2025-05-19
CRACKERS COLUSSI SALATI,500G,DOLCI,2026-03-24,2026-04-06
CRACKERS MISURA,N/D,DOLCI,2026-04-21,2026-05-04
CRACKERS MISURA INTEGRALI,385G,DOLCI,2026-01-27,2026-02-09
CREM VERT,950G,DOLCI,2026-01-13,2026-01-26
CREMA AL PISTACCHIO,190G,DOLCI,2024-03-19,2024-04-01
CREMA AL PISTACCHIO GUSTIBUS,100G,DOLCI,2024-12-17,2024-12-31
CREMA FIOR DI NOCCIOLA,400G,DOLCI,2025-09-23,2025-10-06
CREMA NOVI,200G,DOLCI,2026-06-02,2026-06-15
CREMA PISTACHIO BURRO ARACHIDI,200G,DOLCI,2025-04-22,2025-05-05
"CREMA SPALMABILE 30% CIOCCOLATO GIANDUJA, LA FONDENTE",350G,DOLCI,2025-02-25,2025-03-10
CREMA SPALMABILE WITOR'S,320G,DOLCI,2023-12-19,2023-12-31
CREMA SPALMABILE WITOR'S GIANDUJA FONDENTE,360G,DOLCI,2024-11-05,2024-11-18
CREME SPALMABILI,200G,DOLCI,2025-11-04,2025-11-17
CRISPY WYRTOR,N/D,DOLCI,2024-12-17,2024-12-31
CROSTATA CASALINGA,300G,DOLCI,2024-04-02,2024-04-15
CROSTATINA,240G,DOLCI,2024-10-22,2024-11-04
CROSTATINA CILIEGIA ALBICOCCA,240G,DOLCI,2025-01-03,2025-01-13
CROSTATINA CILIEGIA ALBICOCCA CACO,240G,DOLCI,2026-01-02,2026-01-12
CRÈME CARAMEL MILK,100G,DOLCI,2025-11-04,2025-11-17
CRÈME DESSERT,150G,DOLCI,2024-11-19,2024-12-02
CRÈME DESSERT STUFFER,150G,DOLCI,2025-11-18,2025-12-01
CRÊPES,60GX5,DOLCI,2025-10-21,2025-11-03
CRÊPES STUFFER,60G,DOLCI,2026-01-13,2026-01-26
CUORI DI CIOBAR,250G,DOLCI,2026-01-27,2026-02-09
"DANETTE DANONE CIOCCOLATO, VANIGLIA",125GX8,DOLCI,2024-01-02,2024-01-15
DESSERT BUDINO AL CIOCCOLATO VEG MÜLLER,150G,DOLCI,2025-05-20,2025-06-02
DESSERT BUDINO VEG FÜLLER,150G,DOLCI,2024-07-30,2024-08-12
DESSERT CHOCO ESPRESSO,60G,DOLCI,2025-10-21,2025-11-03
DESSERT LATTE E FRUTTA,50GX6,DOLCI,2026-06-02,2026-06-15
DESSERT MERINGATA PROTBIOTICO AL CACAUO E SALSA AL CIOCCOLATO TRUMECS,70G,DOLCI,2026-01-02,2026-01-12
DESSERT PROFITEROLES AL CACAU MERINGA,25G,DOLCI,2025-07-15,2025-07-28
DESSERT PROIOTTERAS,N/D,DOLCI,2025-09-09,2025-09-22
DESSERT VEG MÜLLER,150G,DOLCI,2025-03-25,2025-04-07
DISCOCIOK,288G,DOLCI,2025-07-29,2025-08-11
DOLCE AGNELLO CLASSICO,750G,DOLCI,2025-03-25,2025-04-07
DOLCE DESSERT BALOCCO,800G,DOLCI,2025-03-25,2025-04-07
DOLCE PASQUA,N/D,DOLCI,2026-03-24,2026-04-06
DOLCE PASQUA (COLOMBA/UOVO/OVETTI/GELATINE),N/D,DOLCI,2025-04-08,2025-04-21
DOLCI AUGURI,N/D,DOLCI,2025-12-02,2025-12-15
DOLCI CONFEZIONATI,80GX2,DOLCI,2024-05-07,2024-05-20
DOLCI DELIFRENCE,250G,DOLCI,2025-09-09,2025-09-22
DOLCI DI ARLECCHINO,100G,DOLCI,2026-01-27,2026-02-09
DOLCI DI CARNEVALE,200G,DOLCI,2026-01-27,2026-02-09
DOLCI DI HALLOWEEN DOLFIN,N/D,DOLCI,2025-10-21,2025-11-03
DOLCI DOLFIN,N/D,DOLCI,2024-10-08,2024-10-21
DOLCI FIAMME AL COCCO,250G,DOLCI,2026-06-02,2026-06-15
DOLCI HALLOWEEN LA SUISSA,80G,DOLCI,2025-10-21,2025-11-03
DOLCI LEMON BITES BROWNIE BITES,300G,DOLCI,2025-08-12,2025-08-25
DOLCI MELODY,100G,DOLCI,2025-11-04,2025-11-17
"DOLCI MINI PAINS AU CHOCOLAT, MINI CROISSANT",250G,DOLCI,2025-02-11,2025-02-24
DOLCI PRETI CANESTRELLI,150G,DOLCI,2025-04-22,2025-05-05
DOLCI PRONTI,N/D,DOLCI,2026-03-24,2026-04-06
DOLCI PRONTI PROFILEROLES/TIRAMISU,N/D,DOLCI,2024-03-19,2024-04-01
"DOLCI PRONTI PROFITEROLES,TIRAMISÙ",80GX2,DOLCI,2025-10-07,2025-10-20
DOLCI PRONTI TIRAMISÙ PROFITEROLES,80G,DOLCI,2026-05-05,2026-05-18
DOLCI TRE MARIE,N/D,DOLCI,2025-10-21,2025-11-03
DOLCI WAPPY HALLOWEEN GECCHELE,250G,DOLCI,2024-10-08,2024-10-21
DOLCI ZAINI CARAMELLINI E CIOCOCOLATINI HALLOWEEN,225G,DOLCI,2024-10-08,2024-10-21
DRIP DROP PEPPERMINT,50G,DOLCI,2026-06-02,2026-06-15
FERRERO ROCHER,200G,DOLCI,2025-12-02,2025-12-15
FETTA ALLA FRUTTA,25X4G,DOLCI,2026-05-19,2026-06-01
FETTINE BON FETTE,400G,DOLCI,2026-06-02,2026-06-15
FIESTA FERRERO,360G,DOLCI,2024-10-22,2024-11-04
FIOCCHI DI AVENA INTEGRALE,500G,DOLCI,2026-04-07,2026-04-20
FIOR DI FRAGOLA ALGIDA,306G,DOLCI,2024-07-16,2024-07-29
FIOR DI FRUTTA BIO RIGONI DI ASIAGO,260G,DOLCI,2025-04-22,2025-05-05
FIOR DI NOCCIOLA,400G,DOLCI,2024-04-02,2024-04-15
"FIORI DI NOCCIOLA CREMA BICOLORE, CACAO",400G,DOLCI,2024-09-24,2024-10-07
FITNESS NESTLÉ,375G,DOLCI,2025-05-06,2025-05-19
FLETCAKE MULINO BIANCO CLASSICO,650G,DOLCI,2025-10-07,2025-10-20
FONDENTE NOVO,N/D,DOLCI,2025-02-11,2025-02-24
FROLLINI,300G,DOLCI,2025-04-22,2025-05-05
FROLLINI COLUSSI,273G,DOLCI,2026-05-19,2026-06-01
FROLLINI DEL PICCOLO MUGNAIO MULINO BIANCO,300G,DOLCI,2025-04-22,2025-05-05
FROLLINI DIVERSI TIPI,300G,DOLCI,2026-04-21,2026-05-04
FROLLINI FRANDOLA DIVERSI TIPI,300G,DOLCI,2024-05-07,2024-05-20
FROLLINI GRAN DISPENSA COLUSSI,568G,DOLCI,2026-02-10,2026-02-23
FROLLINI RIPIENI,200G,DOLCI,2025-10-21,2025-11-03
FROLLINI SENZA GLUTINE,200G,DOLCI,2025-07-29,2025-08-11
FROLLINO IL GARANTUCHE SE COLUSI,1.2KG,DOLCI,2024-12-03,2024-12-16
FROLLINO IL GRAN TURGHESE COLUSSI,1.2KG,DOLCI,2025-08-26,2025-09-08
FROLLINO IL GRANTURCHESE,1.2KG,DOLCI,2025-03-25,2025-04-07
FROLLINO IL GRANTURCHESE COLUSSI,1.2KG,DOLCI,2024-02-27,2024-03-11
FROLLINO INTEGRALE,220G,DOLCI,2026-02-10,2026-02-23
FRUIT ENERGY,50G,DOLCI,2026-01-27,2026-02-09
FRUTTA CANDITA S.MARTINO,70G,DOLCI,2024-12-03,2024-12-16
FRUTTOLO NESTLÉ,300G,DOLCI,2026-04-21,2026-05-04
FRUTTOLO NESTLÉ FRUTTA MISTA,300G,DOLCI,2025-07-29,2025-08-11
FRUTTOLO NESTLÉ FRUTTAVISTA,300G,DOLCI,2025-06-17,2025-06-30
GALLETTE DI MAIS E RISO,150G,DOLCI,2024-09-24,2024-10-07
GALLETTE DI MAIS E RISO SENZA GLUTINE,130G,DOLCI,2025-02-25,2025-03-10
GALLETTE DI RISO INTEGRALE CON CIOCCOLATO,100G,DOLCI,2025-03-11,2025-03-24
GALLETTE DI RISO SENZA GLUTINE,130G,DOLCI,2025-10-07,2025-10-20
GARDENA,200G,DOLCI,2024-09-10,2024-09-23
GELATO,500G,DOLCI,2024-06-04,2024-06-17
GELATO BISCOGANZO,325G,DOLCI,2025-10-21,2025-11-03
GELATO CARTE D'OR,500G,DOLCI,2025-04-22,2025-05-05
GELATO CARTE D'OR CLASSICO,500G,DOLCI,2025-11-18,2025-12-01
GELATO CARTE DOR ALGIDA,500G,DOLCI,2024-11-05,2024-11-18
GELATO COPPA CAFFÈ,280G,DOLCI,2025-11-18,2025-12-01
GELATO COPPA FAMIGLIA,500G,DOLCI,2024-10-22,2024-11-04
GELATO COPPA FAMIGLIA TONITTO,500G,DOLCI,2026-04-21,2026-05-04
GELATO LIMONEL,450G,DOLCI,2024-06-18,2024-07-01
GELATO MOCHI,180G,DOLCI,2026-04-21,2026-05-04
GELATO STECCO KING,240G,DOLCI,2024-07-16,2024-07-29
GELEES ROVELLE,1KG,DOLCI,2026-03-10,2026-03-23
"GESINI RUBATÀ SESAMO, CASERECCI, MARE",300G,DOLCI,2026-01-02,2026-01-12
GHIACCIOIOLI ASSORTITI,1.5KG,DOLCI,2025-07-01,2025-07-14
GIAMBELLA,400G,DOLCI,2025-10-07,2025-10-20
GIANDUIOTTI CLASSICI VERGANI,400G,DOLCI,2024-12-03,2024-12-16
GIANDUIOTTI VERGANI,400G,DOLCI,2025-12-02,2025-12-15
GIANDUIOTTI ZAINI,200G,DOLCI,2023-12-05,2023-12-18
GIANDUJOTTO CREMINO ZAINI,500G,DOLCI,2023-12-05,2023-12-18
GLASSUVETTA BALOCCO,750G,DOLCI,2025-12-02,2025-12-15
GNOMO CON RISERVA CIOCCOLATO AL LATTE,125G,DOLCI,2024-12-03,2024-12-16
GNOMO WALCOR CON SFERE DI CIOCCOLATO,125G,DOLCI,2023-12-05,2023-12-18
GOCCE DI CIOCCOLATO FONDENTE S.MARTINO,125G,DOLCI,2026-01-27,2026-02-09
GOCCE DI CIOCCOLATO ZAINI,140G,DOLCI,2025-07-15,2025-07-28
GOCCE PAVESI,500G,DOLCI,2025-12-02,2025-12-15
GOCCIOLE CHOCOLATE PAVESI,1KG,DOLCI,2026-02-24,2026-03-09
GOCCIOLE PAVESI,500G,DOLCI,2025-08-26,2025-09-08
GOCCIOLOTTI BALOCCO,1KG,DOLCI,2025-10-07,2025-10-20
GOCLIOLLOTTO BALOCCO,800G,DOLCI,2025-12-02,2025-12-15
GOLEADOR,15PZ,DOLCI,2026-06-02,2026-06-15
GOOSE DI PASTA SFOGLIA,120G,DOLCI,2024-05-07,2024-05-20
GRAN COPPA FAMIGLIA TONTO GUSTI ASSORTITI,1KG,DOLCI,2025-02-25,2025-03-10
GRAN NOCCIOLATO,150G,DOLCI,2025-12-02,2025-12-15
GRAN NOCCIOLATO SULTANO VERGANI,250G,DOLCI,2024-12-17,2024-12-31
GRAN VARIÉ COLUSSI,650G,DOLCI,2025-01-03,2025-01-13
GRANDE ASSORTIMENTO ZANINI,400G,DOLCI,2024-11-05,2024-11-18
HAPPY HALLOWEEN ZAINI,150G,DOLCI,2025-10-21,2025-11-03
HIGH PROTEIN ALPLI PRO,250G,DOLCI,2025-09-23,2025-10-06
HIGH PROTEIN MUESLI,300G,DOLCI,2025-09-23,2025-10-06
HIGH PROTEIN MÜESLI CAMEO,300G,DOLCI,2026-04-07,2026-04-20
HORROR BISCUIT HAPPY HALLOWEEN GECHELE,160G,DOLCI,2025-10-21,2025-11-03
I CANESTRELLI PRETI,150G,DOLCI,2024-12-17,2024-12-31
IL BISCOTTO DEL LAGACCIO,500G,DOLCI,2024-11-19,2024-12-02
IL BISCOTTO LAGACCIO,500G,DOLCI,2024-02-27,2024-03-11
IL BISCOTTO LAGACCIO PRETI,350G,DOLCI,2026-05-19,2026-06-01
IL BISCOTTO PLASMON,700G,DOLCI,2026-06-02,2026-06-15
IL BISCOTTO PRETI LOGACCIO,350G,DOLCI,2024-10-08,2024-10-21
IL CORNETTO MULINO BIANCO,240G,DOLCI,2026-05-19,2026-06-01
IL GRANTURCHESE COLUSSI,340G,DOLCI,2026-04-07,2026-04-20
IL GRUNTARCHESSE COLUSI INTEGRALE CON GOCCE DI CIOCCOLATO,340G,DOLCI,2024-07-16,2024-07-29
IL PANDOLCE PRETI,750G,DOLCI,2024-12-17,2024-12-31
IL PANETTONE BALOCCO,750G,DOLCI,2023-12-19,2023-12-31
KINDER BUENO WHITE,117G,DOLCI,2025-06-17,2025-06-30
KINDER CIOCCOLATO,200G,DOLCI,2026-01-27,2026-02-09
KINDER FETTA AL LATTE,140G,DOLCI,2025-08-26,2025-09-08
KINDER MAXI,208G,DOLCI,2025-11-18,2025-12-01
KINDERE BUENO,3PZ,DOLCI,2026-03-10,2026-03-23
KINDERINI KINDER,250G,DOLCI,2024-10-08,2024-10-21
KIT BISCOTTI MUU MUU CAMEO,250G,DOLCI,2024-10-08,2024-10-21
KIT KAT,1.5X5,DOLCI,2025-02-25,2025-03-10
KIT PER BISCOTTI PAN DI ZENZERO CAMEO,N/D,DOLCI,2025-12-02,2025-12-15
KIT TASTE CHRISTMAS CAMEO,N/D,DOLCI,2023-12-05,2023-12-18
KITKAT MINI,200G,DOLCI,2026-02-10,2026-02-23
KRAPFEN ALLA CREMA,80GX4,DOLCI,2024-08-27,2024-09-09
KRAPFEN CREMA,80GX4,DOLCI,2026-02-10,2026-02-23
LA COLOMBA CLASSICA BALOCCO,750G,DOLCI,2024-03-19,2024-04-01
LA CROSTATA,300G,DOLCI,2024-09-24,2024-10-07
LA CROSTATA CASALINGA,300G,DOLCI,2026-06-02,2026-06-15
LA CROSTATA CASALINGA GUSTI ASSORTITI,300G,DOLCI,2024-06-04,2024-06-17
LE BISCOTTETTE DELLA SALUTE,200G,DOLCI,2024-03-12,2024-03-18
LE BISCOTTIÈFE DELLA SALUTE,350G,DOLCI,2024-07-16,2024-07-29
LE CHICCHE AMICA CHIPS,100G,DOLCI,2024-08-13,2024-08-26
LE FRESCHE BISCOTTATE INTEGRALI BIO GRISSBON,200G,DOLCI,2026-02-10,2026-02-23
LE FRESCHEBISCOTTE BISCOTTI PROTEICHE GRISSIN BON,250G,DOLCI,2024-09-10,2024-09-23
LE SPOGLIE GRAN PAVESI,150G,DOLCI,2025-07-01,2025-07-14
LIMONCINI FRIZZANTI,75G,DOLCI,2024-01-16,2024-01-29
LINEA COLAZIONE TRE MARIE,N/D,DOLCI,2026-05-05,2026-05-18
MACINE MULINO BIANCO,1KG,DOLCI,2025-11-18,2025-12-01
MAGICA PASQUA,N/D,DOLCI,2026-03-24,2026-04-06
MAGNUM ALGUIDO,4PZ,DOLCI,2024-07-30,2024-08-12
MARRONS GLACÉS VERGANI,200G,DOLCI,2025-12-02,2025-12-15
MARSHMALLOW,150G,DOLCI,2025-01-28,2025-02-10
MARSHMALLOW FINI,150G,DOLCI,2024-05-07,2024-05-20
MENTOS,N/D,DOLCI,2025-06-17,2025-06-30
MERENDA CON LATTE NIPIOL,100G,DOLCI,2024-01-02,2024-01-15
MINI BISCOTTI GRAN VARIÈ COLUSSI,650G,DOLCI,2026-02-24,2026-03-09
MINI COLOMBA BALOCCO,100G,DOLCI,2025-03-25,2025-04-07
MINI CONI PANNA E CIOCCOLATO,228G,DOLCI,2026-06-02,2026-06-15
MINI COPPA FAMIGLIA TONITTO,200G,DOLCI,2026-05-19,2026-06-01
MINI DIGESTIVE CLASSIC,175G,DOLCI,2024-06-04,2024-06-17
MINI HERO PERUGINA,150G,DOLCI,2025-10-21,2025-11-03
MINI KITKAT NESTLÉ,200G,DOLCI,2026-04-21,2026-05-04
MINI MUFFIN CLASSICI CHOCO,200G,DOLCI,2025-07-15,2025-07-28
MINIBISCOTTI GRAN VARIÉ COLUSSI,650G,DOLCI,2026-05-05,2026-05-18
MOUSSE DI BIANCO SPOTTO MÜLLER,95GX2,DOLCI,2024-11-05,2024-11-18
MOUSSE MAGRA FRUTTA ASSORTITA,110G,DOLCI,2025-01-28,2025-02-10
MUESLI CIOCCOLATO,375G,DOLCI,2024-01-02,2024-01-15
MUESLI CROCCANTE,375G,DOLCI,2025-01-14,2025-01-27
MULINO BIANCO CLASSICO,600G,DOLCI,2024-05-07,2024-05-20
MÜESLI ALLA FRUTTA,375G,DOLCI,2025-06-03,2025-06-16
NACHO CHIPS EL SABOR,200G,DOLCI,2025-08-12,2025-08-25
NACHO'N DIP EL SABOR,180G,DOLCI,2026-03-24,2026-04-06
NACHOS,200G,DOLCI,2025-02-25,2025-03-10
NASTRINE MULINO BIANCO,240G,DOLCI,2025-08-26,2025-09-08
NATALINI DI CIOCCOLATO ASSORTITI,100G,DOLCI,2023-12-05,2023-12-18
NESQUIK CEREALI,500G,DOLCI,2024-08-27,2024-09-09
NESTLÉ FRUTTOLLO SMARTIES/YOGURT NESQUIK/CHOCOBILLS/KITKAT,N/D,DOLCI,2025-02-25,2025-03-10
NESTLÉ FRUTTOLO SMARTIES,115G,DOLCI,2026-02-24,2026-03-09
NOCCIOLATO FONDENTE GANDUJA,N/D,DOLCI,2025-04-22,2025-05-05
NOCCIOLATO NOVI,130G,DOLCI,2026-03-10,2026-03-23
NOCCIOLATO NOVI FONDENTE LATTE BIANCO GIANDUJA,630G,DOLCI,2024-11-05,2024-11-18
NOCCIOLATO NOVI GUSTI ASSORTITI,130G,DOLCI,2025-11-04,2025-11-17
NOVELLINI BALOCCO,250G,DOLCI,2026-01-27,2026-02-09
NOVIBLOC NOVI,150G,DOLCI,2024-02-27,2024-03-11
NUTELLA,950G,DOLCI,2025-10-21,2025-11-03
NUTELLA FERRERO,950G,DOLCI,2026-04-21,2026-05-04
NUTELLA PLANT BASED,350G,DOLCI,2025-09-09,2025-09-22
OLANDEINA CLASSICA,300G,DOLCI,2024-08-13,2024-08-26
ONCEONEZZIATO NIPOI FRUTTA MISTA,80G,DOLCI,2024-03-12,2024-03-18
OVETTI AL LATTE RIEMPI,100G,DOLCI,2026-03-24,2026-04-06
OVETTI ASSORTITI,500G,DOLCI,2026-03-24,2026-04-06
OVETTI DI CIOCCOLATO ASSORTITI,90G,DOLCI,2025-03-25,2025-04-07
OVETTI DI CIOCCOLATO VERGANI,120G,DOLCI,2024-03-19,2024-04-01
OVETTI RIPIENI LAICA,120G,DOLCI,2025-04-08,2025-04-21
OVETTI ZAINI,20GX3,DOLCI,2024-01-30,2024-02-12
PAN DI STELLE,380G,DOLCI,2026-02-10,2026-02-23
PAN GOCCIOLI MULINO BIANCO,336G,DOLCI,2025-01-14,2025-01-27
PANCAKES HIGH PROTEIN,160G,DOLCI,2025-01-28,2025-02-10
PANCAKES HIGH PROTEIN MILK PRO CLASSICI,160G,DOLCI,2026-04-21,2026-05-04
PANDOLCE PRETI,750G,DOLCI,2023-12-19,2023-12-31
PANDORO O PANETTONE BALOCCO,750G,DOLCI,2024-12-17,2024-12-31
"PANDORO, PANETTONE BALOCCO",750G,DOLCI,2025-12-16,2025-12-31
PANE + CIOCCOLATO MULINO BIANCO,300G,DOLCI,2025-05-06,2025-05-19
PANETTONE GLIUSSVETTA,750G,DOLCI,2024-12-03,2024-12-16
PANETTONE TRADIZIONALE ANGELERI,1KG,DOLCI,2025-12-02,2025-12-15
"PANETTONE, PANDORO GOCCOLOTTO BALOCCO",800G,DOLCI,2024-12-03,2024-12-16
PANFORTE MARGHERITA SAPORI,320G,DOLCI,2025-12-16,2025-12-31
PANNA COTTA,100GX2,DOLCI,2026-04-21,2026-05-04
"PANNA COTTA CARAMELLO, GIANDUIA",100GX2,DOLCI,2026-01-13,2026-01-26
PASTICCERIA SECCA,180G,DOLCI,2026-06-02,2026-06-15
PASTICCIOTTO BOMBONIERA,150G,DOLCI,2025-09-23,2025-10-06
"PASTIGLIE MENTA, BOLI MENTOLO, BOLI FRUTTA",175G,DOLCI,2026-01-02,2026-01-12
PATATINE AMICA CHIPS CLASSICA,450G,DOLCI,2025-07-01,2025-07-14
PATATINE CLASSICHE,300G,DOLCI,2024-08-13,2024-08-26
PATATINE GUSTO BACON,120G,DOLCI,2024-09-24,2024-10-07
PAVESINESI PAVESINI CLASSICI,200G,DOLCI,2024-02-13,2024-02-26
PAVESINI PAVESI,200G,DOLCI,2026-02-10,2026-02-23
PAVESINI PAVESI CLASSICI,200G,DOLCI,2023-12-05,2023-12-18
PAVESINI PAVESI GLI ORIGINALI,200G,DOLCI,2025-02-11,2025-02-24
PELUCHE CON OVETTI EMMECI NOVI,N/D,DOLCI,2026-03-24,2026-04-06
PLUM CAKE,205G,DOLCI,2026-06-02,2026-06-15
PLUM CAKE MULINO BIANCO,330G,DOLCI,2026-03-10,2026-03-23
PLUMCAKE AL CACAO,205G,DOLCI,2025-08-26,2025-09-08
PLUMCAKE MULINO BIANCO,660G,DOLCI,2025-05-06,2025-05-19
PLURICAKE,200G,DOLCI,2024-08-13,2024-08-26
POP CORN RICOPERTI ZAINI,120G,DOLCI,2024-02-13,2024-02-26
POPCORN RICOPERTI ZAINI,130G,DOLCI,2024-06-18,2024-07-01
PRALINA CIOCCOLATO RIPIENO DI GELATINA,72G,DOLCI,2025-05-06,2025-05-19
PRALINE,100G,DOLCI,2025-11-04,2025-11-17
PRALINE ASSORTITE,1KG,DOLCI,2025-12-02,2025-12-15
PRALINE CIOCCOLATO AL LATTE,200G,DOLCI,2025-12-02,2025-12-15
PRALINE DI CIOCCOLATO,100G,DOLCI,2024-12-17,2024-12-31
PRALINE DI CIOCCOLATO ASSORTITE,1KG,DOLCI,2024-12-03,2024-12-16
PRALINE DI CIOCCOLATO LA BUSSA,800G,DOLCI,2023-12-19,2023-12-31
PRALINE DUBAI CHOCOLATE VEGANI,180G,DOLCI,2025-11-04,2025-11-17
PRALINE GELATO TRES BON,72G,DOLCI,2025-12-16,2025-12-31
PRALINE VERGANI GUSTI ASSORTITI,100G,DOLCI,2024-11-05,2024-11-18
PREMIUM ROVELLI,205G,DOLCI,2025-11-04,2025-11-17
PREPARATI PER DOLCI S. MARTINO,290G,DOLCI,2024-02-13,2024-02-26
PREPARATO 9 TORTE CANEO,373G,DOLCI,2025-10-21,2025-11-03
PREPARATO BUDINO S.MARTINO,N/D,DOLCI,2025-03-11,2025-03-24
PREPARATO CAMEO,N/D,DOLCI,2024-11-19,2024-12-02
PREPARATO LE TORTE DEGLI ANGELI PANEGANGELI,410G,DOLCI,2025-11-04,2025-11-17
PREPARATO PER BROWNIE S.MARTINO,375G,DOLCI,2024-11-19,2024-12-02
PREPARATO PER BUDINO S.MARTINO,35G,DOLCI,2026-04-21,2026-05-04
PREPARATO PER BUDINO ZUCCHERATO,130G,DOLCI,2025-06-03,2025-06-16
PREPARATO PER CIOCCOLATO RISTORA,500G,DOLCI,2024-04-23,2024-05-06
PREPARATO PER CREMA PASTICCERIA EIAH,75G,DOLCI,2026-01-27,2026-02-09
PREPARATO PER DESSERT ELAH,N/D,DOLCI,2026-05-05,2026-05-18
PREPARATO PER PANCAKES CAMEO,250G,DOLCI,2024-08-27,2024-09-09
PREPARATO PER TORTA CHEESECAKE CAMEO,N/D,DOLCI,2025-06-17,2025-06-30
PREPARATO PER TORTA S.MARTINO,N/D,DOLCI,2026-06-02,2026-06-15
PROFITEROLES AL CACAO MERINGATA,35G,DOLCI,2026-04-21,2026-05-04
PROFITEROLES CACAO,350G,DOLCI,2024-09-24,2024-10-07
"PROPITEROLES, TIRAMISÙ",80GX2,DOLCI,2024-10-08,2024-10-21
PROTEIN BAR,55G,DOLCI,2025-09-23,2025-10-06
PROTEIN BAR NUTREND,60G,DOLCI,2026-04-21,2026-05-04
PROTEIN BAR NUTREND GUSTI ASSORTITI,55G,DOLCI,2024-06-04,2024-06-17
PROTEIN BAR TRENO,55G,DOLCI,2024-09-10,2024-09-23
PROTEIN E ENERGY BAR NUTREND,N/D,DOLCI,2025-05-06,2025-05-19
PROTEIN KREAM CACAO E NOCCIOLA,200G,DOLCI,2024-04-23,2024-05-06
PROTEIN PANCAKE,50G,DOLCI,2024-04-23,2024-05-06
PROTEIN PORRIDGE NATURAL CACAO,50G,DOLCI,2024-04-23,2024-05-06
RICE CRACKERS KOME TE,200G,DOLCI,2026-04-07,2026-04-20
RINGO PAVESI,165G,DOLCI,2026-05-05,2026-05-18
RINGO PAVESI VANIGLIA,165G,DOLCI,2024-07-30,2024-08-12
"RINGO PAVESI VANIGLIA, CACAO",530G,DOLCI,2024-07-16,2024-07-29
ROCKET ROVELLI,205G,DOLCI,2025-11-04,2025-11-17
SAIKEBON,N/D,DOLCI,2026-06-02,2026-06-15
SALTLETTS STICKS,150G,DOLCI,2025-04-08,2025-04-21
SAVOIARDI,300G,DOLCI,2026-01-02,2026-01-12
SAVOIARDI DI SARDEGNA,300G,DOLCI,2026-05-19,2026-06-01
SCHIACCIATELLE OLIVE PIZZA,320G,DOLCI,2026-04-21,2026-05-04
SCIROPPO D'AGAVE BIOLOGICO,360G,DOLCI,2024-06-04,2024-06-17
SFOGLIATINE CON DECORAZIONE ALL'ALBICOCCA,125G,DOLCI,2025-01-28,2025-02-10
SFOGLIATINE DOLCI,200G,DOLCI,2026-06-02,2026-06-15
SFOGLIATINE GLASSATE,125G,DOLCI,2026-01-13,2026-01-26
SFOGLIE DORATE,150G,DOLCI,2026-01-02,2026-01-12
SGRANOCCHI MULINO BIANCO,200G,DOLCI,2026-05-19,2026-06-01
SIGNOR WAFER,150G,DOLCI,2026-02-10,2026-02-23
SLITTA BUON NATALE,148G,DOLCI,2023-12-05,2023-12-18
SMARTIES,130G,DOLCI,2025-07-15,2025-07-28
SNACK AL GUSTO BACON SALATI PREZIOSI,130G,DOLCI,2024-05-07,2024-05-20
SNACK BREAK 3 NOCCIOLA LOACKER,76G,DOLCI,2026-02-24,2026-03-09
SNACK DI MAIS,100G,DOLCI,2026-03-10,2026-03-23
SNACK DI MAIS AL FORMAGGIO,100G,DOLCI,2025-09-09,2025-09-22
SNACK NESQUIK CACAO LATTE,28GX8,DOLCI,2024-12-03,2024-12-16
SNACK NESQUIK NESTLÉ,260G,DOLCI,2026-05-05,2026-05-18
"SNACK SALATI PIZZETTE POMODORO E MOZZARELLA, SALATINE MISTI GNON",250G,DOLCI,2024-12-17,2024-12-31
SNACK STELLE FILANTI,90G,DOLCI,2024-01-30,2024-02-12
SORBETTO ALL LINONE GELATO D'ITALIA,654G,DOLCI,2025-12-16,2025-12-31
SORBETTO TONITTO,310G,DOLCI,2024-03-19,2024-04-01
SPECIAL K CLASSIC KELLOGG'S,300G,DOLCI,2026-01-02,2026-01-12
SPOGLIATINE DOLCI,200G,DOLCI,2025-01-03,2025-01-13
STRENNA GRAN FESTA BATTISTORTO,N/D,DOLCI,2023-12-05,2023-12-18
STRUDEL DI MELE MONDA,600G,DOLCI,2026-01-02,2026-01-12
SULTANO NOCCIOLATO VERGANI,250G,DOLCI,2025-12-16,2025-12-31
TARALLI GLI ORIGINALI,250G,DOLCI,2025-06-03,2025-06-16
TARALLI GUSTO CLASSICO,400G,DOLCI,2026-01-13,2026-01-26
TAVOLLETTA DI CIOCCOLATO NOVI,80G,DOLCI,2024-04-16,2024-04-22
TORRONCINI DI COSTA,250G,DOLCI,2023-12-05,2023-12-18
TORRONCINI VERGANI,N/D,DOLCI,2025-12-02,2025-12-15
TORRONE ALLE MANDORLE VERGANI,150G,DOLCI,2023-12-05,2023-12-18
TORRONE CLASSICO FONDENTE,150G,DOLCI,2023-12-19,2023-12-31
TORRONE TENERO ALLE ARACHIDI,150G,DOLCI,2023-12-05,2023-12-18
TORTA MERINGATA,400G,DOLCI,2024-12-03,2024-12-16
TORTA MILE CACAO CON STELLE,900G,DOLCI,2024-11-05,2024-11-18
TORTA MILO,300G,DOLCI,2025-06-03,2025-06-16
TORTA MONSTER CAKE HAPPY HALLOWEEN GECHELE,350G,DOLCI,2025-10-21,2025-11-03
"TORTA STELLE, MELE",300G,DOLCI,2024-01-02,2024-01-15
TORTE,N/D,DOLCI,2024-10-22,2024-11-04
TORTILLA SEÑORITA AMICA CHIPS,185G,DOLCI,2026-01-27,2026-02-09
TORTINA DELIZIA/SACHER,N/D,DOLCI,2025-02-25,2025-03-10
TORTINA DELLA NONNA / SACHER,400G,DOLCI,2026-02-24,2026-03-09
TORTINA DELLA NONNA G 400,300G,DOLCI,2025-10-21,2025-11-03
TRANCETTO,280G,DOLCI,2026-06-02,2026-06-15
TRECCIA CREMA PASTICCERIA E GOCCE DI CIOCCOLATO,350G,DOLCI,2025-02-25,2025-03-10
TRECCIA DOLCE,350G,DOLCI,2025-10-07,2025-10-20
TRIANGOLINI DI MAIS BIO,100G,DOLCI,2024-06-04,2024-06-17
UOVA HELLO KITTY WALCOR,150G,DOLCI,2024-03-12,2024-03-18
UOVA KNAM DOLCI PREZIOSI,240G,DOLCI,2026-03-24,2026-04-06
UOVA KUNG FU PANDA BALOCCO,240G,DOLCI,2024-03-12,2024-03-18
"UOVO AL LATTE BIMBO, BIMBA",150G,DOLCI,2026-03-24,2026-04-06
UOVO AL LATTE DOLCI PREZIOSI,240G,DOLCI,2026-03-24,2026-04-06
UOVO BING DOLFIN,220G,DOLCI,2025-04-08,2025-04-21
UOVO DI CIOCCOLATO AUTOMOBILI CUTY ANIMALS,150G,DOLCI,2024-03-19,2024-04-01
UOVO DI CIOCCOLATO DOLCI PREZIOSI,150G,DOLCI,2024-03-19,2024-04-01
UOVO DI CIOCCOLATO FONDENTE,800G,DOLCI,2024-03-19,2024-04-01
UOVO DI TUTTI,150G,DOLCI,2025-04-08,2025-04-21
UOVO DOLFIN,N/D,DOLCI,2025-04-08,2025-04-21
UOVO FERRERO ROCHER,250G,DOLCI,2025-04-08,2025-04-21
UOVO KINDER GRAN SORPRESA,N/D,DOLCI,2025-04-08,2025-04-21
UOVO KNAM PREZIOSI,250G,DOLCI,2025-04-08,2025-04-21
"UOVO LATTE, FONDENTE CON SORPRESA",600G,DOLCI,2025-04-08,2025-04-21
UOVO LOONEY TUNES,200G,DOLCI,2026-03-24,2026-04-06
UOVO LOONEY TUNES WALCOR,250G,DOLCI,2025-04-08,2025-04-21
UOVO PERUGINA,245G,DOLCI,2026-03-10,2026-03-23
UOVO SONIC DOLFIN,220G,DOLCI,2026-03-10,2026-03-23
UOVO SORPRESA,600G,DOLCI,2026-03-24,2026-04-06
UOVO WINX BALOCCO,240G,DOLCI,2026-03-10,2026-03-23
VANIGLIA NATURALE PANEANGELLI,11PZ,DOLCI,2025-10-07,2025-10-20
VANILLINA,4BUSTINE,DOLCI,2026-01-27,2026-02-09
VASSO BLU COBALTO,N/D,DOLCI,2024-12-03,2024-12-16
"VASSO DI PANDORO, PRALINE, TORRONI E CANTUCCI",N/D,DOLCI,2023-12-05,2023-12-18
VASSO PRESENT,N/D,DOLCI,2024-12-03,2024-12-16
VIENNETTA ALGIDA,320G,DOLCI,2024-10-08,2024-10-21
VIENNETTA ALLA VANIGLIA AL GUIDA,500G,DOLCI,2024-07-30,2024-08-12
VINCI X FACTOR CREMA CREMANOVI,200G,DOLCI,2025-10-07,2025-10-20
WAFER,150G,DOLCI,2024-01-02,2024-01-15
WAFER CABRIONI,45GX5,DOLCI,2025-07-29,2025-08-11
WAFER CHOCOLATERIE,110G,DOLCI,2025-11-04,2025-11-17
WAFER CHOCOLATERIE LOAVER,180G,DOLCI,2026-03-10,2026-03-23
WAFER CLASSIC DOUBLE CHOCOLATE,392G,DOLCI,2025-02-11,2025-02-24
WAFER CLASSIC LOACKER,182G,DOLCI,2026-01-27,2026-02-09
WAFER LOACKER GARDENIA CIOCCOLATE HAZELNUT,200G,DOLCI,2024-11-05,2024-11-18
WAFER MAXI LOACKER,167.5G,DOLCI,2026-05-05,2026-05-18
WAFER PER GELATO TOACKER,150G,DOLCI,2025-07-15,2025-07-28
WAFER QUADRO,187G,DOLCI,2025-11-18,2025-12-01
"WAFER VANIGLIA, CACAO",150G,DOLCI,2025-08-26,2025-09-08
WAFERINI,400G,DOLCI,2024-08-27,2024-09-09
"WAFERINI NOCCIOLA, CACAO",400G,DOLCI,2024-09-24,2024-10-07
WAFERS BALOCCO,175G,DOLCI,2026-01-13,2026-01-26
WAFFELN,250G,DOLCI,2024-02-13,2024-02-26
ZUCCA HALLOWEEN,70G,DOLCI,2025-10-21,2025-11-03
50 FETTE DI FORMAGGIO,1KG,FORMAGGI,2024-06-04,2024-06-17
ASIAGO DOP ALTO PRATO,250G,FORMAGGI,2025-10-21,2025-11-03
BEL PAESE GALBANI,1KG,FORMAGGI,2026-04-21,2026-05-04
BIANCO COMBI LINEA BIANCA,800G,FORMAGGI,2025-05-06,2025-05-19
BIRAGHINI BIRAGHI,400G,FORMAGGI,2026-04-21,2026-05-04
BIRAGHINI GRAN BIRAGHINI,400G,FORMAGGI,2024-12-17,2024-12-31
BIRAGHINI SNACK,16.67GX4,FORMAGGI,2024-05-07,2024-05-20
BLU DI CAPRA DOLCE IGOR,150G,FORMAGGI,2026-04-07,2026-04-20
BOCCOCINI DI MOZZARELLA FIOR DI LATTE,100GX5,FORMAGGI,2026-04-07,2026-04-20
BOCCONCINI RIPIENI VALLELATA,180G,FORMAGGI,2026-04-21,2026-05-04
BOCCONCINI RIPIENI VALLELATA CON CREMA DI LATTE,180G,FORMAGGI,2026-02-24,2026-03-09
BRIE,200G,FORMAGGI,2026-06-02,2026-06-15
BRIE PRESIDENT,N/D,FORMAGGI,2026-03-24,2026-04-06
BURRATA DI BUFALA,125G,FORMAGGI,2025-05-20,2025-06-02
BURRATA DI BUFALA PONTE REALE,125G,FORMAGGI,2026-05-19,2026-06-01
BURRATA NONNO NANNI,125G,FORMAGGI,2026-05-05,2026-05-18
BURRO,500G,FORMAGGI,2026-06-02,2026-06-15
BURRO GIGLIO,500G,FORMAGGI,2024-06-04,2024-06-17
BURRO LATTERIA PREALPINA,500G,FORMAGGI,2026-04-07,2026-04-20
BURRO LEGGERMENTE SALATO SORESINA,125G,FORMAGGI,2026-03-24,2026-04-06
BURRO SELEZIONE BIRAGHI,100GX2,FORMAGGI,2026-04-21,2026-05-04
CACIOTTA,100G,FORMAGGI,2026-05-19,2026-06-01
CACIOTTINA CASCINA BOSCO GEROLO,1KG,FORMAGGI,2026-04-21,2026-05-04
CAMEMBERT,250G,FORMAGGI,2024-04-02,2024-04-15
CAMEMBERT FRANCESE,250G,FORMAGGI,2026-05-05,2026-05-18
CAPRINO DI LATTE DI CAPRA,80G,FORMAGGI,2026-04-07,2026-04-20
CAPRINO DI LATTE VACCINO,80G,FORMAGGI,2026-01-13,2026-01-26
CAPRINO VACCINO,80G,FORMAGGI,2024-01-30,2024-02-12
CAPRINO VACCINO I SAPORI DEL LATTE,80G,FORMAGGI,2026-05-19,2026-06-01
CERTOSA GALBANI,N/D,FORMAGGI,2026-03-24,2026-04-06
CERTOSINO GALBANI,100G,FORMAGGI,2025-02-11,2025-02-24
CILIEGINE DI MOZZARELLA DI BUFALA CAMPANA DOP PONTE REALE,50GX5,FORMAGGI,2025-07-29,2025-08-11
CREMA BEL PAESE GALBANI,56G,FORMAGGI,2024-02-13,2024-02-26
CREMOSO CAMEO,112G,FORMAGGI,2026-05-19,2026-06-01
CRETTA GALBANI,N/D,FORMAGGI,2025-06-17,2025-06-30
CRÈME DE BRIE PRESIDENT,125G,FORMAGGI,2026-05-05,2026-05-18
CUBETTI DI FORMAGGIO ALLA RICOTTA,280G,FORMAGGI,2024-07-30,2024-08-12
DOLCETTO GORGONZOLA E MASCARPONE,200G,FORMAGGI,2024-04-16,2024-04-22
EMMENTALER SVIZZERO DOP,100G,FORMAGGI,2026-05-05,2026-05-18
EMMENTALER SVIZZERO TIGRE,140G,FORMAGGI,2024-04-16,2024-04-22
"FAGOTTINI CON FETA, MINI ROLL, BRUSCHI E FORMAGGIO",450G,FORMAGGI,2025-09-23,2025-10-06
FETA DOP,100G,FORMAGGI,2026-05-19,2026-06-01
FETA GRECA DOP,200G,FORMAGGI,2025-08-26,2025-09-08
FETA GRECA DOP A CUBETTI,150G,FORMAGGI,2026-05-05,2026-05-18
FETTINE CAMPINELLE,200G,FORMAGGI,2026-01-13,2026-01-26
FETTINE CAMPINELLE LIGHT,200G,FORMAGGI,2026-01-02,2026-01-12
FETTINE CAMPINELLE LIGHT CAMPO FIORITO,200G,FORMAGGI,2025-01-03,2025-01-13
FETTINE CLASSICHE KRAFT,175G,FORMAGGI,2026-04-21,2026-05-04
FETTINE CON CHEDDAR CHED UP BURGER,150G,FORMAGGI,2025-10-21,2025-11-03
FETTINE CON CHEDDAR CHED'UP BURGER,150G,FORMAGGI,2026-05-19,2026-06-01
FETTINE DI CHEDDAR,150G,FORMAGGI,2024-10-22,2024-11-04
FETTINE DI EMENTALZER SVIZZERO TIGRE,140G,FORMAGGI,2025-06-17,2025-06-30
FETTINE DI EMMENTALER SVIZZERO TIGRE,140G,FORMAGGI,2025-11-18,2025-12-01
FETTINE DI FORMAGGIO BON TONTE,1KG,FORMAGGI,2025-06-03,2025-06-16
FETTINE DI FORMAGGIO BONFETTE CAMPO DEI FIORI,1KG,FORMAGGI,2025-09-23,2025-10-06
FETTINE DI IMMENTALER DIVERSO TIGRE,140G,FORMAGGI,2026-03-10,2026-03-23
FIOCCHI DI LATTE ALPLI,200G,FORMAGGI,2025-04-22,2025-05-05
FIOCCHI DI LATTE ALPLÌ,150G,FORMAGGI,2025-01-14,2025-01-27
FIOCCO DELLA VALTELLINA,100G,FORMAGGI,2026-03-10,2026-03-23
FIOCCO VALTELLINA,100G,FORMAGGI,2025-08-12,2025-08-25
FOGLIA EXTRAFINE LASAGNE,250G,FORMAGGI,2026-05-19,2026-06-01
FONDUTA ALLA VALDOSTANA FONTINA,400G,FORMAGGI,2025-10-21,2025-11-03
FONTAL,N/D,FORMAGGI,2024-01-30,2024-02-12
FONTAL ESTERO,N/D,FORMAGGI,2026-04-07,2026-04-20
FONTAL NAZIONALE,100G,FORMAGGI,2025-11-04,2025-11-17
FONTINA AOSTA DOP,100G,FORMAGGI,2026-05-05,2026-05-18
FORMAGGINI BEL PAESE GALBANI,50G,FORMAGGI,2026-02-10,2026-02-23
FORMAGGINI TIGRE,145G,FORMAGGI,2026-05-19,2026-06-01
FORMAGGINO,100G,FORMAGGI,2026-03-10,2026-03-23
FORMAGGINO CAMPO DEI FIORI,125G,FORMAGGI,2024-02-13,2024-02-26
FORMAGGIO ALLA FRUTTA MILK,50GX6,FORMAGGI,2025-03-25,2025-04-07
FORMAGGIO ALTO PRATO,350G,FORMAGGI,2026-04-07,2026-04-20
FORMAGGIO DI CAPRA SPALMABILE PAYSAN BRETON,125G,FORMAGGI,2026-06-02,2026-06-15
"FORMAGGIO EMENTAL BAVARESE, FONTAL",350G,FORMAGGI,2025-01-28,2025-02-10
FORMAGGIO GRAN PIEMONT,100G,FORMAGGI,2025-04-22,2025-05-05
FORMAGGIO GRATTUGIATO FRESCO BIRAGHI,100G,FORMAGGI,2024-05-21,2024-06-03
FORMAGGIO GRATTUGIATO MIX,100G,FORMAGGI,2026-06-02,2026-06-15
FORMAGGIO GRECO DI VACCA,800G,FORMAGGI,2024-04-02,2024-04-15
FORMAGGIO GRECO MERAKI,300G,FORMAGGI,2026-01-13,2026-01-26
FORMAGGIO ITALIANO GRANAROLO,800G,FORMAGGI,2026-02-24,2026-03-09
FORMAGGIO PRIMO SALE SICILIANO PEPATO,100G,FORMAGGI,2026-03-10,2026-03-23
FORMAGGIO SVIZZERO,250G,FORMAGGI,2024-05-21,2024-06-03
FORMAGGIO SWISS SWITZERLAND FERRARI,250G,FORMAGGI,2026-05-19,2026-06-01
FORMAGGIO TELEMEA DE VACA EYBERNLAND,800G,FORMAGGI,2026-04-07,2026-04-20
FORNAGGI ALTOPRATO,300G,FORMAGGI,2024-06-04,2024-06-17
FRUTTAPEC CAMEO,75G,FORMAGGI,2026-05-19,2026-06-01
GALBANETTO BREAK TRADIZIONALE GALBANI,100G,FORMAGGI,2025-08-12,2025-08-25
GALBANONE AFFUMICATO GALBANI,100G,FORMAGGI,2024-05-07,2024-05-20
GORGONZOLA DOLCE DOP,100G,FORMAGGI,2026-05-19,2026-06-01
GORGONZOLA DOLCE DOP AL CUCCHIAIO,100G,FORMAGGI,2025-05-06,2025-05-19
GORGONZOLA DOP,200G,FORMAGGI,2026-05-19,2026-06-01
GORGONZOLA DOP BIO IGOR,200G,FORMAGGI,2025-12-02,2025-12-15
GORGONZOLA DOP DOLCE GIM INVERNIZZI,N/D,FORMAGGI,2026-04-07,2026-04-20
GORGONZOLA DOP E MASCARPONE,100G,FORMAGGI,2026-03-10,2026-03-23
GORGONZOLA DOP IGOR,150G,FORMAGGI,2026-02-10,2026-02-23
GORGONZOLA DOP PICANTE,150G,FORMAGGI,2025-05-06,2025-05-19
GORGONZOLA DOP SENZA LATTOSIO,150G,FORMAGGI,2026-04-21,2026-05-04
GRAN BIRAGHI,200G,FORMAGGI,2025-04-22,2025-05-05
GRAN MIX GRATTUGIATO FERRARI CLASSICO,200G,FORMAGGI,2026-06-02,2026-06-15
GRAN MIX PECORINO FERRARI,100G,FORMAGGI,2026-02-24,2026-03-09
GRAN PECORINO GRATTUGIATO,100G,FORMAGGI,2025-11-04,2025-11-17
GRAN PECORINO GRATTUGIATO PINNA,100G,FORMAGGI,2026-04-21,2026-05-04
GRAN RICOTTA SUPER CREMOSA BIRAGHI,230G,FORMAGGI,2026-04-21,2026-05-04
GRANA BIRAGHI GRATTUGIATO FRESCO,60G,FORMAGGI,2026-04-21,2026-05-04
GRANA PADANO DOP,N/D,FORMAGGI,2026-03-24,2026-04-06
GRANA PADANO DOP IN SCAGLIE,80G,FORMAGGI,2026-04-07,2026-04-20
GRANA PADANO RISERVA DOP GRATTUGIATO FRESCO FERRAGI,N/D,FORMAGGI,2026-03-10,2026-03-23
GRANBIRAGHI SPICCHIO BIRAGHI,500G,FORMAGGI,2026-03-10,2026-03-23
GRANMIX CUCINA GRATTUGIATO FRESCO FERRARI,100G,FORMAGGI,2026-04-07,2026-04-20
GRATTIGIATO FRESCO GRAN BIRAGHI,100G,FORMAGGI,2026-03-24,2026-04-06
GRATTIGLIATO ITALIANO GRANAROLO,90G,FORMAGGI,2026-01-27,2026-02-09
GRATTUGIATO FRESCO GRAN BIRAGHI,100G,FORMAGGI,2026-05-19,2026-06-01
GUSTO-GUSTO SENZA LATTOSIO,150G,FORMAGGI,2025-08-12,2025-08-25
HIGH PROTEIN STUFFER,200G,FORMAGGI,2026-05-19,2026-06-01
IL FRESCO CREMOSO EXQUISA CLASSICO,300G,FORMAGGI,2026-05-19,2026-06-01
IL FRESCO SPALMABILE NONNO NANNI,150G,FORMAGGI,2026-04-07,2026-04-20
IL GRAN TURCHESE COLUSSI,1.2KG,FORMAGGI,2026-04-21,2026-05-04
INVERNIZZENNA INVERNIZZI,150G,FORMAGGI,2024-01-16,2024-01-29
INVERNIZZINA INVERNIZZI,150G,FORMAGGI,2026-05-19,2026-06-01
L'ABC DELLA MERENDA PARMAREGGIO,N/D,FORMAGGI,2026-04-21,2026-05-04
L'ABC DELLA MERENDA PARMAREGGIO FRULLATO + GRISSINI,N/D,FORMAGGI,2024-02-13,2024-02-26
L'ANTIPASTO DEL RE,540G,FORMAGGI,2024-12-03,2024-12-16
LATTICINO FRESCO PROTEIN NARELLA,175G,FORMAGGI,2026-04-21,2026-05-04
LINEA OSELLA,125G,FORMAGGI,2026-04-21,2026-05-04
LINEA OSELLA BRIE,125G,FORMAGGI,2025-07-29,2025-08-11
LO STRACCHINO SENZA LATTOSIO,150G,FORMAGGI,2025-01-28,2025-02-10
LUNA DI PRIMOSALE,200G,FORMAGGI,2026-05-05,2026-05-18
MAASDAMMER,100G,FORMAGGI,2026-06-02,2026-06-15
MARGARINA GIOLIA,250G,FORMAGGI,2025-01-03,2025-01-13
MASCARPONE,500G,FORMAGGI,2026-06-02,2026-06-15
MASCARPONE ACCADI GRANAROLO,250G,FORMAGGI,2025-12-02,2025-12-15
MASCARPONE CAMPANA DOP ACCADI GRANAROLO,250G,FORMAGGI,2024-07-30,2024-08-12
MASCARPONE CREMOSO,250G,FORMAGGI,2025-01-14,2025-01-27
MASCARPONE LATTE CARSO,500G,FORMAGGI,2024-06-04,2024-06-17
MASCARPONE POTENGO,250G,FORMAGGI,2024-11-05,2024-11-18
MASCARPONE POTENZA,250G,FORMAGGI,2024-03-19,2024-04-01
MASCARPONE STUFFER,500G,FORMAGGI,2026-03-24,2026-04-06
MESCOLANZA PANARELLO,250G,FORMAGGI,2026-04-07,2026-04-20
MISTO FANTASIE LA SUISSA,600G,FORMAGGI,2025-12-16,2025-12-31
MIX HÜLLER,150GX4,FORMAGGI,2025-10-21,2025-11-03
MOZZARELLA BIO VALLELATA GALBANI,100G,FORMAGGI,2026-02-10,2026-02-23
MOZZARELLA BOCCONCINI,100GX5,FORMAGGI,2024-12-03,2024-12-16
MOZZARELLA BOCCONCINO LIGHT,125G,FORMAGGI,2026-04-21,2026-05-04
MOZZARELLA FIOR DI LATTE BIO VALLELATA GALBANI,100G,FORMAGGI,2024-06-04,2024-06-17
MOZZARELLA FIOR DI LATTE SENZA LATTOSIO,100G,FORMAGGI,2025-01-28,2025-02-10
MOZZARELLA GRANAROLO,100GX3,FORMAGGI,2026-05-19,2026-06-01
MOZZARELLA IN SFOGLIA,130G,FORMAGGI,2024-05-07,2024-05-20
MOZZARELLA JULIENNE,200G,FORMAGGI,2026-06-02,2026-06-15
MOZZARELLA LIGHT,125G,FORMAGGI,2025-10-07,2025-10-20
MOZZARELLA OPTIMUS,100GX3,FORMAGGI,2026-04-21,2026-05-04
MOZZARELLA PER PIZZA JULIENNE,G200,FORMAGGI,2025-06-03,2025-06-16
MOZZARELLA SANTA LUCIA GRANINI,100G,FORMAGGI,2026-03-10,2026-03-23
MOZZARELLA TRIS SANTA LUCIA GALBANI,100GX3,FORMAGGI,2026-03-24,2026-04-06
MOZZARELLA VALFORITA JULIENNE BAYERNLAND,200G,FORMAGGI,2026-05-19,2026-06-01
MOZZARELLA VALFORITA JULIENNE SENZA LATTOSIO BAYERLAND,200G,FORMAGGI,2025-05-20,2025-06-02
MOZZARELLA VALGARDENA GEMMA,125GX4,FORMAGGI,2025-05-20,2025-06-02
MOZZARELLA VALLELLATA GALBANI,100G,FORMAGGI,2024-10-22,2024-11-04
MOZZARELLE DI BUFALA CAMPANA DOP,100GX3,FORMAGGI,2026-04-21,2026-05-04
MOZZARELLE FIOR DI LATTE CILIEGINE,200G,FORMAGGI,2026-05-19,2026-06-01
MOZZARELLE INVERNIZZI,100GX2,FORMAGGI,2025-07-01,2025-07-14
MOZZARELLE MOZARI INVERNIZZI,100GX3,FORMAGGI,2026-05-05,2026-05-18
MOZZARELLINE PANATE SOAVEGEL,200G,FORMAGGI,2025-07-01,2025-07-14
PARMIGIANO REGGIANO DOP,100G,FORMAGGI,2026-05-05,2026-05-18
PARMIGIANO REGGIANO DOP 20 MESI,100G,FORMAGGI,2025-12-16,2025-12-31
PARMIGIANO REGGIANO DOP FERRAHI,150G,FORMAGGI,2025-06-17,2025-06-30
PARMIGIANO REGGIANO DOP FERRARI 16 MESI,150G,FORMAGGI,2024-11-05,2024-11-18
PARMIGIANO REGGIANO DOP GRATTUGIATO FRESCO FERRARI,60G,FORMAGGI,2026-04-21,2026-05-04
PARMIGIANO REGGIANO DOP PARMAREGGIO,500G,FORMAGGI,2026-03-24,2026-04-06
PARMIGIANO REGGIANO FERRARI,60G,FORMAGGI,2025-04-22,2025-05-05
PECORINO BRIGANTE PINNA,100G,FORMAGGI,2026-06-02,2026-06-15
PECORINO DOP ITALIANO GRATTIGIATO FRESCO FERRARI,60G,FORMAGGI,2026-01-27,2026-02-09
PECORINO FIORE SARDO DOP,N/D,FORMAGGI,2025-01-28,2025-02-10
PECORINO GRANMIX FERRARI,100G,FORMAGGI,2024-02-27,2024-03-11
PECORINO MONTANARO SEMI STAGIONATO,100G,FORMAGGI,2025-08-12,2025-08-25
PECORINO MONTANARO SEMISTAGIONATO,100G,FORMAGGI,2025-03-11,2025-03-24
PECORINO SARDO DOP MATURO,N/D,FORMAGGI,2026-04-07,2026-04-20
PHILADELPHIA,62GX2,FORMAGGI,2026-05-19,2026-06-01
PHILADELPHIA CLASSICO,250G,FORMAGGI,2026-03-24,2026-04-06
PHILADELPHIA LIGHT,190G,FORMAGGI,2026-05-05,2026-05-18
PHILADELPHIA ORIGINAL,60GX2,FORMAGGI,2025-07-15,2025-07-28
PITTI GRECI,450G,FORMAGGI,2024-10-22,2024-11-04
PROVOLETTA SILANA,100G,FORMAGGI,2026-06-02,2026-06-15
PROVOLONE ALTO PRATO,250G,FORMAGGI,2024-10-08,2024-10-21
PROVOLONE ALTO PRATO PICCANTE DOLCE,250G,FORMAGGI,2025-10-07,2025-10-20
RICOTTA FRESCA,450G,FORMAGGI,2026-06-02,2026-06-15
RICOTTA FRESCA GRANAROLO,250G,FORMAGGI,2025-07-15,2025-07-28
RICOTTA FRESCA NATURA BIANCA ELDA,250G,FORMAGGI,2025-10-07,2025-10-20
RICOTTA GRANAROLO,250G,FORMAGGI,2026-03-24,2026-04-06
RICOTTA VALLELATA,100G,FORMAGGI,2026-06-02,2026-06-15
RICOTTINA BIO,100GX2,FORMAGGI,2026-02-10,2026-02-23
RICOTTINA LIGHT SANTA LUCIA GALBANI,90G2,FORMAGGI,2026-05-19,2026-06-01
RICOTTINE ACCADI GRANAROLO,100G,FORMAGGI,2026-02-24,2026-03-09
RICOTTINE SENZA LATTOSIO A CACCIA GRANAROLO,100G2,FORMAGGI,2026-05-19,2026-06-01
RICOTTINE SENZA LATTOSIO ACCADI GRANAROLO,100GX2,FORMAGGI,2025-10-21,2025-11-03
ROBIOLA NONNI HANNI,100G,FORMAGGI,2025-12-02,2025-12-15
ROBIOLA NONNO NANNI,100G,FORMAGGI,2024-12-03,2024-12-16
ROBIOLA NONNO NANNI SENZA LATTOSIO,100G,FORMAGGI,2026-03-24,2026-04-06
ROBIOLA OSELLA,75GX2,FORMAGGI,2026-06-02,2026-06-15
ROBIOLINA,100G,FORMAGGI,2024-04-02,2024-04-15
ROQUEFORT DOP,100G,FORMAGGI,2024-12-17,2024-12-31
ROQUEFORT DOP PAYSAN BRETON,100G,FORMAGGI,2025-12-16,2025-12-31
"SCAMORZA AFFUMICATA, BIANCA",300G,FORMAGGI,2026-06-02,2026-06-15
SCAMORZA EKOM,90G,FORMAGGI,2025-07-01,2025-07-14
SNACK BIRAGHI,10.07GX3,FORMAGGI,2026-04-21,2026-05-04
SNACK BIRAGHINI BIRAGHI,10.07X1G,FORMAGGI,2026-01-02,2026-01-12
SNACK PRONTI SOAVEGEL,N/D,FORMAGGI,2026-06-02,2026-06-15
SOAVELLI,200G,FORMAGGI,2026-04-21,2026-05-04
SOTTILETTE LE ORIGINALI,285G,FORMAGGI,2026-01-27,2026-02-09
SOTTILETTE LE ORIGINALI CLASSICHE,285G,FORMAGGI,2026-05-05,2026-05-18
SPECIALITÀ GRECHE FAGOTTINI,450G,FORMAGGI,2026-02-24,2026-03-09
SPIDINI DI TOMINI,600G,FORMAGGI,2025-08-12,2025-08-25
SQUAQUERELLO NONNO NANNI,200G,FORMAGGI,2026-04-21,2026-05-04
STRACCHINO,320G,FORMAGGI,2026-06-02,2026-06-15
STRACCHINO GRANAROLO,170G,FORMAGGI,2026-05-19,2026-06-01
STRACCHINO IL BORGO,100G,FORMAGGI,2025-07-01,2025-07-14
STRACCHINO INVERNIZZINA,500G,FORMAGGI,2026-04-21,2026-05-04
STRACCHINO INVERNIZZINA INVERNIZZI,500G,FORMAGGI,2024-11-19,2024-12-02
STRACCHINO NONNO NANNI,200G,FORMAGGI,2026-03-24,2026-04-06
STRACCHINO SENZA LATTOSO,60G,FORMAGGI,2026-01-13,2026-01-26
STRACCIATELLA NONNI NONNI,150G,FORMAGGI,2024-05-21,2024-06-03
STRACCIATELLA NONNO NANNI,150G,FORMAGGI,2026-05-19,2026-06-01
STRUTTO,250G,FORMAGGI,2025-10-21,2025-11-03
TALEGGIO DOP,100G,FORMAGGI,2026-05-05,2026-05-18
TAMNEZZINI ALTO PROTEICO BRESALA,150G,FORMAGGI,2025-05-06,2025-05-19
TOMA DI GRESSONEY,1KG,FORMAGGI,2026-04-21,2026-05-04
TOMA PIEMONTESE DOP,100G,FORMAGGI,2026-02-24,2026-03-09
TOMINI,80G,FORMAGGI,2024-05-07,2024-05-20
TOMINI AROMATICI,200G,FORMAGGI,2026-06-02,2026-06-15
TOMINI CLASSICI,80G,FORMAGGI,2026-04-07,2026-04-20
TOMINI CLASSICI PEZZANA,80GX2,FORMAGGI,2025-07-01,2025-07-14
TOMINI CON SPECKE PEZZANA,200G,FORMAGGI,2025-04-22,2025-05-05
TOMINI CON SPECKS,80GX2,FORMAGGI,2026-02-10,2026-02-23
TOMINO FIOR DI BOSCO,N/D,FORMAGGI,2026-04-07,2026-04-20
TRECCINA DI MOZZARELLA,125G,FORMAGGI,2025-08-26,2025-09-08
10 PIATTI PIZZA COMPOSTABILE,10PZ,GENERICO,2026-01-13,2026-01-26
4 PIZZETTE SNACK MARGHERITA,320G,GENERICO,2026-01-13,2026-01-26
4 UOVA FRESCHE,4PZ,GENERICO,2025-06-17,2025-06-30
4 UOVA FRESCHE BIOLOGICHE,4PZ,GENERICO,2026-02-10,2026-02-23
4 UOVA FRESCHE DA AGRICOLTURA BIOLOGICA,4PZ,GENERICO,2024-06-04,2024-06-17
4 UOVA FRESCHE GRANDISSIME,4PZ,GENERICO,2024-02-13,2024-02-26
6 CALICI DI VINO,6PZ,GENERICO,2025-10-07,2025-10-20
6 UOVA FRESCHE DA GALLINE ALLEVATE A TERRA,6PZ,GENERICO,2024-05-21,2024-06-03
6 UOVA FRESCHE PER PASTA GIALLA,6PZ,GENERICO,2023-12-05,2023-12-18
ABACHIDI SGUSCIATE KOME TE,750G,GENERICO,2025-12-16,2025-12-31
ACCAPPATOIO COTONE KIDS,N/D,GENERICO,2024-01-02,2024-01-15
ACCAPPATOIO DA VIAGGIO BASSETTI,N/D,GENERICO,2025-10-21,2025-11-03
ACCESSORI CUCINA DECORATI CHRISTMAS TRAIN,N/D,GENERICO,2024-11-19,2024-12-02
ACCESSORI DA TAVOLA BIBO,N/D,GENERICO,2024-12-17,2024-12-31
ACCESSORI TAVOLA,N/D,GENERICO,2024-12-17,2024-12-31
ACCESSORI TAVOLA GLADY,N/D,GENERICO,2024-08-27,2024-09-09
ACCESSORI TAVOLA GOLD BIBO,N/D,GENERICO,2025-12-02,2025-12-15
AD BLUE FUEL FORCE,5LT,GENERICO,2024-02-13,2024-02-26
ADBLUE FUEL FORCE,5LT,GENERICO,2025-05-06,2025-05-19
AFFETTATI VEGETALI,80G,GENERICO,2024-09-24,2024-10-07
ALLUMINIO DOMO PAK,N/D,GENERICO,2025-08-12,2025-08-25
ANNAFFIATOIO IN PLASTICA,9LT,GENERICO,2024-05-07,2024-05-20
APERIPASTA CARBONARA,225G,GENERICO,2025-02-25,2025-03-10
"ARACHIDI BBQ, HONEY, PAPRIKA",150G,GENERICO,2024-06-18,2024-07-01
ARACHIDI CAMEO TOSTATE E SALATE,300G,GENERICO,2024-05-21,2024-06-03
ARACHIDI IN GUSCIO TOSTATE KOME TE,750G,GENERICO,2026-05-05,2026-05-18
ARACHIDI IN GUSCIO TOSTATE KOMETE,750G,GENERICO,2026-06-02,2026-06-15
ARACHIDI MR CHECK,150G,GENERICO,2026-05-19,2026-06-01
ARACHIDI SALATE TOSTATE,400G,GENERICO,2024-06-18,2024-07-01
ARACHIDI TOSTATE,500G,GENERICO,2023-12-05,2023-12-18
ASCIUGACAPELLI INNOLIVING,N/D,GENERICO,2025-03-11,2025-03-24
ASCIUGAMANO RINFRESCANTE RUNNING UMBRO,N/D,GENERICO,2025-09-23,2025-10-06
ASSE DA STIRO,N/D,GENERICO,2024-01-16,2024-01-29
ASTUCCIO TRIPLO ASSORTITI,N/D,GENERICO,2024-08-13,2024-08-26
AUTO STARLIGHT WOLF MONSTER RADIOCONTROLLATE,N/D,GENERICO,2025-11-18,2025-12-01
BABY PELUCHE UNICORNO,N/D,GENERICO,2025-11-18,2025-12-01
BACINELLA QUADRATA NEWTON,10LT,GENERICO,2025-01-14,2025-01-27
BARBECUE CON COPERCHIO,N/D,GENERICO,2026-04-07,2026-04-20
BARBECUE ELETTRICO CON TERMOSTATO JOYTECK,N/D,GENERICO,2026-04-07,2026-04-20
BARBECUE RETTANGOLARE,N/D,GENERICO,2025-04-22,2025-05-05
BARBEQUE CON GRIGLIA FERRABOLI,N/D,GENERICO,2024-05-07,2024-05-20
BICARBONATO GEMMA DI MARE,600G,GENERICO,2026-05-19,2026-06-01
BICCHIERE BIRRA HOPS,570ML,GENERICO,2025-07-01,2025-07-14
BICCHIERI,N/D,GENERICO,2024-06-18,2024-07-01
BICCHIERI BIO TABLE,50PZ,GENERICO,2026-04-07,2026-04-20
BICCHIERI BIODEGRADABILI,50PZ,GENERICO,2025-04-22,2025-05-05
BICCHIERI COMPOSTABILI,50PZ,GENERICO,2026-02-10,2026-02-23
BICCHIERI DI PLASTICA,50PZ,GENERICO,2025-12-16,2025-12-31
BICCHIERI HALLOWEEN,10PZ,GENERICO,2024-10-08,2024-10-21
BIG NACHO EL SABOR,200G,GENERICO,2025-11-04,2025-11-17
BIG NACHOS,200G,GENERICO,2026-04-21,2026-05-04
BIJOUX COLLECTION BARBIE,N/D,GENERICO,2024-11-19,2024-12-02
BILANCIA CUCINA ACCIAIO MASTERPRO,N/D,GENERICO,2025-11-18,2025-12-01
BILANCIA DIGITALE PESAPERSONE INNOLIVING,N/D,GENERICO,2025-03-11,2025-03-24
BOBINA CON FILO PLASTIFICATO,25MT,GENERICO,2024-05-07,2024-05-20
BOREA MARE + POCHETTE,N/D,GENERICO,2026-05-19,2026-06-01
BORSA ACQUA CALDA ELETTRICA,N/D,GENERICO,2024-10-22,2024-11-04
BORSA CONTENITORE FELTRO,48X25X25,GENERICO,2024-01-02,2024-01-15
BORSA FRIGO,N/D,GENERICO,2026-05-19,2026-06-01
BORSA MARE PORTATUTTO FORATA,N/D,GENERICO,2025-05-20,2025-06-02
BORSA TERMICA,6LT,GENERICO,2024-05-21,2024-06-03
BORSA TERMICA CARRERA,N/D,GENERICO,2025-05-20,2025-06-02
BORSETTA FASHION BARBIE,N/D,GENERICO,2025-11-18,2025-12-01
BOX DK LIVING,N/D,GENERICO,2026-02-24,2026-03-09
BOX KATLA DOMOPAK LIVING,20LT,GENERICO,2024-10-22,2024-11-04
BRIKETTE CARBONELLA FLAM,3KG,GENERICO,2026-04-21,2026-05-04
BURGER 100% VEGETALE,110GX2,GENERICO,2024-07-30,2024-08-12
BURRO D'ARACHIDI,350G,GENERICO,2026-06-02,2026-06-15
BUSTINE DI ZUCCHERO,1KG,GENERICO,2024-11-19,2024-12-02
BUSTINE DIARI ASSORTITI,N/D,GENERICO,2024-08-13,2024-08-26
BUSTINE VOUETTE ASSORTITE,N/D,GENERICO,2025-08-26,2025-09-08
CALICI VINO,6PZ,GENERICO,2024-09-24,2024-10-07
CAMION VALIGETTA SILVER WHEEL,6PZ,GENERICO,2025-11-18,2025-12-01
CANCELLERIA ASSORTITA,N/D,GENERICO,2025-08-26,2025-09-08
CARAFFA BRITA MARELLA,N/D,GENERICO,2024-11-19,2024-12-02
CARAFFA SKY FREETIME,1LT,GENERICO,2025-07-29,2025-08-11
CARBO SPRINT FIT&PRO,30G,GENERICO,2024-09-10,2024-09-23
CARBONE DI LEGNA FLAM,3KG,GENERICO,2026-04-07,2026-04-20
CARBONELLA,2.5KG,GENERICO,2025-04-22,2025-05-05
CARBONELLA DI LEGNA,2.5KG,GENERICO,2024-07-30,2024-08-12
CARBONELLA DI LEGNA IN BRIQUETTES,3KG,GENERICO,2024-05-07,2024-05-20
CARTELLINA ELASTICO,N/D,GENERICO,2025-08-26,2025-09-08
CARTELLINE ASSORTITE,N/D,GENERICO,2024-08-13,2024-08-26
CASSA BLUETOOTH RICARICABILE UMBRO,N/D,GENERICO,2024-09-10,2024-09-23
CASSETTA GELSOMINO,N/D,GENERICO,2024-12-03,2024-12-16
CASSETTA VENEZIA CON SOTTOVASO,N/D,GENERICO,2024-02-27,2024-03-11
CERCHIETTO HALLOWEEN,N/D,GENERICO,2025-10-21,2025-11-03
CERCHIETTO HALLOWEEN POLIPROPILENE,N/D,GENERICO,2024-10-08,2024-10-21
CESTA LAVANDERIA,N/D,GENERICO,2024-01-16,2024-01-29
CESTINO CON 20 PINZE PASIBUDIO,N/D,GENERICO,2025-01-14,2025-01-27
CESTINO IN CORDA,N/D,GENERICO,2026-01-02,2026-01-12
CESTO AGRESTE,N/D,GENERICO,2025-12-02,2025-12-15
CESTO ARMONIA,N/D,GENERICO,2023-12-05,2023-12-18
CESTO BLU COBALTO,N/D,GENERICO,2025-12-02,2025-12-15
CESTO CEMALIA,N/D,GENERICO,2024-12-03,2024-12-16
CESTO DONI DI MARCA,N/D,GENERICO,2023-12-05,2023-12-18
CESTO GIELLO,N/D,GENERICO,2025-12-02,2025-12-15
CESTO IMPERIALE,N/D,GENERICO,2023-12-05,2023-12-18
CESTO MARTE,N/D,GENERICO,2025-12-02,2025-12-15
CESTO MERCURIO,N/D,GENERICO,2023-12-05,2023-12-18
CESTO MERLINO,N/D,GENERICO,2023-12-05,2023-12-18
CESTO OPALE,N/D,GENERICO,2025-12-02,2025-12-15
CESTO ORO NERO,N/D,GENERICO,2025-12-02,2025-12-15
CESTO SALATO MAXI,N/D,GENERICO,2024-12-03,2024-12-16
CESTO SCRIGNO,N/D,GENERICO,2023-12-05,2023-12-18
CESTO VULCANO,510G,GENERICO,2023-12-05,2023-12-18
CHEWING GUM,N/D,GENERICO,2025-02-25,2025-03-10
CHEWING GUM RIPIENO FRESH WHITE FRAGOLA E LIMONE,77G,GENERICO,2024-06-04,2024-06-17
CHEWING GUM SENZA ZUCCHERO FRESH WHITE,30X12,GENERICO,2024-01-30,2024-02-12
CHEWING GUM VIVIDENT,N/D,GENERICO,2025-08-12,2025-08-25
CHEWING GUM VIVIDENT XYLIT,66G,GENERICO,2025-03-25,2025-04-07
CHEWINGUM AIR ACTION,N/D,GENERICO,2024-02-13,2024-02-26
CHIPS CLASSICA,180G,GENERICO,2026-05-19,2026-06-01
CHIPS CLASSICA SALATI PREZIOSI,180G,GENERICO,2025-05-20,2025-06-02
CHIPS GUSTO PAPRIKA,170G,GENERICO,2025-11-04,2025-11-17
CIABATTE DONNA,N/D,GENERICO,2024-05-21,2024-06-03
CIABATTE INFRADITO,N/D,GENERICO,2024-05-21,2024-06-03
CITRONELLA,N/D,GENERICO,2024-05-07,2024-05-20
COLLA STICK PRITT,5PZ,GENERICO,2025-08-26,2025-09-08
COLTELLI,6PZ,GENERICO,2025-04-22,2025-05-05
COLTELLI BISTECCA,6PZ,GENERICO,2024-05-07,2024-05-20
COLTELLI DA BISTECCA,6PZ,GENERICO,2026-04-07,2026-04-20
COMPLETO LENZIOLA,N/D,GENERICO,2024-01-02,2024-01-15
COMPLETO LETTO 2 PIEZZE,N/D,GENERICO,2026-01-02,2026-01-12
COMPLETO LETTO MATRIMONIALE BASSETTI,N/D,GENERICO,2025-10-21,2025-11-03
CONCIME LIQUIDO PIANTE FIORITE UNIVERSALE,1KG,GENERICO,2024-02-27,2024-03-11
CONFEZIONE DI NATALE SAPORI,N/D,GENERICO,2025-12-02,2025-12-15
CONFEZIONE GOLDEN COLLECTION,N/D,GENERICO,2024-12-03,2024-12-16
CONFEZIONE PELUCHE,100G,GENERICO,2025-12-02,2025-12-15
CONFEZIONE PELUCHE WITOR'S,100G,GENERICO,2024-12-03,2024-12-16
CONFEZIONE SAPORI,N/D,GENERICO,2024-12-03,2024-12-16
CONSOLE VIDEOGAME E GAME 256 HORIZON,N/D,GENERICO,2024-11-19,2024-12-02
CONTENITORI ELEFANTE LEONE,N/D,GENERICO,2024-02-13,2024-02-26
CONTENITORI IN CARTONCINO CUKI,2PZ,GENERICO,2025-10-21,2025-11-03
CONTENITORI IN VETRO UNIVERSALI,N/D,GENERICO,2024-11-19,2024-12-02
CONTENITORI PER FRIGGITRICE AD ARIA CUKI,3PZ,GENERICO,2024-10-08,2024-10-21
COPERTA PLAID,N/D,GENERICO,2026-01-02,2026-01-12
COPRIMATERASSO IN MICROFIBRA SKIN,N/D,GENERICO,2025-01-03,2025-01-13
COPRIMATERASSO JACQUARD,N/D,GENERICO,2024-01-02,2024-01-15
COPRIPUTTO TINTA UNITA,N/D,GENERICO,2024-01-02,2024-01-15
CORIANDOLI,N/D,GENERICO,2026-01-27,2026-02-09
CORRETTORE ROLLER MINI PRITT,N/D,GENERICO,2025-08-26,2025-09-08
CREATIN MONOIDRATO FIT&PRO,90G,GENERICO,2025-09-23,2025-10-06
CREATINA MONOIDRATO FIT&PRO,30G,GENERICO,2024-09-10,2024-09-23
CROCCANTELLE,180G,GENERICO,2025-09-23,2025-10-06
"CROCCANTELLE BBQ RIBIS, BACON, KETCHUP",180G,GENERICO,2025-03-11,2025-03-24
CUBETTI COCKTAIL,1KG,GENERICO,2024-06-18,2024-07-01
CUBETTI COCKTAIL PREMIUM ICE CUBE,1KG,GENERICO,2026-05-19,2026-06-01
CUCCIA ANIMALI,N/D,GENERICO,2024-10-08,2024-10-21
CUSCINO ANIMALI,N/D,GENERICO,2024-10-08,2024-10-21
CUSTODIE PER ARMADI,N/D,GENERICO,2025-10-21,2025-11-03
DAYGUM PROTEX,100G,GENERICO,2024-10-08,2024-10-21
DISPENSER SACCHETTI GUINAGLIO,15PZ,GENERICO,2024-10-08,2024-10-21
DOLCIFICANTE,60PZ,GENERICO,2025-01-03,2025-01-13
DOLCIFICANTE DIETE.TIC,50ML,GENERICO,2025-07-15,2025-07-28
DOLCIFICANTE STEVIA,250G,GENERICO,2024-01-02,2024-01-15
DOLCIFICANTE STEVIA RISTORA,250G,GENERICO,2026-06-02,2026-06-15
EFFERVESCENTE GRANULARE,200G,GENERICO,2025-04-08,2025-04-21
ELETTRODOMESTICI TERMOZETTA,N/D,GENERICO,2024-08-27,2024-09-09
ELETTRODOMESTICI TOGHANA,N/D,GENERICO,2023-12-05,2023-12-18
ERITROLTO NOVARESE,500G,GENERICO,2025-10-21,2025-11-03
FEDERE IN COTONE DAMASCO,2PZ,GENERICO,2025-01-03,2025-01-13
FERMENTI LATTICI E VITAMINE,20CAPSULE,GENERICO,2025-01-28,2025-02-10
FILTRI BRITA MAXTRA PRO ALL-IN-1,2PZ,GENERICO,2024-11-19,2024-12-02
FLUTES IN PLASTICA TRASPARENTI,6PZ,GENERICO,2024-12-17,2024-12-31
FLUTES TRASPARENTI,6PZ,GENERICO,2025-12-16,2025-12-31
FORBICE DA POTATURA,N/D,GENERICO,2024-02-27,2024-03-11
FORBICI DA GIARDINO,N/D,GENERICO,2026-02-24,2026-03-09
FREEZERINO,2PZ,GENERICO,2026-05-19,2026-06-01
FRIGGÌ TOPAZIO,1LT,GENERICO,2025-05-06,2025-05-19
FRULLATORE A IMMERSIONE,N/D,GENERICO,2024-11-19,2024-12-02
FRULLATORE AD IMMERSIONE BY CARLO CRACCO MASTERPRO,N/D,GENERICO,2025-11-18,2025-12-01
FRUTTA SECCA SGUSCIATA KOME TE,300G,GENERICO,2026-01-13,2026-01-26
GARCINIA + PIPERINA SLIM,65CAPSULE,GENERICO,2025-09-23,2025-10-06
GASTRONOMIA INSALATA,200G,GENERICO,2024-03-19,2024-04-01
GASTRONOMIA INSALATA RUSSA INSALATA CAPRICCIOSA,200G,GENERICO,2026-01-13,2026-01-26
GASTRONOMIA INSALATA RUSSA/CAPRICCIOSA,200G,GENERICO,2025-10-07,2025-10-20
GIOCHI ASSORTITI BIMBO CHICCO,N/D,GENERICO,2024-02-13,2024-02-26
GNOMO DI HALLOWEEN IN POLIETILENE,N/D,GENERICO,2024-10-08,2024-10-21
GRAN TRADIZIONE,N/D,GENERICO,2025-12-02,2025-12-15
GRIGLIA COTTURA,N/D,GENERICO,2026-04-07,2026-04-20
GRIGLIA PER BARBECUE,N/D,GENERICO,2025-04-22,2025-05-05
GRIGLIA PRONTA PER BARBECUE RAPIDO,N/D,GENERICO,2026-04-07,2026-04-20
GUANCIALE MEMORCELL BASSETTI,N/D,GENERICO,2025-10-21,2025-11-03
GUANCIALE MEMORY NO STRESS GABEL,N/D,GENERICO,2026-01-02,2026-01-12
GUANCIALE MEMORY PROFUMATO,N/D,GENERICO,2024-01-02,2024-01-15
GUANCIALE PILLOWCASH,N/D,GENERICO,2025-01-03,2025-01-13
GUANTO GRIPPER GARDEN,N/D,GENERICO,2026-02-24,2026-03-09
GUANTO GRIPPER VERDE,N/D,GENERICO,2024-02-27,2024-03-11
GUINZAGLIO CANI,N/D,GENERICO,2024-10-08,2024-10-21
HUMMUS PAVLAKIS,150G,GENERICO,2026-04-07,2026-04-20
HUMUS CON STALLITICO,20LT,GENERICO,2024-02-27,2024-03-11
I FUORI DI BUSTA,100G,GENERICO,2026-05-19,2026-06-01
IDROLITINA EFFERVESCENTE,250G,GENERICO,2026-03-24,2026-04-06
IMMUNO DIFESA,20CAPSULE,GENERICO,2025-10-21,2025-11-03
IMPASTATRICE PLANETARIA MELCHIONI,N/D,GENERICO,2023-12-05,2023-12-18
INFRADITO,N/D,GENERICO,2025-05-20,2025-06-02
INFRADITO DONNA,N/D,GENERICO,2024-05-21,2024-06-03
INFRADITO UONO DONNA,N/D,GENERICO,2026-05-19,2026-06-01
INTEGRATORE PER ARTICOLAZIONI,60COMPRESSE,GENERICO,2025-09-23,2025-10-06
ISO DRINK LIMONE FIT&PRO,500G,GENERICO,2024-09-10,2024-09-23
KIT PER BRUNITURE HALLOWEEN CAMEO,30G,GENERICO,2025-10-07,2025-10-20
LAMPADA DA TAVOLO,N/D,GENERICO,2023-12-05,2023-12-18
LAMPADA GRUNDO SOLARE,N/D,GENERICO,2024-02-27,2024-03-11
LAMPIONCINO SOLARE GRUNDIG,1LED,GENERICO,2026-02-24,2026-03-09
LANTERNA DI CARTA HALLOWEEN,N/D,GENERICO,2024-10-08,2024-10-21
LINEA COLAZIONE TOGNANA,N/D,GENERICO,2025-09-09,2025-09-22
LINEA NESTLÉ,N/D,GENERICO,2023-12-05,2023-12-18
LINEA PIOGGIA,N/D,GENERICO,2025-08-26,2025-09-08
LINGUE SONORE*,6PZ,GENERICO,2025-02-11,2025-02-24
LOCTITE SUPER ATTACK PRECISION,N/D,GENERICO,2025-05-20,2025-06-02
MAGNESIO POTASSIO PLUS,20BUSTE,GENERICO,2025-09-23,2025-10-06
MANUBRIO UMBRO,2KG,GENERICO,2024-09-10,2024-09-23
MATERASSINO CON ORIF. ,N/D,GENERICO,2025-05-20,2025-06-02
MATERASSINO GONFIABILE,N/D,GENERICO,2026-05-19,2026-06-01
MATTARELLO CON MANIGLIE IN LEGNO,N/D,GENERICO,2026-01-13,2026-01-26
MATTONELLE REFRIGERANTI,3PZ,GENERICO,2024-05-21,2024-06-03
MAYONNAISE KRAFT,465G,GENERICO,2025-11-18,2025-12-01
MELANZANE ALLA PARMIGIANA,300G,GENERICO,2026-02-10,2026-02-23
MELATONINA LE CAMOMILLE PLUS SOGNI D'ORO,64G,GENERICO,2024-01-16,2024-01-29
MICROPILE CON ZIP KAPPA,N/D,GENERICO,2025-10-21,2025-11-03
MICROPLE KAPPA,N/D,GENERICO,2024-10-22,2024-11-04
MIELE AMBROSOLI,175G,GENERICO,2026-06-02,2026-06-15
MIELE DI FIORI AMBROSOLI,175G,GENERICO,2025-05-06,2025-05-19
MIELE ITALIANO,250G,GENERICO,2024-10-08,2024-10-21
MIELE MILLEFIORI,20X1G,GENERICO,2026-01-02,2026-01-12
MIELE MILLEFIORI APICULTURA CASENTINESE,20X4G,GENERICO,2025-01-14,2025-01-27
MIELE MILLEFIORI MONOPORZIONE,20G,GENERICO,2024-02-13,2024-02-26
MIELE PACK SPORT AMBROSOLI,400G,GENERICO,2025-04-22,2025-05-05
MIELE TOSCANA MULTIFIORE,950G,GENERICO,2025-10-21,2025-11-03
MINIPOMPA A PRESSIONE,2LT,GENERICO,2026-02-24,2026-03-09
MIXER IMMERSIONE/SBATTITORE CORDLESS MELCHIONI,N/D,GENERICO,2023-12-05,2023-12-18
MOTOSCAFO RADIO COMANDATO SALENTO WAVES,N/D,GENERICO,2026-05-19,2026-06-01
MULTI-VITAMINE MULTI-MINERALI,30COMPRESSE,GENERICO,2025-09-23,2025-10-06
NACHO CHIPS SALTED FLAVOR,200G,GENERICO,2024-02-27,2024-03-11
NACHOS EL SABOR,200G,GENERICO,2024-10-08,2024-10-21
NACHOS N DIP EL SABOR,80G,GENERICO,2025-12-02,2025-12-15
NOCI,1KG,GENERICO,2026-05-05,2026-05-18
NOCI GUSCIO,1KG,GENERICO,2025-12-16,2025-12-31
NOCI IN GUSCIO,400G,GENERICO,2024-12-17,2024-12-31
NOCI IN GUSCIO KOME TE,400G,GENERICO,2025-12-02,2025-12-15
OMBRELLO,N/D,GENERICO,2025-08-26,2025-09-08
OMBRELLO AUTOMATICO,N/D,GENERICO,2024-10-22,2024-11-04
OMBRELLO PERLETTI,N/D,GENERICO,2025-10-21,2025-11-03
OMBRELLONE,N/D,GENERICO,2026-05-19,2026-06-01
OMBRELLONE CON MANOVELLA,N/D,GENERICO,2026-04-07,2026-04-20
OMBRELLONE DA SPIAGGIA CON BORSA,N/D,GENERICO,2024-05-21,2024-06-03
OMEGA 3,60PERLE,GENERICO,2025-09-23,2025-10-06
OMOGENEIZZATI PLASMON,80GX2,GENERICO,2026-05-19,2026-06-01
OMOGENEIZZATO,80G,GENERICO,2024-09-24,2024-10-07
PALLA E CUBO MORBIDI,N/D,GENERICO,2024-02-13,2024-02-26
PALLA MORBIDA PAW PATROL BABY SHARK,N/D,GENERICO,2025-02-11,2025-02-24
PALLONCINO HALLOWEEN,N/D,GENERICO,2025-10-21,2025-11-03
PALLONI SOGGETTI ASSORTITI,N/D,GENERICO,2024-05-07,2024-05-20
PAPPA REALE + MIELE + GINSENG,10FLACONCINI,GENERICO,2025-01-28,2025-02-10
PARURE COPRIPIUMINO DOUBLE FACE,N/D,GENERICO,2025-01-03,2025-01-13
PATATINA CLASSICA AMICA CHIPS,450G,GENERICO,2024-08-27,2024-09-09
PATATINA ELDORADA AMICA CHIPS,130G,GENERICO,2026-06-02,2026-06-15
PATATINA GRIGLIATA SAPORE DI SALE AMICA CHIPS,175G,GENERICO,2025-10-21,2025-11-03
PATATINE AMICA CHIPS,450G,GENERICO,2025-12-16,2025-12-31
PATATINE CASERECCIA,100G,GENERICO,2026-05-19,2026-06-01
PATATINE LAY'S,200G,GENERICO,2025-08-12,2025-08-25
PATTEX COLLE,N/D,GENERICO,2026-02-24,2026-03-09
PELLET 100% ABETE BIANCO ALASKA,15KG,GENERICO,2025-01-03,2025-01-13
PELLICOLA CUKI,MT50,GENERICO,2025-10-21,2025-11-03
PELUCHE CON OVETTI,N/D,GENERICO,2025-04-08,2025-04-21
PELUCHE DISNEY,N/D,GENERICO,2024-11-19,2024-12-02
PELUCHE HAPPY EASTER CON OVETTINO,N/D,GENERICO,2024-03-19,2024-04-01
PIATTI GRECI JUI-SUI,450G,GENERICO,2026-05-05,2026-05-18
PIATTI PIANI BIO TABLE,20PZ,GENERICO,2026-04-07,2026-04-20
PIATTI PIANI BIODEGRADABILI,20PZ,GENERICO,2025-04-22,2025-05-05
PIATTI PIANI HALLOWEEN,10PZ,GENERICO,2024-10-08,2024-10-21
PIATTI PRONTI,300G,GENERICO,2026-03-24,2026-04-06
PIATTI PRONTISSIMA MIA,N/D,GENERICO,2026-02-10,2026-02-23
PIATTI RIUTILIZZABILI PRESTO,20PZ,GENERICO,2025-07-15,2025-07-28
PIATTI ROSSI,20PZ,GENERICO,2025-12-16,2025-12-31
PIATTO NATALIZIO,N/D,GENERICO,2023-12-05,2023-12-18
PIATTO PER TORTA CON PALA,N/D,GENERICO,2025-11-18,2025-12-01
PIATTO PIZZA MELAMMINA,N/D,GENERICO,2026-01-13,2026-01-26
PICK UP MONSTER 4X4 RADIOCOMANDATA,N/D,GENERICO,2024-11-19,2024-12-02
PILE ALKALINE ENERGIZER,N/D,GENERICO,2024-11-19,2024-12-02
PILE ALKALINE POWER ENERGIZER,8PZ,GENERICO,2025-11-18,2025-12-01
PILE ALKALINE POWER MINISTILO AA,8PZ,GENERICO,2025-11-18,2025-12-01
PINOLI SGUSCIATI,400G,GENERICO,2024-05-21,2024-06-03
PINSA,250GX2,GENERICO,2026-01-13,2026-01-26
PISTACCHI IN GUSCIO TOSTATI E SALATI KOME TE,200G,GENERICO,2026-05-05,2026-05-18
PISTACCHI IN GUSCIO TOSTITI E SALATI KOMETE,200G,GENERICO,2026-06-02,2026-06-15
PISTOLA ACQUA CON RICARICA,200ML,GENERICO,2024-05-21,2024-06-03
PISTOLA SPARA ACQUA,700ML,GENERICO,2026-05-19,2026-06-01
PIUMINO ANALLERGICO BIANCO,N/D,GENERICO,2025-01-03,2025-01-13
PIZZA,N/D,GENERICO,2026-01-13,2026-01-26
PIZZA DIVERSI TIPI E GRAMMATURE,N/D,GENERICO,2025-01-14,2025-01-27
PIZZA FORMATO PALA,N/D,GENERICO,2026-01-13,2026-01-26
PIZZA MARGHERITA BELLA NAPOLI BUITONI,400G,GENERICO,2026-01-13,2026-01-26
PIZZA MARGHERITA SENZA GLUTINE,320G,GENERICO,2026-01-13,2026-01-26
PIZZA TRATTORIA ITALIA,N/D,GENERICO,2026-04-07,2026-04-20
PLAID,N/D,GENERICO,2024-01-02,2024-01-15
PLAID STAMPATO,N/D,GENERICO,2025-01-03,2025-01-13
POCHETTE DA MARE,N/D,GENERICO,2024-05-21,2024-06-03
POP CORN SALATI PREZIOSI,90G,GENERICO,2025-05-06,2025-05-19
POSATE BIOTABLE,15PZ,GENERICO,2025-06-17,2025-06-30
PRANZO ITALIANO,N/D,GENERICO,2025-12-02,2025-12-15
PRATO SEMPREVERDE,2X3MT,GENERICO,2026-04-07,2026-04-20
PRENDISAC DOM PAK,15PZ,GENERICO,2025-10-21,2025-11-03
PROPOLI COMPLEX SPRAY GOLA,30ML,GENERICO,2025-10-21,2025-11-03
PROTEINE IN POLVERE FIT&PRO,360G,GENERICO,2025-09-23,2025-10-06
PROTEINS IN POLVERE,360G,GENERICO,2024-04-23,2024-05-06
PUPAZZI RISCALDABILI THE PUPPIES,N/D,GENERICO,2025-10-21,2025-11-03
PURÈ DI PATATE IN FIOCCHI,300G,GENERICO,2025-01-28,2025-02-10
PURÈ PFANNI CON LATTE,900G,GENERICO,2026-02-10,2026-02-23
QUADERNI A4 ASSORTITI,N/D,GENERICO,2025-08-26,2025-09-08
RAZZO MARVEL,N/D,GENERICO,2024-05-21,2024-06-03
REGOLARITA 12 ERBE,N/D,GENERICO,2024-01-30,2024-02-12
REGOLARITÀ INTESTINALE,80COMPRESSE,GENERICO,2025-01-28,2025-02-10
RISO ROSSO COMPLEX,30CAPSULE,GENERICO,2025-01-28,2025-02-10
ROTELLA ACCIAIO INOSSIDABILE PER PIZZA,N/D,GENERICO,2026-01-13,2026-01-26
ROTELLA PER PIZZA ALPINA,N/D,GENERICO,2025-01-14,2025-01-27
SACCA SCARPE ASSORTITI,N/D,GENERICO,2024-08-13,2024-08-26
SACCHETTI FRIGO PER VERDURE CUKI,20PZ,GENERICO,2024-10-22,2024-11-04
SACCHETTI SOTTOVUOTO,N/D,GENERICO,2024-11-19,2024-12-02
SACCHETTO FOGLIE RIUTILIZZABILE,120LT,GENERICO,2026-02-24,2026-03-09
SACCO FRIGO VIROSAC,N/D,GENERICO,2025-08-12,2025-08-25
SACCO SALVASPAZIO GOTT OVUOTTO,N/D,GENERICO,2024-10-22,2024-11-04
SACCO SALVASPAZIO SOTTOVUOTO,N/D,GENERICO,2025-10-21,2025-11-03
SAL TETTETS MIX SALATINI LORENZ,180G,GENERICO,2024-12-03,2024-12-16
SALATINI MINI MIX,350G,GENERICO,2026-06-02,2026-06-15
SALE ROSA DELL'HIMALAYA GROSSO GEMMA DI MARE,1KG,GENERICO,2026-04-07,2026-04-20
SALSA CHEESE DIP EL SABOR,300G,GENERICO,2024-02-27,2024-03-11
SALTLETTS STICKS CLASSICO,150G,GENERICO,2023-12-19,2023-12-31
SAPORI ITALIANI,N/D,GENERICO,2025-12-02,2025-12-15
SCATOLA IN PVC,N/D,GENERICO,2024-10-22,2024-11-04
SCHIUMA SPRAY,250ML,GENERICO,2024-01-30,2024-02-12
SECCHIELLO PER CARAMELLE HALLOWEEN,N/D,GENERICO,2025-10-21,2025-11-03
SEDIA BIANCA,N/D,GENERICO,2024-05-07,2024-05-20
SEDIA IMPILABILE,N/D,GENERICO,2026-04-07,2026-04-20
SEMI DI ZUCCA,200G,GENERICO,2026-01-27,2026-02-09
SERVIZIO DI POSATE,16PZ,GENERICO,2025-08-12,2025-08-25
SERVIZIO PIC NIC,21PZ,GENERICO,2025-05-20,2025-06-02
SET 1+1 ASCIUGAMANI IN SPUGNA,2PZ,GENERICO,2025-01-03,2025-01-13
SET 3 STROFINACCI,3PZ,GENERICO,2024-01-02,2024-01-15
SET ACCESSORI PER BARBECUE,3PZ,GENERICO,2025-04-22,2025-05-05
SET ASCIUGAMANI,N/D,GENERICO,2024-01-02,2024-01-15
SET ASCIUGAMANI VISO SPUGNA BASSETTI,N/D,GENERICO,2025-10-21,2025-11-03
SET ATTREZZI DA GIARDINO,3PZ,GENERICO,2026-02-24,2026-03-09
SET GIOCHI DA MARE,N/D,GENERICO,2024-05-21,2024-06-03
SET MARE ASSORTITI,N/D,GENERICO,2025-05-20,2025-06-02
SET MARE HOT WHEELS,N/D,GENERICO,2026-05-19,2026-06-01
SET MY FIRST DINNER DISNEY+,3PZ,GENERICO,2026-03-10,2026-03-23
SET PER BAGNETTO BABY SHARK,3SQUALETTI,GENERICO,2025-02-11,2025-02-24
SET POSATE DISNEY+,N/D,GENERICO,2026-03-10,2026-03-23
SIROPPO D'AGAVE BIO,360G,GENERICO,2026-02-10,2026-02-23
SMARTWATCH BLUETOOTH PER FITNESS UMBRO,N/D,GENERICO,2024-09-10,2024-09-23
SNACK DI MAIS AL GUSTO FORMAGGIO,100G,GENERICO,2024-06-04,2024-06-17
SNACK DI MAIS SALINI PREZIOSI,100G,GENERICO,2026-02-10,2026-02-23
SNACK GUSTO BACON SALATI PREZIOSI,180G,GENERICO,2025-05-06,2025-05-19
SNACK SALATI CROCCANTELLE,180G,GENERICO,2024-02-27,2024-03-11
SOFFIABOLLE UNICORNO,N/D,GENERICO,2024-05-07,2024-05-20
SPARA ACQUA,200ML,GENERICO,2025-05-20,2025-06-02
SPARA ACQUA DISNEY,N/D,GENERICO,2024-05-21,2024-06-03
SPEARMINT,30PZ,GENERICO,2024-04-23,2024-05-06
SPEARMINT GREEN MINT,66PZ,GENERICO,2024-04-23,2024-05-06
SPEEDY PIZZA CAMEO MARGHERITA,325G,GENERICO,2025-01-14,2025-01-27
"SPRUZZONE DISNEY, MARVEL",N/D,GENERICO,2025-05-20,2025-06-02
STALLATTICO PER ORTO E GIARDINO,20LT,GENERICO,2026-02-24,2026-03-09
STAMPO PIZZA ROTONDO,N/D,GENERICO,2026-01-13,2026-01-26
STELLE FILANTI,3PZ,GENERICO,2026-01-27,2026-02-09
STELLE FILANTI SPRAY,N/D,GENERICO,2026-01-27,2026-02-09
STENDINO IN RESINA,N/D,GENERICO,2025-01-14,2025-01-27
STENDINO LONDON ECO,N/D,GENERICO,2024-01-16,2024-01-29
STOVIGLIE COMPOSTABILI,25PZ,GENERICO,2026-02-10,2026-02-23
STUFA A LOGENA PLUS DESIGN TERMOZETA,N/D,GENERICO,2025-10-21,2025-11-03
SUPER ATTAK PRECISION,N/D,GENERICO,2026-01-27,2026-02-09
SUPERNOCIO TORSION POWER,N/D,GENERICO,2026-01-27,2026-02-09
TAGLIA CAPELLI/REGOLA BARBA TRIMMER INNOLIVING,N/D,GENERICO,2025-03-11,2025-03-24
TAPPETINO FITNESS/YOGA IN PVC UMBRO,N/D,GENERICO,2024-09-10,2024-09-23
TAPPETINO FITNESS/YOGA UMBRO,N/D,GENERICO,2025-09-23,2025-10-06
TAPPETO,50X80,GENERICO,2024-01-02,2024-01-15
TAPPETO DA ESTERNO ASSORTITI,N/D,GENERICO,2026-02-24,2026-03-09
TAPPETO SOFFICE,50X80,GENERICO,2024-01-02,2024-01-15
TAPPETONE PER BIMBI,120X90,GENERICO,2024-02-13,2024-02-26
TAPPETONE PUZZLE PAW PATROL,6MATTONELLE,GENERICO,2025-02-11,2025-02-24
TAVOLA NUOTO,N/D,GENERICO,2026-05-19,2026-06-01
"TAVOLA NUOTO STITCH, SPIDERMAN",N/D,GENERICO,2025-05-20,2025-06-02
TAVOLO RETTANGOLARE,N/D,GENERICO,2026-04-07,2026-04-20
TAVOLO RETTANGOLARE BIANCO,N/D,GENERICO,2024-05-07,2024-05-20
TAZZA MICROWAVE DISNEY,390ML,GENERICO,2025-02-11,2025-02-24
TEGAMI ALLUMINIO CUKI,N/D,GENERICO,2025-10-07,2025-10-20
TEGLIA PER PIZZA IN ACCIAIO ALPINA,N/D,GENERICO,2025-01-14,2025-01-27
TELERIA ASSORTITA,N/D,GENERICO,2024-01-02,2024-01-15
TELO MARE CARRERA,N/D,GENERICO,2025-05-20,2025-06-02
TELO MARE CON FRANGE,N/D,GENERICO,2024-05-21,2024-06-03
TELO MARE FOUTA,N/D,GENERICO,2026-05-19,2026-06-01
TELO MARE IN MICROFIBRA CARRERA,N/D,GENERICO,2024-05-21,2024-06-03
TERMOVENTILATORE CERAMICO TORRETTA,N/D,GENERICO,2025-10-21,2025-11-03
TERMOVENTILATORE TERMOZETA,N/D,GENERICO,2025-10-21,2025-11-03
TERMOVENTILATORE TORRETTA TERMOZETA,2000W,GENERICO,2024-10-22,2024-11-04
TERRICCIO UNIVERSALE,20LT,GENERICO,2026-02-24,2026-03-09
TOFU BIO NATURALE VEGANO,200G,GENERICO,2026-04-07,2026-04-20
TOPPER 2 PIEZZE,N/D,GENERICO,2026-01-02,2026-01-12
TOPPER TECHNO IMBOTTITO,N/D,GENERICO,2025-01-03,2025-01-13
TORCE CITRONELLA,N/D,GENERICO,2025-04-22,2025-05-05
TOVAGLIA COLORI ASSORTITI,N/D,GENERICO,2026-03-24,2026-04-06
TOVAGLIA DI CARTA A POIS,N/D,GENERICO,2025-04-22,2025-05-05
TOVAGLIA HALLOWEEN,N/D,GENERICO,2025-10-21,2025-11-03
TOVAGLIA ROSSA CARTA DAMASCATA,1.25MT,GENERICO,2025-12-16,2025-12-31
TOVAGLIA ROSSA DAMASCATA,1.2X5METRI,GENERICO,2024-12-17,2024-12-31
TOVAGLIETTA DECORATE TEMA CAFFE,4PZ,GENERICO,2024-08-27,2024-09-09
TOVAGLIETTE AMERICANE TUTTO,70PZ,GENERICO,2024-08-27,2024-09-09
TOVAGLIOLI DECORATI,40PZ,GENERICO,2025-12-02,2025-12-15
TOVAGLIOLI DOPPIO VELO,50PZ,GENERICO,2025-04-22,2025-05-05
TRAPUNTA 2 PIEZZE,N/D,GENERICO,2026-01-02,2026-01-12
TRAPUNTA PIUME SENSATION,2PZ,GENERICO,2025-01-03,2025-01-13
TRIS DI ANTIPASTI RUSSA CAPRICCIOSA CARCIOFI E TONNO,450G,GENERICO,2023-12-19,2023-12-31
TUBO DA GIARDINO ESTENSIBILE,12MT,GENERICO,2026-02-24,2026-03-09
TUBO IRRIGAZIONE,15METRI,GENERICO,2024-02-27,2024-03-11
TUTTO PER LA TAVOLA,N/D,GENERICO,2025-08-26,2025-09-08
UMIDIFICATORE ULTRASUONI,N/D,GENERICO,2024-10-22,2024-11-04
UOVA FRESCHE BIOLOGICHE,4PZ,GENERICO,2024-08-27,2024-09-09
UOVA FRESCHE DA GALLINE ALLEVATE ALL'APERTO,6PZ,GENERICO,2025-02-25,2025-03-10
UOVA FRESCHE XL,N/D,GENERICO,2026-01-27,2026-02-09
UOVA PICCOLE,10PZ,GENERICO,2025-09-23,2025-10-06
UVA SULTANINA KOME TE,500G,GENERICO,2025-12-16,2025-12-31
VASCHETTA IN ALLUMINIO CON COPERCHIO DOMPO PAK,N/D,GENERICO,2025-11-18,2025-12-01
VASCHETTA IN ALLUMINIO DOMO PAK,N/D,GENERICO,2024-12-17,2024-12-31
VASCHETTE IN ALLUMINIO,N/D,GENERICO,2026-01-27,2026-02-09
VASCHETTE IN CARTONCINO CON COPERCHI CUKI,4PZ,GENERICO,2025-08-12,2025-08-25
VASO CILINDRO TERRACOTTA,N/D,GENERICO,2026-02-24,2026-03-09
VASO DA FIORI COLORI ASSORTITI,N/D,GENERICO,2026-02-24,2026-03-09
VASO PER FIORI TERRACOTTA,N/D,GENERICO,2026-02-24,2026-03-09
VASSO DONI DI MARCA,N/D,GENERICO,2025-12-02,2025-12-15
VENTILATORE A PIANTANA,N/D,GENERICO,2026-05-19,2026-06-01
VENTILATORE A PIANTANA TERMOZETA,N/D,GENERICO,2025-05-20,2025-06-02
VENTILATORE DA TAVOLO,N/D,GENERICO,2026-05-19,2026-06-01
VENTILATORE TAVOLO TERMOZETA,N/D,GENERICO,2025-05-20,2025-06-02
VENTILATORE TORRETTA TERMOZETA,N/D,GENERICO,2025-06-03,2025-06-16
ZAFFERANO 3 CUOCHI,2BUSTINE,GENERICO,2026-03-24,2026-04-06
ZAINO ASILO ASSORTITI,N/D,GENERICO,2024-08-13,2024-08-26
ZUCCHERO CANNA DEMERARA,1KG,GENERICO,2026-06-02,2026-06-15
ZUCCHERO CANNA DEMERARA EVERTON,N/D,GENERICO,2024-01-16,2024-01-29
ZUCCHERO DI CANNA,1KG,GENERICO,2025-09-23,2025-10-06
ZUCCHERO DI CANNA BIOLOGICO BIO SWEET,500G,GENERICO,2026-02-10,2026-02-23
ZUCCHERO DI CANNA INTEGRALE BIO EVERTON,500G,GENERICO,2024-06-04,2024-06-17
ZUCCHERO GREZZO DI CANNA,500G,GENERICO,2026-03-10,2026-03-23
ZUCCHERO GREZZO DI PURA CANNA DEMERARA,1KG,GENERICO,2024-07-16,2024-07-29
10 TOVAGLIOLI FIORE DI CARTA LIFESTYLE,N/D,IGIENE,2025-09-09,2025-09-22
ACCESSORI CURA SCARPE SHOE CARE ASSORTITI,N/D,IGIENE,2025-05-20,2025-06-02
ACCHIAPPACOLORE GREY,16PZ,IGIENE,2024-10-22,2024-11-04
ACQUA DEMINERALIZZATA,5LT,IGIENE,2026-01-13,2026-01-26
ACQUA MICELARE TUTTO IN 1,400ML,IGIENE,2026-01-27,2026-02-09
ACQUA MICELLARE GARNIER,400ML,IGIENE,2025-03-11,2025-03-24
ACQUA MICELLARE SKIN ACTIVE GARNIER,400ML,IGIENE,2024-01-16,2024-01-29
ACQUA MICELLARE TUTTO IN 1 GARNIER,400ML,IGIENE,2025-11-04,2025-11-17
ACQUANCIELLARE GARNIER TUTTO IN 1,400ML,IGIENE,2024-03-19,2024-04-01
ADDITIVI LAVASTOVIGLIE PRIL,N/D,IGIENE,2025-10-21,2025-11-03
ADDITIVO DISINFETTANTE NAPISAN,1LT,IGIENE,2026-01-13,2026-01-26
ADDITIVO DISINFETTANTE NIPASAN CLASSICO,1LT,IGIENE,2025-10-21,2025-11-03
ADDITIVO IGENIZZANTE CHANTE CLAIR,1LT,IGIENE,2025-02-11,2025-02-24
ADDITIVO IGIENIZZANTE,1LT,IGIENE,2024-12-17,2024-12-31
ADDITIVO IGIENIZZANTE CHANTECLAIR,N/D,IGIENE,2025-06-17,2025-06-30
ADDITIVO IGIENIZZANTE CHANTÉ CLAIR,1LT,IGIENE,2024-02-13,2024-02-26
ADDITIVO TOTALE OMINO BIANCO,280G,IGIENE,2024-01-16,2024-01-29
AERO 360 TAB,N/D,IGIENE,2025-11-18,2025-12-01
ALCOOL ETILICO DENATURATO,1LT,IGIENE,2026-02-24,2026-03-09
ALL-IN-1 CAPS PER LAVATRICE PERLANA RENEW,N/D,IGIENE,2024-11-05,2024-11-18
AMMONIACA,1LT,IGIENE,2024-09-24,2024-10-07
AMMONIACA MARSIGLIA,1LT,IGIENE,2026-01-13,2026-01-26
AMMONIACA PROFUMATA,1LT,IGIENE,2026-02-24,2026-03-09
AMMORBIDENTE,2LT,IGIENE,2024-09-24,2024-10-07
AMMORBIDENTE CHANTE CLAIR,3LT,IGIENE,2025-05-06,2025-05-19
AMMORBIDENTE CHANTRECLAIR,1LT,IGIENE,2025-01-14,2025-01-27
AMMORBIDENTE COMRATO SCHIUMA SCALA,720ML,IGIENE,2025-10-21,2025-11-03
AMMORBIDENTE CONCENTRATO,N/D,IGIENE,2026-03-24,2026-04-06
AMMORBIDENTE CONCENTRATO FELCE AZZURRA,900ML,IGIENE,2026-05-19,2026-06-01
AMMORBIDENTE CONCENTRATO FRESH CONTROL VERNEL,700ML,IGIENE,2025-12-02,2025-12-15
AMMORBIDENTE CONCENTRATO MON AMOUR,1.35LT,IGIENE,2026-01-13,2026-01-26
AMMORBIDENTE CONCENTRATO MUSCHIO BIANCO CHANTE CLAIR,1LT,IGIENE,2024-01-16,2024-01-29
AMMORBIDENTE CONCENTRATO PUMA DI SCAMPAGNA,1.3LT,IGIENE,2024-10-22,2024-11-04
AMMORBIDENTE CONCENTRATO SPUMA DI SCIAMPAGNA,1LT,IGIENE,2025-08-12,2025-08-25
AMMORBIDENTE CONCENTRATO SUPREMO DI SCAMPAGNA,750ML,IGIENE,2024-07-16,2024-07-29
AMMORBIDENTE CONCENTRATO VERCNE,700ML,IGIENE,2026-04-21,2026-05-04
AMMORBIDENTE CONCENTRATO VERNEL,700ML,IGIENE,2026-01-27,2026-02-09
AMMORBIDENTE CONCENTRATO VERT,N/D,IGIENE,2025-07-29,2025-08-11
AMMORBIDENTE CORALLI MALDIVIANI,2LT,IGIENE,2025-01-28,2025-02-10
"AMMORBIDENTE CORALLI MALDIVIANI, ORO PURO E ARGAN",2LT,IGIENE,2025-06-03,2025-06-16
AMMORBIDENTE ECO WINNI'S NATUREL,1.47LT,IGIENE,2025-02-25,2025-03-10
AMMORBIDENTE ELISE,525ML,IGIENE,2025-04-22,2025-05-05
AMMORBIDENTE FABULOSO,1LT,IGIENE,2024-05-07,2024-05-20
AMMORBIDENTE FELCE AZZURRA,2LT,IGIENE,2025-07-29,2025-08-11
AMMORBIDENTE I CONCENTRATI,1LT,IGIENE,2025-11-18,2025-12-01
AMMORBIDENTE I CONCENTRATI CHANTE CLAIR,1.14LT,IGIENE,2026-05-05,2026-05-18
AMMORBIDENTE I CONCENTRATI CHANTECLAIR,90LAVAGGI,IGIENE,2025-06-17,2025-06-30
AMMORBIDENTE LENOR,882ML,IGIENE,2026-01-02,2026-01-12
AMMORBIDENTE MUSCHIO BIANCO,3LT,IGIENE,2025-10-21,2025-11-03
AMMORBIDENTE PROFUMATO,N/D,IGIENE,2026-04-21,2026-05-04
AMMORBIDENTE PROFUMO AVVOLGENTE FIORDISALO SCALA,4LT,IGIENE,2026-06-02,2026-06-15
AMMORBIDENTE PROFUMOSO FABULOSO,1LT,IGIENE,2026-04-07,2026-04-20
AMMORBIDENTE RISVEGLIO PRIMAVERILE LENOR,575ML,IGIENE,2024-03-19,2024-04-01
AMMORBIDENTE SCONTRATO SCALA,750ML,IGIENE,2026-02-10,2026-02-23
AMMORBIDENTE SPUMA DI SCAMPAGNA,720ML,IGIENE,2026-02-24,2026-03-09
AMMORBIDENTE VERNE,2.9LT,IGIENE,2025-07-01,2025-07-14
AMORE I CASA SCOTTEX,6ROTOLI,IGIENE,2026-05-19,2026-06-01
AMPOLLE L'OREAL REVITALIFT,7AMPOLE,IGIENE,2024-04-02,2024-04-15
AMPOLLÉ L'OREAL COLLAGENE AGE PERFECT,7ML,IGIENE,2024-10-22,2024-11-04
ANTI-IMPERFEZIONI GARNIER,30ML,IGIENE,2024-10-08,2024-10-21
ASCIUGA CAPELLI,N/D,IGIENE,2024-04-02,2024-04-15
ASCIUGACAPELLI JOYTTECH+,N/D,IGIENE,2026-01-27,2026-02-09
ASCIUGATORE MONOROTOLO MAXIROLL,300STRIPPI,IGIENE,2025-04-22,2025-05-05
ASCIUGATTO LALYNEA KITCHEN,2ROTOLI,IGIENE,2026-04-21,2026-05-04
ASCIUGATUTO AL PROFUMO DI LIMONE,N/D,IGIENE,2024-10-08,2024-10-21
ASCIUGATUTO BULKYSOFT GENIA,2ROTOLI,IGIENE,2025-01-03,2025-01-13
ASCIUGATUTO SQUEEZE,200STRAPPI,IGIENE,2025-08-26,2025-09-08
ASCIUGATUTTO,2ROTOLI,IGIENE,2026-03-24,2026-04-06
ASCIUGATUTTO 2 VELI 2 ROTOLI,2PZ,IGIENE,2025-06-03,2025-06-16
ASCIUGATUTTO BRAVO,2ROTOLI,IGIENE,2026-06-02,2026-06-15
ASCIUGATUTTO BULKYSOFT,2ROTOLI,IGIENE,2025-05-06,2025-05-19
ASCIUGATUTTO CHRISTMAS,2ROLI,IGIENE,2025-12-02,2025-12-15
ASCIUGATUTTO DAYLY,3ROTOLI,IGIENE,2026-01-02,2026-01-12
ASCIUGATUTTO DECORATO E PROFUMATO,2ROTOLI,IGIENE,2024-06-04,2024-06-17
ASCIUGATUTTO HALLOWEEN,2PZ,IGIENE,2024-10-08,2024-10-21
ASCIUGATUTTO HALLOWEEN C'ELLI,2PZ,IGIENE,2025-10-21,2025-11-03
ASCIUGATUTTO LIMONE 2 VELI,2ROTOLI,IGIENE,2025-12-16,2025-12-31
ASCIUGATUTTO MAGICA,2ROTOLI,IGIENE,2024-02-27,2024-03-11
ASCIUGATUTTO MAXIROLL,2X400STRAPPI,IGIENE,2026-02-24,2026-03-09
ASCIUGATUTTO MONO ROTOLO DECORATO,300STRAPPI,IGIENE,2024-05-07,2024-05-20
ASCIUGATUTTO MONOROTOLO DECORATO MAXIROLL,300STRAPPI,IGIENE,2025-07-29,2025-08-11
ASCIUGATUTTO TUTTO,500STRAPPI,IGIENE,2025-02-25,2025-03-10
ASPIRAPOLVERE RICARICABILE JOYTECK,N/D,IGIENE,2026-02-24,2026-03-09
ASSE DA STIRO POLLY,N/D,IGIENE,2025-01-03,2025-01-13
ASSORBENTI ULTRA,N/D,IGIENE,2026-06-02,2026-06-15
ASSORBI UMIDITA PROFUMI ARIASANA,N/D,IGIENE,2025-10-21,2025-11-03
ASSORBIUMIDITÀ AERO 360 KIT,450G,IGIENE,2025-11-18,2025-12-01
ASSORBIUMIDITÀ AERO 360° ARIASANA,450G,IGIENE,2026-01-02,2026-01-12
ASSORTIMENTI LAURETTA,N/D,IGIENE,2025-02-25,2025-03-10
AZ WHITE EXPRESS WHITENING,50ML,IGIENE,2026-05-05,2026-05-18
BAGNO DOCCIA CREMA SPUMA DI SCIAMPAGNA,650ML,IGIENE,2024-05-21,2024-06-03
BAGNO SCHIUMA,750ML,IGIENE,2024-11-05,2024-11-18
BAGNO SCHIUMA AI OLII,750ML,IGIENE,2026-05-05,2026-05-18
BAGNO SCHIUMA CERA DI CUPRA,750ML,IGIENE,2026-01-02,2026-01-12
BAGNO SCHIUMA MALIZIA,1LT,IGIENE,2025-08-26,2025-09-08
BAGNO SCHIUMA MUSCHIO BIANCO,750ML,IGIENE,2025-07-29,2025-08-11
BAGNODOCCIA,250ML,IGIENE,2026-06-02,2026-06-15
BAGNODOCCIA CREMA,650ML,IGIENE,2026-04-21,2026-05-04
BAGNODOCCIA CREMA DPUMNA,500ML,IGIENE,2024-02-13,2024-02-26
BAGNODOCCIA CREMA SPUMA NUTRIENTE,650ML,IGIENE,2025-05-20,2025-06-02
BAGNODOCCIA DOVE,750ML,IGIENE,2026-03-24,2026-04-06
BAGNODOCCIA FELCE AZZURRA,650ML,IGIENE,2026-04-21,2026-05-04
BAGNODOCCIA LUXURY,500ML,IGIENE,2024-12-17,2024-12-31
BAGNODOCCIA NEUTRO MEL,600ML,IGIENE,2025-04-22,2025-05-05
BAGNODOCCIA NEUTROMED,600ML,IGIENE,2026-05-19,2026-06-01
BAGNOSCHIUMA CREMA SPUMA DI CHAMPAGNA,150ML,IGIENE,2025-10-21,2025-11-03
BAGNOSCHIUMA FELCE AZZURRA,650ML,IGIENE,2026-01-27,2026-02-09
BAGNOSCHIUMA MALIZIA,1LT,IGIENE,2024-04-02,2024-04-15
BAGNOSCHIUMA PALMOLIVE,300ML,IGIENE,2024-04-16,2024-04-22
BALSAMICO DOTTO NEUTROMED,600ML,IGIENE,2025-12-02,2025-12-15
BANDOCOCCIA,N/D,IGIENE,2026-03-10,2026-03-23
BASSO DOCCIA CREMA SPUMA DI SCHIAMPAGNA,600ML,IGIENE,2025-03-11,2025-03-24
BASSOCOCCIA,750ML,IGIENE,2025-01-28,2025-02-10
BICARBONATO SOLVAY,400G,IGIENE,2025-07-29,2025-08-11
BILANCIA PESAPERSONA DIGITALE JOYTTECH+,N/D,IGIENE,2026-01-27,2026-02-09
BILANCIA PESAPERSONE DIGITALE,N/D,IGIENE,2024-04-02,2024-04-15
BIO PRESTO TOTAL 4+1,1.16LT,IGIENE,2024-12-17,2024-12-31
BOBINA ASCIUGATUTTO,2PZ,IGIENE,2025-06-17,2025-06-30
BOBINA ASCIUGATUTTO DAYLY,N/D,IGIENE,2026-04-07,2026-04-20
BOBINA BRAVO,500X2,IGIENE,2024-10-22,2024-11-04
BOBINA BUFFALO,300STRAPPI,IGIENE,2025-10-21,2025-11-03
BORSETTA PER TRUCCHI TOUCH OF BEAUTY+,N/D,IGIENE,2026-01-27,2026-02-09
BRAVO ASUCIAGUTTO,2ROTOLI,IGIENE,2026-02-10,2026-02-23
BREF WC ALLEGRO MOTIVETTO,50G,IGIENE,2025-03-11,2025-03-24
CANDEGGINA CLASSICA,2.5LT,IGIENE,2025-02-25,2025-03-10
CANDEGGINA CLASSICA DOPPIA SCALA,2LT,IGIENE,2025-10-21,2025-11-03
CANDEGGINA CLASSICA SCALA,2LT,IGIENE,2026-02-24,2026-03-09
CANDEGGINA DENSATTIVA,2LT,IGIENE,2024-01-16,2024-01-29
CANDEGGINA GEL SCALA,2.5LT,IGIENE,2026-01-02,2026-01-12
CANDEGGINA GENTILE VALIDO,2LT,IGIENE,2026-01-13,2026-01-26
CANDEGGINA PROFUMATA,2LT,IGIENE,2026-01-27,2026-02-09
CANDEGGINA PROFUMATA AXA,2.5LT,IGIENE,2026-03-10,2026-03-23
CANDEGGINA PROFUMATA LAVANDA,2LT,IGIENE,2025-03-11,2025-03-24
CANDEGGINA PROFUMATA VIAVANDA,2LT,IGIENE,2024-10-08,2024-10-21
CANDELA PROFUMATA,N/D,IGIENE,2023-12-19,2023-12-31
CAPSULE FAIRY,N/D,IGIENE,2024-02-13,2024-02-26
CAPSULE LAVASTOVIGLIE PRIL CLASSICO,30TAB,IGIENE,2024-09-10,2024-09-23
CAPSULE LAVASTOVIOLIE EXCELLENCE PRIL,20PZ,IGIENE,2026-01-27,2026-02-09
CAPSULE PER LAVASTOVIGLIE FAIRY,N/D,IGIENE,2024-05-21,2024-06-03
CARTA CASA TUTTO CUCINA PIÙ,3ROTOLI,IGIENE,2026-01-27,2026-02-09
CARTA CASA TUTTOFARE SCOTTEX,4PZ,IGIENE,2026-03-10,2026-03-23
CARTA CUCINA PIÙ,3MAXIROTOLI,IGIENE,2025-03-25,2025-04-07
CARTA CUCINA STYLE MAXI FOGLI TUTTO,2ROTOLI,IGIENE,2026-05-19,2026-06-01
CARTA DA CUCINA QUANTO BASTA SCOTTEX,3ROTOLI,IGIENE,2026-05-05,2026-05-18
CARTA DA FORNO DOMO PAK,8M,IGIENE,2025-04-08,2025-04-21
CARTA FORNO IN FOGLI DOMO PAK,25FOGLI,IGIENE,2024-10-08,2024-10-21
CARTA FORNO PER FRIGGITRICE AD ARIA CUKI,25FOGLI,IGIENE,2025-10-07,2025-10-20
CARTA IGIENICA,8ROTOLI,IGIENE,2026-01-13,2026-01-26
CARTA IGIENICA 2 VELI 4 MAXI ROTOLI,4PZ,IGIENE,2025-06-03,2025-06-16
CARTA IGIENICA BRAVO,6ROTOLI,IGIENE,2026-06-02,2026-06-15
CARTA IGIENICA CAREZZA DI LATTE TENDERLY,4PZ,IGIENE,2025-02-25,2025-03-10
CARTA IGIENICA CHRISTMAS,4ROTOLI,IGIENE,2023-12-19,2023-12-31
CARTA IGIENICA CLASSICA,24PZ,IGIENE,2025-01-28,2025-02-10
CARTA IGIENICA COMPACT,4ROTOLI,IGIENE,2026-05-19,2026-06-01
CARTA IGIENICA DAYLY,6ROLI,IGIENE,2025-12-02,2025-12-15
CARTA IGIENICA FAMILY SCOTTEX,4ROTOLI,IGIENE,2026-01-27,2026-02-09
CARTA IGIENICA LA MAXI SCOTTEX,4ROTOLI,IGIENE,2025-10-21,2025-11-03
CARTA IGIENICA LALYNEA,8ROTOLI,IGIENE,2024-12-17,2024-12-31
CARTA IGIENICA PINK TENDERLY,12ROTOLI,IGIENE,2026-05-05,2026-05-18
CARTA IGIENICA PULITO COMPLETO SCOTTEX,12PZ,IGIENE,2026-04-21,2026-05-04
CARTA IGIENICA SCOTTEX,4ROTOLI,IGIENE,2026-04-07,2026-04-20
CARTA IGIENICA SCOTTEX 4-12,N/D,IGIENE,2025-10-21,2025-11-03
CARTA IGIENICA SCOTTONELLE,N/D,IGIENE,2024-12-03,2024-12-16
CARTA IGIENICA SCOTTONELLE MAXI,4ROTOLI,IGIENE,2024-08-27,2024-09-09
CARTA IGIENICA SOFT BREEZE TENDERLY,16ROTOLI,IGIENE,2024-02-13,2024-02-26
CARTA IGIENICA TENDERLY,12ROT,IGIENE,2026-01-02,2026-01-12
CARTA IGIENICA TENDERLY GRAN ROTOLO,12PZ,IGIENE,2024-11-05,2024-11-18
CARTA IGIENICA THAT'S AMORE,8ROTOLI,IGIENE,2026-02-24,2026-03-09
CARTA IGIENICA ULTRA COMFORT TENDERLY,4ROTOLI,IGIENE,2026-03-10,2026-03-23
CARTA IGIENICA UMIDIFICATA SCOTTEX,42PZ,IGIENE,2025-01-14,2025-01-27
CARTA IGIENICA XMAS,4ROTOLLI,IGIENE,2024-12-17,2024-12-31
CATTURA COLORE,36FOGLI,IGIENE,2026-06-02,2026-06-15
CATTURA COLORE BRAUN,36FOGLI,IGIENE,2025-08-26,2025-09-08
CATTURA COLORE BRAWN EASY,56PANNI,IGIENE,2025-10-21,2025-11-03
CATTURA POLVERE SWIFFER,64PANNI,IGIENE,2026-05-05,2026-05-18
CATTURA POLVERE SWIFFER KIT,4PLUMINI,IGIENE,2024-06-18,2024-07-01
CATTURACOLORE,40PANNI,IGIENE,2024-04-02,2024-04-15
CATTURACOLORE CHUCKERS,20PANNI,IGIENE,2024-03-12,2024-03-18
CATTURACOLORE SUPER WIPES,10PZ,IGIENE,2024-11-05,2024-11-18
CATTURAPOLVERE MAGIC CLEAN,30PANNI,IGIENE,2026-02-24,2026-03-09
CEROTTO THERMO,3PZ,IGIENE,2024-01-02,2024-01-15
CEROTTO THERMO BENESSERE,N/D,IGIENE,2026-01-02,2026-01-12
CHANTE CLAIR,1LT,IGIENE,2024-02-13,2024-02-26
CHANTECLAIR PULITO PROFONDO,1.57LT,IGIENE,2024-10-08,2024-10-21
COLLUTORIO COOL MINT LISTERINE,1LT,IGIENE,2026-03-24,2026-04-06
COLLUTORIO DENTI E GENGIVE ORAL-B,500ML,IGIENE,2024-10-22,2024-11-04
COLLUTORIO PLAX COLGATE,500ML,IGIENE,2024-05-07,2024-05-20
COLOR SENSATION GARNIER,N/D,IGIENE,2024-11-05,2024-11-18
COLORAZIONI PER CAPELLI COLOR SENSATION GARNIER,N/D,IGIENE,2026-05-05,2026-05-18
CONFEZIONE BAGNETTO CARESSE,N/D,IGIENE,2025-12-02,2025-12-15
CONFEZIONE CARESSE,N/D,IGIENE,2023-12-05,2023-12-18
CREMA CIF,500ML,IGIENE,2025-10-21,2025-11-03
CREMA CIF CLASSICO,500ML,IGIENE,2026-02-24,2026-03-09
CREMA COLORANTE,N/D,IGIENE,2026-01-13,2026-01-26
CREMA DI SAPONE MANI,750ML,IGIENE,2024-09-24,2024-10-07
CREMA VISO REVITALIFT,50ML,IGIENE,2024-04-02,2024-04-15
CREME SOLARI AMBRE SOLAIRE GARNIER,N/D,IGIENE,2026-05-19,2026-06-01
DEEP CLEAN REFILLS FLEX & CATCH VILEDA,5PZ,IGIENE,2025-11-18,2025-12-01
DENTIFRICE MENTADENT,100ML,IGIENE,2024-04-16,2024-04-22
DENTIFRICIO ADVANCED WHITE COLGATE,100ML,IGIENE,2026-03-24,2026-04-06
DENTIFRICIO AQUAFRESH,75MLX6,IGIENE,2025-11-04,2025-11-17
DENTIFRICIO AZ,65ML,IGIENE,2026-04-07,2026-04-20
DENTIFRICIO COLGATE,100ML,IGIENE,2026-05-19,2026-06-01
DENTIFRICIO COLGATE FRESH GEL,100ML,IGIENE,2024-03-12,2024-03-18
DENTIFRICIO COLGATE HERBAL ORIGINAL,75ML,IGIENE,2024-05-07,2024-05-20
DENTIFRICIO COLGATE WHITENING,75ML,IGIENE,2024-04-02,2024-04-15
DENTIFRICIO COMPLETE PROTECTION,75ML,IGIENE,2024-07-30,2024-08-12
DENTIFRICIO MAX FRESH COLGATE,100ML,IGIENE,2025-08-12,2025-08-25
DENTIFRICIO MAX WHITE,75ML,IGIENE,2025-03-11,2025-03-24
DENTIFRICIO MAX WHITE COLGATE,75ML,IGIENE,2024-10-22,2024-11-04
DENTIFRICIO MAXIMUM CAVITY PROTECTION COLGATE,100ML,IGIENE,2026-02-24,2026-03-09
DENTIFRICIO MENTADENT P,75MLX2,IGIENE,2025-07-29,2025-08-11
DENTIFRICIO ORAL-B,75ML,IGIENE,2025-06-17,2025-06-30
DENTIFRICIO ORIGINAL PARODONTAX,100ML,IGIENE,2025-10-21,2025-11-03
DENTIFRICIO PASTA DEL CAPITANO BAKING SODA,75ML,IGIENE,2026-01-02,2026-01-12
DENTIFRICIO PEPSODENT,75ML,IGIENE,2025-07-15,2025-07-28
DENTIFRICIO SENSODYNE,100ML,IGIENE,2025-02-25,2025-03-10
DENTIFRICIO TRIPLA PROTEZIONE AQUAFRESH,75MLX6,IGIENE,2026-03-10,2026-03-23
DENTIFRICIO TRIPLE ACTION COLGATE,125ML,IGIENE,2025-10-07,2025-10-20
DEO CARE SAUBER,N/D,IGIENE,2023-12-05,2023-12-18
DEO ROLL-ON DOVE,50ML,IGIENE,2024-08-27,2024-09-09
DEOCORANTE DOVE PROFUMAZIONI,250ML,IGIENE,2024-04-02,2024-04-15
DEODORANTE ADIDAS PRO INVISIBLE,150ML,IGIENE,2025-07-29,2025-08-11
DEODORANTE AXE,150ML,IGIENE,2026-03-24,2026-04-06
DEODORANTE BORATALCO,150ML,IGIENE,2024-05-21,2024-06-03
DEODORANTE CARE SAUBER,N/D,IGIENE,2025-11-18,2025-12-01
DEODORANTE DOVE,150ML,IGIENE,2026-05-19,2026-06-01
DEODORANTE NIVEA,50ML,IGIENE,2025-07-15,2025-07-28
DEODORANTE ROLL-ON DOVE,50ML,IGIENE,2025-04-22,2025-05-05
DEODORANTE ROLL-ON NIVEA,50ML,IGIENE,2025-03-11,2025-03-24
DEODORANTE SAUBER,N/D,IGIENE,2026-04-21,2026-05-04
DEODORANTE SPRAY,300ML,IGIENE,2025-02-25,2025-03-10
DEODORANTE SPRAY AZZURRA FELCE AZZURRA,150ML,IGIENE,2026-05-05,2026-05-18
DEODORANTE UOMO,150ML,IGIENE,2026-01-13,2026-01-26
DETERGENTE,580ML,IGIENE,2026-03-24,2026-04-06
DETERGENTE CHANTE CLAIR,625ML,IGIENE,2026-02-24,2026-03-09
DETERGENTE CHANTECLAIR,625ML,IGIENE,2025-06-17,2025-06-30
DETERGENTE CONCENTRATO PER PIATTI CHIANTE CLAR,N/D,IGIENE,2025-02-25,2025-03-10
DETERGENTE DIVERSI TIPI,580ML,IGIENE,2025-10-21,2025-11-03
DETERGENTE DOPRO FRAGRANZA RAVIVIVA EMULSIO,750ML,IGIENE,2026-02-10,2026-02-23
DETERGENTE GEL PAVIMENTI VALIDO,1.25LT,IGIENE,2026-02-24,2026-03-09
DETERGENTE HINTING,250ML,IGIENE,2025-06-17,2025-06-30
DETERGENTE IGIENIZZANTE LYSOFORM,500ML,IGIENE,2024-02-27,2024-03-11
DETERGENTE INTERNO FELCE AZZURRA,250ML,IGIENE,2025-12-02,2025-12-15
DETERGENTE INTIME NEUTROMED,300ML,IGIENE,2026-01-27,2026-02-09
DETERGENTE INTIMO,300ML,IGIENE,2026-06-02,2026-06-15
DETERGENTE INTIMO AFFINITY CARE,300ML,IGIENE,2025-09-09,2025-09-22
DETERGENTE INTIMO CAMOMILLA E MALVA,300ML,IGIENE,2024-06-18,2024-07-01
DETERGENTE INTIMO CERA DI CUPRA,200ML,IGIENE,2026-01-02,2026-01-12
DETERGENTE INTIMO DAILY TOUCH,300ML,IGIENE,2025-08-26,2025-09-08
DETERGENTE INTIMO DAILY TOUCH CAMOMILLA E MALVA,300ML,IGIENE,2025-06-03,2025-06-16
DETERGENTE INTIMO FELCE AZZURRA,250ML,IGIENE,2026-02-24,2026-03-09
DETERGENTE INTIMO FRIA,300ML,IGIENE,2025-05-20,2025-06-02
DETERGENTE INTIMO NEUTRO MED,200ML,IGIENE,2024-10-22,2024-11-04
DETERGENTE INTIMO NEUTROMED,300ML,IGIENE,2026-04-07,2026-04-20
DETERGENTE INTIMO SENSITIVE CHILLY,450ML,IGIENE,2024-03-12,2024-03-18
DETERGENTE INTIMO SPUMA DI SCAMPAGNA,300ML,IGIENE,2025-10-07,2025-10-20
DETERGENTE LAVATRICE ECO,1.2LT,IGIENE,2025-12-02,2025-12-15
DETERGENTE LIQUIDO BIO PRESTO TOTAL 4+1,1.16LT,IGIENE,2024-06-18,2024-07-01
DETERGENTE LIQUIDO OMINO BIANCO,2LT,IGIENE,2025-04-22,2025-05-05
DETERGENTE LIQUIDO PULITO & IGIENE DIXAN,N/D,IGIENE,2024-05-07,2024-05-20
DETERGENTE MASTRO LINDO,500ML,IGIENE,2024-01-16,2024-01-29
DETERGENTE MASTRO LINDO LIMONI DI SICILIA,ML930,IGIENE,2024-02-27,2024-03-11
DETERGENTE PAVIMENTI CHANTECLAIRE VERT,1LT,IGIENE,2026-05-19,2026-06-01
DETERGENTE PAVIMENTI MULTIUSO CIF,1LT,IGIENE,2025-02-11,2025-02-24
DETERGENTE PER PIATTI SEITA,2LT,IGIENE,2025-03-25,2025-04-07
DETERGENTE PIATTI,N/D,IGIENE,2025-01-14,2025-01-27
DETERGENTE PIATTI CHANTE CLAIR VERT,500ML,IGIENE,2025-05-20,2025-06-02
DETERGENTE PIATTI CIF,2LT,IGIENE,2025-10-21,2025-11-03
DETERGENTE PIATTI CONCENTRATO NELSEA,500ML,IGIENE,2024-03-12,2024-03-18
DETERGENTE QUASAR,500ML,IGIENE,2026-05-19,2026-06-01
DETERGENTE RAVVIVA EMULSIO,750ML,IGIENE,2025-02-25,2025-03-10
DETERGENTE RAVVIVA EMULSIONE,750ML,IGIENE,2025-05-20,2025-06-02
DETERGENTE RAVVIVUSCULO,750ML,IGIENE,2026-04-07,2026-04-20
DETERGENTE SPRAY,750ML,IGIENE,2024-06-04,2024-06-17
DETERGENTE TUTTE LE SUPERFICI BREF,1.25LT,IGIENE,2025-08-12,2025-08-25
DETERGENTE VALIDO,750ML,IGIENE,2026-06-02,2026-06-15
DETERGENTE VALIDO VETRI,750ML,IGIENE,2026-01-13,2026-01-26
DETERGENTE VETRI,750ML,IGIENE,2025-01-28,2025-02-10
DETERGENTE VETRIL,650ML,IGIENE,2026-05-05,2026-05-18
DETERGENTE VETRIL VETRI E MULTIUSO,650ML,IGIENE,2026-02-24,2026-03-09
DETERGIVO CONCENTRATO PIATTI,900ML,IGIENE,2026-04-07,2026-04-20
DETERGIVO UNIVERSALE GENERAL,2LT,IGIENE,2026-03-10,2026-03-23
DETERSENTE INTIMO,300ML,IGIENE,2024-09-24,2024-10-07
DETERSIEVO PIATTI VEST,500ML,IGIENE,2026-02-10,2026-02-23
DETERSIONE VALIDO VETRI,750ML,IGIENE,2024-04-02,2024-04-15
DETERSIONE VETRI,750ML,IGIENE,2024-09-24,2024-10-07
DETERSIVO CAPI SPORTIVI CHANTECLAIR,900ML,IGIENE,2024-09-10,2024-09-23
DETERSIVO CONCENTRATO PER PIATTI CHANTECLAIR,500ML,IGIENE,2024-10-22,2024-11-04
DETERSIVO CONCENTRATO PIATTI,900ML,IGIENE,2024-01-16,2024-01-29
DETERSIVO IGIENIZZANTE PER LAVATRICE SCALA,1LT,IGIENE,2025-10-21,2025-11-03
DETERSIVO LAVATRICE BIO PRESTO,1LT,IGIENE,2025-06-17,2025-06-30
DETERSIVO LAVATRICE FELCE AZZURRA,1.8LT,IGIENE,2026-02-10,2026-02-23
DETERSIVO LAVATRICE GENERAL UNIVERSALE,4KG,IGIENE,2026-01-13,2026-01-26
DETERSIVO LAVATRICE LAVANDA SCALA,800G,IGIENE,2026-06-02,2026-06-15
DETERSIVO LAVATRICE MARSIGLIA CHANTECLAIR,3.78LT,IGIENE,2026-03-24,2026-04-06
DETERSIVO LAVATRICE NERODIGILI,1.35LT,IGIENE,2026-03-24,2026-04-06
DETERSIVO LAVATRICE OMINO BIANCO,1.7KG,IGIENE,2024-11-05,2024-11-18
DETERSIVO LAVATRICE SPUMA DI SCIAMPAGNA MARSIGLIA,4.14KG,IGIENE,2026-05-05,2026-05-18
DETERSIVO LAVATRICE UNIVERSALE GENERAL 5 IN 1,2.97KG,IGIENE,2025-05-06,2025-05-19
DETERSIVO LIQUIDO LAVATRICE,100LAV,IGIENE,2026-06-02,2026-06-15
DETERSIVO LIQUIDO PER LAVATRICE,5LT,IGIENE,2026-04-07,2026-04-20
DETERSIVO LIQUIDO PIATTI CON DISPENSER KOP,750ML,IGIENE,2024-07-16,2024-07-29
DETERSIVO LIQUIDO TOTAL 4+1 PRESTO,N/D,IGIENE,2025-07-29,2025-08-11
DETERSIVO PAVIMENTI FABULOSO,950ML,IGIENE,2025-05-06,2025-05-19
DETERSIVO PER BUCATO,1.85LT,IGIENE,2025-06-03,2025-06-16
DETERSIVO PER BUCATO CLASSICO,5LT,IGIENE,2025-10-21,2025-11-03
DETERSIVO PER BUCATO IGIENIZZANTE BICARBONATO SCALA,4LT,IGIENE,2024-07-30,2024-08-12
DETERSIVO PER BUCATO MARSIGLIA,1.85LT,IGIENE,2024-08-27,2024-09-09
DETERSIVO PER LAVATRICE,1.75LT,IGIENE,2025-09-23,2025-10-06
DETERSIVO PER LAVATRICE DELRINO,1.75LT,IGIENE,2024-03-12,2024-03-18
DETERSIVO PER PAVIMENTI,1LT,IGIENE,2025-01-28,2025-02-10
DETERSIVO PER PAVIMENTI VALIDO,1LT,IGIENE,2026-03-10,2026-03-23
"DETERSIVO PER PAVIMENTI VALIDO ACQUA MARINA E FELCE, LAVANDA E ORCHIDEA",1LT,IGIENE,2025-06-03,2025-06-16
DETERSIVO PER PIATTI,5LT,IGIENE,2026-01-13,2026-01-26
DETERSIVO PER PIATTI BRILLA,5LT,IGIENE,2026-05-05,2026-05-18
DETERSIVO PER PIATTI LIMONE,1LT,IGIENE,2026-06-02,2026-06-15
DETERSIVO PER PIATTI SCALA,750ML,IGIENE,2025-11-18,2025-12-01
DETERSIVO PIATTI,300ML,IGIENE,2026-01-02,2026-01-12
DETERSIVO PIATTI CHANTE CLAIR,500ML,IGIENE,2024-02-27,2024-03-11
DETERSIVO PIATTI CIF,2LT,IGIENE,2025-07-15,2025-07-28
DETERSIVO PIATTI CONCENTRATO MELSEN,450ML,IGIENE,2026-03-10,2026-03-23
DETERSIVO PIATTI LIVOV,300ML,IGIENE,2026-04-21,2026-05-04
DETERSIVO PIATTI NELSEN,850ML,IGIENE,2026-03-24,2026-04-06
DETERSIVO PIATTI PROFUMAZIONI DIVERSE,500ML,IGIENE,2025-10-21,2025-11-03
DETERSIVO PIATTI SCALA,750ML,IGIENE,2026-05-19,2026-06-01
DETERSIVO PIATTI SCALA LIMONE,N/D,IGIENE,2025-07-29,2025-08-11
DETERSIVO PROFESSIONAL CIF,1LT,IGIENE,2026-05-05,2026-05-18
DETERSIVO PULITO & IGIENE DIXAN,855ML,IGIENE,2024-10-22,2024-11-04
DETERSIVO RAVVIVVA SCALA,N/D,IGIENE,2025-10-21,2025-11-03
DETERSIVO UNIVERSALE GENERAL,2LT,IGIENE,2025-09-09,2025-09-22
DIFFUSORE PER AMBIENTI,250ML,IGIENE,2024-11-19,2024-12-02
DISCHETTI PER TRUCCO,80PZ,IGIENE,2026-06-02,2026-06-15
DISCHETTI STRUCCANTI,80PZ,IGIENE,2026-01-27,2026-02-09
DISGORGANTE CON CANDEGGINA,1LT,IGIENE,2025-02-25,2025-03-10
DISGORGANTE CON CANDEGGINA SCALA,1LT,IGIENE,2026-02-24,2026-03-09
DISGORGANTE SCALA CON CANDEGGIANA,1LT,IGIENE,2024-02-27,2024-03-11
DISPENSER SACCHETTI IGIENICI,15PZ,IGIENE,2025-10-07,2025-10-20
DIXAN POWER CAPS CLASSICO,40CAPS,IGIENE,2024-07-16,2024-07-29
DIXAN PULITO E IGIENE,850ML,IGIENE,2025-07-15,2025-07-28
DOCCIA SCHIUMA,300ML,IGIENE,2026-01-13,2026-01-26
DOCCIA SCHIUMA DIVERSO TIPO,300ML,IGIENE,2024-09-10,2024-09-23
DOCCIA SCHIUMA LUX,300ML,IGIENE,2025-07-15,2025-07-28
DOCCIA SCHIUMA MUSCHIO BIANCO ARGAN & MACADAMIA CANDY,300ML,IGIENE,2025-06-03,2025-06-16
DOCCIA SHAMPOO,500ML,IGIENE,2025-09-23,2025-10-06
DOCCIA SHAMPOO LUXURY,500ML,IGIENE,2025-04-08,2025-04-21
DOCCIABRONE BILBOA,250ML,IGIENE,2025-07-01,2025-07-14
DOCCIASHUMMA SUNFLOWERS FELCE AZZURRA,250ML,IGIENE,2024-06-18,2024-07-01
DOCLIA BRONZANTE BILBOA,200ML,IGIENE,2026-05-19,2026-06-01
DOC{C}A FELCE AZZURRA,250ML,IGIENE,2026-04-07,2026-04-20
DUSTING KIT FLEX & CATCH VILEDA,N/D,IGIENE,2026-05-05,2026-05-18
ECO DETERGENTE LAVASTICHE,24LAVAGGI,IGIENE,2025-02-11,2025-02-24
ECO DETERGENTE PIATTI,1LT,IGIENE,2025-12-02,2025-12-15
ECODETERGENTE PIATTI CHANTE CLAIR LIMONE E BASILICO,500ML,IGIENE,2024-06-18,2024-07-01
ECODETERGENTE PIATTI CHANTECLAIR VERT,N/D,IGIENE,2024-12-03,2024-12-16
ECODETERSIVE LAVATRICE VERT,N/D,IGIENE,2025-07-29,2025-08-11
ECODETERSIVE PIATTI VERT,N/D,IGIENE,2025-07-29,2025-08-11
ECONIRICARICA LAVATRICE VEST,1.024LT,IGIENE,2024-12-17,2024-12-31
ELETTRO EMANATORE INSETTICIDA + RICARICA,45NOTTI,IGIENE,2026-06-02,2026-06-15
ELVINE L'OREAL,500ML,IGIENE,2025-12-02,2025-12-15
ELVIVE DI VERSI TIPI,N/D,IGIENE,2026-02-10,2026-02-23
ELVIVE L'ORÉAL,N/D,IGIENE,2026-05-19,2026-06-01
EXTRA CHANGE CHANTE CLAIRE,500ML,IGIENE,2026-01-13,2026-01-26
EXTRA POWER CHANTE CLAIR,500ML,IGIENE,2024-01-16,2024-01-29
EXTRA POWER CHANTECLAIR,500ML,IGIENE,2025-01-14,2025-01-27
EXTRA POWER MILLEMACHIE,500ML,IGIENE,2025-11-18,2025-12-01
FAZZOLETTI,10PACCHETTI,IGIENE,2025-10-07,2025-10-20
FAZZOLETTI BALSAM SCOTEX,10PACCHETTI,IGIENE,2025-01-03,2025-01-13
FAZZOLETTI BRAVO,10PACCHETTI,IGIENE,2025-01-14,2025-01-27
FAZZOLETTI CAREZZA TENDERLY,10PACCHETTI,IGIENE,2026-01-27,2026-02-09
FAZZOLETTI FANTASIE ASSORTITE,6PZ,IGIENE,2025-08-26,2025-09-08
FAZZOLETTI FIOR DI CARTA,10PZ,IGIENE,2026-03-10,2026-03-23
FAZZOLETTI MINECRAFT,6PACHETTI,IGIENE,2025-10-21,2025-11-03
FAZZOLETTI SCOTTEX,36PZ,IGIENE,2025-11-18,2025-12-01
FAZZOLETTI SCOTTEX TUTTIGIORNI,12PACCHETTI,IGIENE,2024-04-16,2024-04-22
FAZZOLETTI TENDERLY,30PACCHETTI,IGIENE,2024-02-13,2024-02-26
FAZZOLETTI TUTTI GIORNI SCOTTEX,10PACCHETTI,IGIENE,2025-10-21,2025-11-03
FERRO DA STIRO LORD TERMOZETA,N/D,IGIENE,2025-01-03,2025-01-13
FERRO DA STIRO MILORD 7800 TERMOZETTA,N/D,IGIENE,2026-01-02,2026-01-12
FINISH ALL IN 1,600ML,IGIENE,2025-07-15,2025-07-28
FINISH POWERBALL CLASSIC,1.76KG,IGIENE,2024-03-19,2024-04-01
FLATMOP SISTEMA LAVAPAVIMENTI H2PRO,N/D,IGIENE,2026-02-24,2026-03-09
FLEX & CATCH VILEDA,5PZ,IGIENE,2026-05-05,2026-05-18
FOGLIETTI PER ASCIUGATRICE SPUMA DI SCIAMPAGNA,40PZ,IGIENE,2024-01-16,2024-01-29
FRESCHI DISCS DUCK LAVANDA,G36,IGIENE,2024-02-27,2024-03-11
FRESH DISCS DUCK,N/D,IGIENE,2025-02-25,2025-03-10
FRUCTIS GARNIER,200ML,IGIENE,2025-03-25,2025-04-07
GEL DOCCIA FLAMINGO,400ML,IGIENE,2024-07-30,2024-08-12
GEL EXCELLENCE DUO LAVASTOVIGLIE PRIL,540ML,IGIENE,2025-11-18,2025-12-01
GEL LAVASTOVIGLIE PLATINUM FAIRY,840ML,IGIENE,2023-12-19,2023-12-31
GEL LAVASTOVIGLIE PRIL,630ML,IGIENE,2024-01-02,2024-01-15
GEL LAVASTOVIGLIE SCALA,750ML,IGIENE,2026-06-02,2026-06-15
GEL WC NET,700ML,IGIENE,2026-02-10,2026-02-23
GENERAL UNIVERSALE,54LAVAGGI,IGIENE,2025-10-07,2025-10-20
GENERAL UNIVERSALE 5 IN 1,2.87KG,IGIENE,2025-02-11,2025-02-24
GILLETTE BLUE 3,8PZ,IGIENE,2024-10-22,2024-11-04
GLISS SCHWARZKOPF,200ML,IGIENE,2025-11-18,2025-12-01
GUANCIALE SAPONETTA,N/D,IGIENE,2024-10-22,2024-11-04
GUANTI EXTRA SENSATION VILEDA,N/D,IGIENE,2026-05-19,2026-06-01
GUANTI EXTRA SENSITIVE VILEDA,N/D,IGIENE,2026-03-10,2026-03-23
GUANTI SUPER UNIVERSAL,N/D,IGIENE,2026-02-24,2026-03-09
GUANTI SUPER UNIVERSAL VILEDA,N/D,IGIENE,2025-02-11,2025-02-24
I PROVENZALI BIO,N/D,IGIENE,2025-03-11,2025-03-24
INTENSE MINT FRESH WHITE,50PZ,IGIENE,2025-01-28,2025-02-10
KIT PIUNIMO CATTURA POLVERE TONITA BY ARIX,4X1PZ,IGIENE,2026-02-24,2026-03-09
KIT PUMIUNO CATTURAPOLVERE TONKITA BY ARIX,4+1PZ,IGIENE,2025-02-25,2025-03-10
KIT TURBO SMART VILEDA,N/D,IGIENE,2026-01-02,2026-01-12
L'ACCHIAPPACOLORE COLORE GREY,N/D,IGIENE,2026-01-13,2026-01-26
L'ACCHIAPPACOLORE GREY,20FOGLI,IGIENE,2026-05-05,2026-05-18
L'ACCIUFFA POLVERE,12PANNI,IGIENE,2026-02-24,2026-03-09
L'ACQUOFFIA POLVERE,12PZ,IGIENE,2025-02-25,2025-03-10
L'OMINO BIANCO MUSCHIO BIANCO,60LAVAGGI,IGIENE,2026-01-02,2026-01-12
LAVASTOVIGLIE I GIENE GEL FINISH QUANTUM FRESH,56PZ,IGIENE,2024-07-16,2024-07-29
LAVASTOVIGLIE SVELTO,188PZ,IGIENE,2025-11-04,2025-11-17
LAVATRICE CHANTE CLAIR,1.5LT,IGIENE,2024-02-27,2024-03-11
LAVATRICE CHANTECLAIR,2LT,IGIENE,2026-05-19,2026-06-01
LAVATRICE FELCE AZZURRA,1.8LT,IGIENE,2025-11-04,2025-11-17
LETTIERA GATTI CON PALETTA,N/D,IGIENE,2025-10-07,2025-10-20
LETTIERA HYGENE PLUS CATSAN,5LT,IGIENE,2025-10-07,2025-10-20
LINDA DOCCIA FELCE AZZURRA,250ML,IGIENE,2025-06-17,2025-06-30
LINEA BIO COSMO NATURA,N/D,IGIENE,2025-06-17,2025-06-30
LINEA BIO I PROVENZALI,N/D,IGIENE,2026-02-10,2026-02-23
LINEA BIOG COSMONATURA,N/D,IGIENE,2025-04-08,2025-04-21
LINEA CAPELLI BOND REPAIR ELVIVE,N/D,IGIENE,2025-08-12,2025-08-25
LINEA CAPELLI ELVIVE,N/D,IGIENE,2024-04-02,2024-04-15
LINEA CAPELLI FRUCTIS GARNIER,250ML,IGIENE,2026-01-27,2026-02-09
LINEA CAPELLI GLISS SCHWARZKOPF,N/D,IGIENE,2026-04-07,2026-04-20
LINEA CAPELLI PANTENE,N/D,IGIENE,2024-02-27,2024-03-11
LINEA CHANTE CLAIR VEST,1.2L,IGIENE,2024-02-13,2024-02-26
"LINEA CHANTE CLAIRE, CHANTE CLAIRE VERT",N/D,IGIENE,2023-12-19,2023-12-31
LINEA ELVIVE L'ORÉAL,N/D,IGIENE,2025-10-07,2025-10-20
LINEA FELCE AZZURRA,N/D,IGIENE,2024-01-16,2024-01-29
LINEA FRUCTIS GARNIER,N/D,IGIENE,2026-05-05,2026-05-18
LINEA GLISS SCHWARZKOPF,200ML,IGIENE,2025-07-15,2025-07-28
LINEA HAIR FOOD FRUITS GARNIER,350ML,IGIENE,2024-02-13,2024-02-26
LINEA I PROVENZALI,N/D,IGIENE,2026-01-27,2026-02-09
LINEA PANTENE,N/D,IGIENE,2024-08-13,2024-08-26
LINEA PH BIO,N/D,IGIENE,2026-02-10,2026-02-23
LINEA PULIZIA TONKITA,N/D,IGIENE,2024-03-19,2024-04-01
"LINEA SALICILICO, GLICOLICO, VITAMINA C GARNIER",85ML,IGIENE,2026-01-27,2026-02-09
LINEA SOLARI GENERA DIVERSI TIPI E GRAMMATURE,N/D,IGIENE,2025-06-03,2025-06-16
LINEA TAVOLA BIO TABLE,N/D,IGIENE,2023-12-19,2023-12-31
LINEA TAVOLA DI NATALE,N/D,IGIENE,2023-12-19,2023-12-31
LINEA ULTRA DOLCE GARNIER,N/D,IGIENE,2026-04-21,2026-05-04
LINEA VISO BIOLOGICA I PROVENZALI,N/D,IGIENE,2024-01-16,2024-01-29
LINEN GREEN EMOTION,N/D,IGIENE,2024-04-16,2024-04-22
LIQUIDO LAVASTOVIGLIE BIO PRESTO,1.5LT,IGIENE,2026-04-21,2026-05-04
LIQUIDO LAVATRICE,1.2LT,IGIENE,2025-12-02,2025-12-15
LIQUIDO LAVATRICE CHANTECLAIR,1.5LT,IGIENE,2025-02-11,2025-02-24
LIQUIDO LAVATRICE DASH CLASSICO,2.1LTX2,IGIENE,2024-11-19,2024-12-02
LIQUIDO LAVATRICE DIXAN,2LT,IGIENE,2026-05-05,2026-05-18
LIQUIDO LAVATRICE DIXAN CLASSICO,2.3LT,IGIENE,2026-02-24,2026-03-09
LIQUIDO LAVATRICE EXTRA POWER DASH,1.8LT,IGIENE,2026-01-13,2026-01-26
LIQUIDO LAVATRICE PERLANA RENEW,1.4LT,IGIENE,2026-01-13,2026-01-26
LIQUIDO LAVATRICE UNIVERSALE GENERAL,2.7LT,IGIENE,2023-12-19,2023-12-31
LIQUIDO PER BUCATO MARSIGLIA,1LT,IGIENE,2025-01-14,2025-01-27
LIQUIDO PER BUCATO NOVITA,1LT,IGIENE,2025-05-20,2025-06-02
LIQUIDO PER BUCATO VALIDO,1LT,IGIENE,2026-01-27,2026-02-09
LIQUIDO PER LAVASTOVIGLIE SPUMA DI SCAMPAGNA,1.25LT,IGIENE,2025-10-07,2025-10-20
LIQUIDO PER LAVATRICE CHANTE CLAIR,1.575LT,IGIENE,2025-10-07,2025-10-20
LIQUIDO PER LAVATRICE CHANTECLAIR,1.575LT,IGIENE,2026-01-27,2026-02-09
LIQUIDO PER LAVATRICE DIXAN,N/D,IGIENE,2024-01-02,2024-01-15
LIQUIDO PER LAVATRICE MARSIGLIA,3LT,IGIENE,2026-01-13,2026-01-26
LIQUIDO PER LAVATRICI CHANTE CLAIR MARSIGLIA,1.26LT,IGIENE,2023-12-05,2023-12-18
LIQUIDO PROFUMATORE PER BUCATO,250ML,IGIENE,2025-01-14,2025-01-27
LIQUIDOTTO SGRASSATORE LUXURY,700ML,IGIENE,2025-01-03,2025-01-13
MASCHERA IN TESSUTO,28G,IGIENE,2025-02-11,2025-02-24
MASCHERA IN TESSUTO FRIA,N/D,IGIENE,2026-05-19,2026-06-01
MASCHERA IN TESSUTO GARNIER,N/D,IGIENE,2025-05-20,2025-06-02
MASCHERA IN TESSUTO HYDRA BOMB,N/D,IGIENE,2024-10-22,2024-11-04
MASCHERA VISO KOREAN BEAUTY,N/D,IGIENE,2026-05-05,2026-05-18
MASCHERE TESSUTO GARNIER,N/D,IGIENE,2024-04-02,2024-04-15
MAXI ASCIUGATUTTO IALYNEA,600STRAPPI,IGIENE,2024-02-27,2024-03-11
MAXI ASCIUGATUTTO IALYNEA MAXIROLL,600STRAPPI,IGIENE,2025-11-18,2025-12-01
MAXI ASCIUGATUTTO MAXIROLL,600STRAPPI,IGIENE,2025-07-01,2025-07-14
MAXI ROTOLI BRAVO,2ROTOLI,IGIENE,2024-05-21,2024-06-03
MAXI ROTOLI CUCINA PIÙ TUTTO,3PZ,IGIENE,2024-11-19,2024-12-02
MAYBELLINE,N/D,IGIENE,2024-12-03,2024-12-16
ML LEMMACHIELLE COLLA E POLLINI,500ML,IGIENE,2024-04-16,2024-04-22
MOCIO COMPLETO 3ACTION,N/D,IGIENE,2024-12-03,2024-12-16
MOCIO COMPLETO 3ACTION INTERNO,N/D,IGIENE,2025-02-25,2025-03-10
MOCIO COMPLETO VILEDA,N/D,IGIENE,2024-04-16,2024-04-22
MOP IN MICROFIBRA,N/D,IGIENE,2024-02-27,2024-03-11
ORGANIZER COSMETICI TOUCH OF BEAUTY+,N/D,IGIENE,2026-01-27,2026-02-09
OXI ACTION VANISH,400G,IGIENE,2025-01-14,2025-01-27
PANNI CATTURA POLVERE SWIFFER,32PZ,IGIENE,2024-02-27,2024-03-11
PANNI MICROFIBRA COLORS VILEDA,8PEZ,IGIENE,2024-10-22,2024-11-04
PANNI MICROFIBRE COLORS,8PZ,IGIENE,2026-02-24,2026-03-09
PANNI MICROFIBRE COLORS VILEDA EXTRA LARGE,4PZ,IGIENE,2024-11-05,2024-11-18
PANNI MICROFIBRE COLORS XL VILEDA,4PEZ,IGIENE,2026-05-19,2026-06-01
PANNO IN MICROFIBRA ARIX PAVIMENTI,2PZ,IGIENE,2024-02-27,2024-03-11
PANNO MULTIUSO IDEA TRE,3PZ,IGIENE,2024-10-22,2024-11-04
PANNO MULTIUSO MICROFIBRE TONKITA,6PZ,IGIENE,2026-06-02,2026-06-15
PANNO PAVIMENTI COTONE-MICROFIBRA,N/D,IGIENE,2026-02-24,2026-03-09
PANNO PAVIMENTI IGIENIZZANTE,10PEZZI,IGIENE,2025-05-20,2025-06-02
PANNO SPUGNA VILEDA,3PZ,IGIENE,2025-08-12,2025-08-25
PANNO UMIDIFICATO PAVIMENTI,10PZ,IGIENE,2024-11-19,2024-12-02
PANNOLINI HUGGIES UNISTAR,N/D,IGIENE,2024-02-13,2024-02-26
PANNOLINI LITTLE MOVERS HUGGIES,N/D,IGIENE,2025-02-11,2025-02-24
PANNOLINI ULTRA COMFORT HUGGIES,N/D,IGIENE,2026-03-10,2026-03-23
PASTIGLIE LAVASTOVIGLIE 3IN1,500G,IGIENE,2025-01-28,2025-02-10
PASTIGLIE LAVASTOVIGLIE EXCELLENCE 4IN1,55G,IGIENE,2024-01-16,2024-01-29
PASTIGLIE LAVASTOVIGLIE FAIRY,N/D,IGIENE,2025-09-09,2025-09-22
PASTIGLIE LAVASTOVIGLIE LEMON 3IN1,500G,IGIENE,2025-06-03,2025-06-16
PASTIGLIE LAVASTOVIGLIE PRIL,52S,IGIENE,2025-04-08,2025-04-21
PASTIGLIE LAVASTOVIGLIE PRIL GOLD,60TABS,IGIENE,2026-05-19,2026-06-01
PASTIGLIE LAVASTOVIGLIE SVELTO,1.88KG,IGIENE,2025-04-22,2025-05-05
PASTIGLIE LAVASTOVIGLIE SVELTO PROFESSIONAL,188CAPS,IGIENE,2026-02-10,2026-02-23
PASTIGLIE PER LAVASTOVIGLIE CALGON 3IN1,15PASTIGLIE,IGIENE,2024-01-16,2024-01-29
PASTIGLIE PER LAVASTOVIGLIE FINISH CLASSIC,1.1KG,IGIENE,2025-07-01,2025-07-14
PASTIGLIE PER LAVASTOVIGLIE PRIL EXCELLENCE,16CAPS,IGIENE,2025-10-07,2025-10-20
PASTIGLIE PER LAVATRICE 4 IN 1 DIXAN,347G,IGIENE,2025-04-08,2025-04-21
PASTIGLIE PER LAVATRICE DASH PODS,31CAPS,IGIENE,2024-10-22,2024-11-04
PASTIGLIE PER LAVATRICE DIXAN,N/D,IGIENE,2024-01-02,2024-01-15
PASTIGLIE PER LAVATRICE DIXAN POWER CAPS,490G,IGIENE,2026-01-13,2026-01-26
PIATTI COMPOSTABILI,25PZ,IGIENE,2025-08-12,2025-08-25
PILE ENERGIZER,8PZ,IGIENE,2026-06-02,2026-06-15
PIUMINI CATTURA POLVERE SWIFFER,8PZ,IGIENE,2024-02-27,2024-03-11
PIUMINI CATTURAPOLVERE SWIFFER,8PZ,IGIENE,2024-10-08,2024-10-21
PLAID IN FLANELLA,N/D,IGIENE,2024-10-22,2024-11-04
POCHETTE MAYBELLINE,N/D,IGIENE,2023-12-05,2023-12-18
POLVERE LAVATRICE DIXAN,2.64KG,IGIENE,2026-03-24,2026-04-06
POLVERE LAVATRICE DIXAN CLASSICO,3.2KG,IGIENE,2025-10-21,2025-11-03
POLVERE LAVATRICE UNIVERSALE SINI GENERAL,2.43KG,IGIENE,2026-06-02,2026-06-15
POLVERE PER LAVATRICE DIXAN,3KG,IGIENE,2025-02-25,2025-03-10
POLVERE PER LAVATRICE MARSIGLIA,900G,IGIENE,2025-11-18,2025-12-01
PORTA IMMONDIZIE CON SNODO E MANICO,N/D,IGIENE,2026-02-24,2026-03-09
POWER ACTIV BREF WC,N/D,IGIENE,2026-02-24,2026-03-09
POWER CAPS BIO PRESTO,1.6KG,IGIENE,2026-03-10,2026-03-23
POWER CAPS DIXAN,61PZ,IGIENE,2025-07-01,2025-07-14
POWER CAPS TOTAL 4+1 ORESTO,1.8KG,IGIENE,2025-08-12,2025-08-25
POWER GEL ALL IN 1 FINISH,600ML,IGIENE,2026-05-19,2026-06-01
POWERBALL POWER FINISH,48PASTIGLIE,IGIENE,2026-02-24,2026-03-09
POWERBALL QUANTUM FINISH,10CAPS,IGIENE,2026-04-21,2026-05-04
POWERBALL ULTIMATE PLUS FINISH,54CAPS,IGIENE,2026-03-24,2026-04-06
PRENDISAC DISPENSER CUKI,15PEZZI,IGIENE,2024-10-22,2024-11-04
PRIL EXCELLENCE,18CAPS,IGIENE,2024-10-22,2024-11-04
PRIL GEL TUTTO IN 1,936ML,IGIENE,2026-05-05,2026-05-18
PRIL GOLD,1302G,IGIENE,2025-05-06,2025-05-19
PROFUMA BIANCHERIA CONCENTRATI CHANTECLAIR,320ML,IGIENE,2024-10-22,2024-11-04
PROFUMA BIANCHERIA I CONCENTRATI,220ML,IGIENE,2026-03-10,2026-03-23
PROFUMA BIANCHERIA I CONCENTRATI CHANTE CLAIRE,200ML,IGIENE,2025-03-11,2025-03-24
PROFUMA BUCATO FELCE AZZURRA,200ML,IGIENE,2026-05-05,2026-05-18
PROFUMANIA DIANONERIA I CONCENTRATI CHANTE CLAIR,200ML,IGIENE,2025-05-06,2025-05-19
PROFUMANTE BIANCHERIA CHANTECLAIRE,220ML,IGIENE,2026-05-19,2026-06-01
PROFUMATORE BAGNO AMBI PUR,N/D,IGIENE,2024-01-02,2024-01-15
PROFUMATORE BUCCATO CONCENTRATO,250ML,IGIENE,2024-11-19,2024-12-02
PROFUMATORE PER BAGNO AMBIUR,75G,IGIENE,2024-10-08,2024-10-21
PROFUMATORE PER BUCCATO SPUMA,230ML,IGIENE,2024-10-08,2024-10-21
PROFUMATORE PER BUCIATI IGIENIZZANTE,250ML,IGIENE,2024-07-30,2024-08-12
PROFUMATORE PER BUCIATO SPUMA DI SCIAMPAGNA,230ML,IGIENE,2025-08-12,2025-08-25
PROFUMATORE SGRASSANTE LUXURY,700ML,IGIENE,2025-03-11,2025-03-24
PROFUMO CONCENTRATO LUXURY,N/D,IGIENE,2024-01-02,2024-01-15
PROFUMO PER BUCATO COCCOLINO ELIKIR,N/D,IGIENE,2026-01-13,2026-01-26
PROFUMO PER IL BUCATO LENOR,210ML,IGIENE,2024-07-16,2024-07-29
PULITEX SACCO FAMIGLIA CON MANIGLIE,10PZ,IGIENE,2024-08-13,2024-08-26
QUASAR,N/D,IGIENE,2024-08-13,2024-08-26
QUASAR SPRAY,500ML,IGIENE,2024-04-16,2024-04-22
RASOIO DA BARBA GILLETTE BLUE 3,8PZ,IGIENE,2024-04-02,2024-04-15
RASOIO ESSENTIALS 3 WILKINSON SWORD,12PZ,IGIENE,2025-10-21,2025-11-03
RASOIO MY INTUITION XTREME 3 WILKINSON SWORD,4PZ,IGIENE,2026-05-05,2026-05-18
RASOIO R3 + 20 RICARICHE,N/D,IGIENE,2024-06-04,2024-06-17
RASOIO XTREME 3 WILKINSON SWORDS,4PZ+4,IGIENE,2025-03-11,2025-03-24
RETE PROTEGGI REGISSINO DOMO PAK LIVING,N/D,IGIENE,2026-01-13,2026-01-26
RICAMBI SPAZZOLINO ELETTRICO ORAL-B,N/D,IGIENE,2024-02-13,2024-02-26
RICAMBIO FLATMOP H2PRO EXTRA,N/D,IGIENE,2026-02-24,2026-03-09
RICAMBIO MOP LAVAPAVIMENTI,N/D,IGIENE,2026-02-24,2026-03-09
RICAMBIO SPRAY & WASH TONKITA,N/D,IGIENE,2024-02-27,2024-03-11
RICARICA BIPACK AERO 360° ARIASANA,N/D,IGIENE,2025-01-03,2025-01-13
RICARICA CATTURA POLVERE VILEDA,36PANNI,IGIENE,2026-05-19,2026-06-01
RICARICA SGRASSATORE CHANTE CLAIR,600ML,IGIENE,2024-07-16,2024-07-29
RICARICA SGRAẞATORE CHANT CLAIR,600ML,IGIENE,2025-01-14,2025-01-27
ROBINA ASSORBENTE,500+200PZ,IGIENE,2024-04-23,2024-05-06
ROTOLI CUCINA TUTTO CUCINA,4ROTOLI,IGIENE,2024-01-02,2024-01-15
ROTOLO DI ALLUMINIO,30METRI,IGIENE,2024-01-30,2024-02-12
ROTOLONE ASCIUGATUTO UNIVERSALE,3VELLI,IGIENE,2024-04-16,2024-04-22
S PUMA A SCIAMPAGNA MARSIGLIA,4KG,IGIENE,2024-04-16,2024-04-22
SACCHETTI ANTIFORO DOMOPACK,110LT,IGIENE,2024-10-08,2024-10-21
SACCHETTI ASSORBIUMIDITÀ ARIASANA,N/D,IGIENE,2024-10-22,2024-11-04
SACCHETTI FAMIGLIA,15PZ,IGIENE,2026-01-27,2026-02-09
SACCHETTI FREEZER,N/D,IGIENE,2026-03-10,2026-03-23
SACCHETTI FRIGO PIÙ,N/D,IGIENE,2024-04-23,2024-05-06
SACCHETTI GELO APRI E CHIUDI,N/D,IGIENE,2024-01-02,2024-01-15
SACCHETTI GELO DOMO PAK,N/D,IGIENE,2026-05-05,2026-05-18
SACCHETTI PER RIFIUTI,15PZ,IGIENE,2024-04-23,2024-05-06
SACCHETTI PROFUMATI ASSORBIUMIDITÀ ARIASANA,N/D,IGIENE,2026-02-24,2026-03-09
SACCHETTI PROFUMATI CASSETTI FELCE AZZURRA,3PZ,IGIENE,2024-02-27,2024-03-11
SACCHETTI RIFIUTI PROFUMATI,15PZ,IGIENE,2025-10-07,2025-10-20
SACCHETTI SPAZZATURA,20PEZZI,IGIENE,2024-09-24,2024-10-07
SACCHETTO CONDOMINIALE,10PEZZI,IGIENE,2024-11-05,2024-11-18
SACCHETTO CONDOMINIALE PULITEX,10PZ,IGIENE,2024-09-10,2024-09-23
SACCHI ANTIFORO SPAZZY,15PZ,IGIENE,2026-02-10,2026-02-23
SACCHI ANTIFORO SPAZZY DOMO PAN,28PZ,IGIENE,2025-12-02,2025-12-15
SACCHI ANTIODORE DOMO PAK,15PZ,IGIENE,2024-07-30,2024-08-12
SACCHI CON BOTRELLE VIROSAC,10PZ,IGIENE,2025-08-12,2025-08-25
SACCHI MULTIUSO CON BRETELLE,15PEZZI,IGIENE,2026-03-24,2026-04-06
SACCHI RIFIUTI FAMIGLIA,15PZ,IGIENE,2024-01-16,2024-01-29
SACCO CONDOMINIALE GIALLO,10PZ,IGIENE,2026-03-10,2026-03-23
SACCO FAMIGLIA,15PZ,IGIENE,2025-04-22,2025-05-05
SACCO FAMIGLIA AZZURRO,30PZ,IGIENE,2026-06-02,2026-06-15
SACCO FAMIGLIA PULITEX,20PZ,IGIENE,2026-02-24,2026-03-09
SACCO PRATICO VIROSAC,N/D,IGIENE,2025-06-17,2025-06-30
SACCO RIFIUTI,10PZ,IGIENE,2026-06-02,2026-06-15
SACCO RIFIUTI BIO VIROSAC,15PEZZI,IGIENE,2024-10-22,2024-11-04
SACCO RIFIUTI BIODEGRADABILE VIROSA,N/D,IGIENE,2026-05-05,2026-05-18
SACCO RIFIUTI CM TOVITTIO,10PZ,IGIENE,2024-11-19,2024-12-02
SACCO RIFIUTI EXTRA-STRONG,10PZ,IGIENE,2025-03-11,2025-03-24
SACCO RIFIUTI FAMIGLIA,N/D,IGIENE,2026-04-07,2026-04-20
SACCO RIFIUTI VIROSAC,50PZ,IGIENE,2025-07-15,2025-07-28
SACCONI ANTIFORO SPAZEY DOMO PAK,15PEZ,IGIENE,2026-05-19,2026-06-01
SACCOPRATICO RIFIUTI,N/D,IGIENE,2024-08-27,2024-09-09
SALVETTE BABY CON COPPERCHIO TALCO,72PZ,IGIENE,2024-05-07,2024-05-20
SALVETTE BABY FRESH,200PEZZI,IGIENE,2026-04-21,2026-05-04
SALVETTE BABY NICE,72PZ,IGIENE,2024-12-17,2024-12-31
SALVETTE DETERGENTI BABY CARE TRUDI,72PZ,IGIENE,2026-05-05,2026-05-18
SALVIETTE,20PZ,IGIENE,2026-06-02,2026-06-15
SALVIETTE BABY,72PZ,IGIENE,2026-03-10,2026-03-23
SALVIETTE CUCINA IGENIZZANTI,30PEZZI,IGIENE,2024-11-05,2024-11-18
SALVIETTE HUGGIES,56PZ,IGIENE,2024-12-03,2024-12-16
SALVIETTE INTIME,20PZ,IGIENE,2025-09-23,2025-10-06
"SALVIETTE INTIME, STRUCCANTI, MULTUSO",20PZ,IGIENE,2024-09-10,2024-09-23
SALVIETTE MILLIEUS,20PZ,IGIENE,2026-02-24,2026-03-09
SALVIETTE MULTISUPERFICI MASTRO LINDO,24PZ,IGIENE,2024-08-27,2024-09-09
"SALVIETTE MULTIUSO, INTIME, STRUCCANTI",20PZ,IGIENE,2024-01-02,2024-01-15
SALVIETTE NICE,20PZ,IGIENE,2025-07-01,2025-07-14
SALVIETTE NUTRE E LUCIDA MOBILI,30PZ,IGIENE,2025-02-25,2025-03-10
SALVIETTE PER CASA,30PZ,IGIENE,2026-02-24,2026-03-09
SALVIETTE PET,72PZ,IGIENE,2025-10-07,2025-10-20
SALVIETTE PULIZIA MOBILI CUCINA BAGNO,30PZ,IGIENE,2024-02-27,2024-03-11
SALVIETTE STRUCCANTI,40PZ,IGIENE,2024-04-02,2024-04-15
SALVIETTE UMIDIFICATE PET CARE,15PZ,IGIENE,2024-10-08,2024-10-21
SALVIETTE UNISTAR HUGGIES,56PZ,IGIENE,2025-02-11,2025-02-24
SALVIETTE UTILITY BABY,72PZ X 6PACCHI,IGIENE,2025-10-21,2025-11-03
SALVIETTE UTILITY BABY FRIA,72PZ,IGIENE,2025-05-20,2025-06-02
SAPON LIQUIDO SETABILE,500ML,IGIENE,2024-08-27,2024-09-09
SAPONE CLASSICO FELCE AZZURRA,100G,IGIENE,2024-02-27,2024-03-11
SAPONE CREMA DI SCHIAMPAGNA MARSOGLIA,400G,IGIENE,2024-06-18,2024-07-01
SAPONE CREMA SPUMA DI SCIAMMAGNA,1LT,IGIENE,2026-04-21,2026-05-04
SAPONE CREMA SPUMA SCIAMPANGA,1LT,IGIENE,2025-07-29,2025-08-11
SAPONE DA BAGNO CHANTE CLAIR,1LT,IGIENE,2025-09-09,2025-09-22
SAPONE DA BUCATO CHANTE CLAIR PROFUMAZIONI,1LT,IGIENE,2024-01-16,2024-01-29
SAPONE DA BUCATO CHANTE CLAIRE,1LT,IGIENE,2024-11-05,2024-11-18
SAPONE DA BUCATO CHANTECLAIR MARSIGLIA,1LT,IGIENE,2024-04-23,2024-05-06
SAPONE INTIMO LUXURE,250ML,IGIENE,2024-08-13,2024-08-26
SAPONE LIQUIDO,750ML,IGIENE,2026-05-19,2026-06-01
SAPONE LIQUIDO FELCE AZZURRA,300ML,IGIENE,2025-08-12,2025-08-25
SAPONE LIQUIDO HGS,2LT,IGIENE,2026-05-19,2026-06-01
SAPONE LIQUIDO LATTE E MIELE,750ML,IGIENE,2024-12-17,2024-12-31
SAPONE LIQUIDO MANI,500ML,IGIENE,2026-06-02,2026-06-15
SAPONE LIQUIDO MANI CHANCE,500ML,IGIENE,2025-07-15,2025-07-28
SAPONE LIQUIDO MUSCHETTO,750ML,IGIENE,2025-02-25,2025-03-10
SAPONE LIQUIDO MUSCHIO BIANCO,750ML,IGIENE,2024-01-16,2024-01-29
SAPONE LIQUIDO MUSCHIO BIANCO LATTEMELLE ARGAN VANIGLIA,750ML,IGIENE,2025-10-07,2025-10-20
SAPONE LIQUIDO PALMOLIVE MANDORLA,500ML,IGIENE,2024-03-19,2024-04-01
SAPONE LIQUIDO PRO-FESSION,500ML,IGIENE,2024-03-12,2024-03-18
SAPONE LIQUIDO PROFUMAZIONI ASSORTITE,500ML,IGIENE,2026-04-07,2026-04-20
SAPONE MANI,1LT,IGIENE,2026-03-24,2026-04-06
SAPONE MANI E VISO,1LT,IGIENE,2025-09-23,2025-10-06
SAPONE MANI LUX,380ML,IGIENE,2026-05-05,2026-05-18
SAPONELIQUIDO PALMOLIVE,300ML,IGIENE,2024-04-23,2024-05-06
SCHIUMA DA BARBA,300ML,IGIENE,2024-04-02,2024-04-15
SCHIUMA DA BARBA INTESA POUR HOMME,300ML,IGIENE,2026-01-27,2026-02-09
SCONTO33%,N/D,IGIENE,2025-02-11,2025-02-24
SCOPA 2 IN 1 CLASSICA VILEDA,N/D,IGIENE,2024-07-16,2024-07-29
SCOPA DA ESTERNI E GIARDINO,N/D,IGIENE,2026-02-24,2026-03-09
SCOPA ELETTRICA MY LIBERA 22 TERMOZETA,N/D,IGIENE,2025-02-25,2025-03-10
SCOPA ELETTRICA VILEDA,N/D,IGIENE,2025-02-25,2025-03-10
SCOPA TONKITA ARIX,N/D,IGIENE,2024-10-08,2024-10-21
SCOPA TONKITA DUAL ARIX,N/D,IGIENE,2026-05-05,2026-05-18
SCOPA TONKITA DUAL ARK,N/D,IGIENE,2026-02-24,2026-03-09
SCOTTEX AMORE DI CASA,6ROTOLI,IGIENE,2025-10-21,2025-11-03
SET ASCIUGAMANI 1+1,N/D,IGIENE,2026-01-02,2026-01-12
SET COMPLETO TORSION POWER VILEDA,N/D,IGIENE,2025-11-18,2025-12-01
SET DEUMIDIFICATORE PER ARMADIO,3PZ,IGIENE,2024-10-22,2024-11-04
SET SPUGNA E ASCIUGAMANO VISO BASSETTI,N/D,IGIENE,2024-10-22,2024-11-04
SFERE LANA ASCIUGATRICE DOMO PAK LIVING,3PZ,IGIENE,2026-01-13,2026-01-26
SFERE LANA PER ASCIUGATRICE GOMOPAK,3PZ,IGIENE,2025-01-14,2025-01-27
SGGRASSATORE UNILEVERE CHANTE CLAIR,600MLX2,IGIENE,2025-04-08,2025-04-21
SGRAIASSATORE CHANTE CLAIR,600ML,IGIENE,2025-10-21,2025-11-03
SGRASSATORE,750ML,IGIENE,2025-02-11,2025-02-24
SGRASSATORE CHANTE CLAIR,625ML,IGIENE,2026-04-07,2026-04-20
SGRASSATORE CHANTECLAIR MARSIGLIA,600ML,IGIENE,2024-04-23,2024-05-06
SGRASSATORE CHANTECLAIRE,500ML,IGIENE,2026-05-19,2026-06-01
SGRASSATORE PAVIMENTI MARSIGLIA,750ML,IGIENE,2024-09-10,2024-09-23
SGRASSATORE PER PAVIMENTI CHANTE CLAIR,750ML,IGIENE,2025-09-09,2025-09-22
SGRASSATORE PER PAVIMENTI MISCHO BIANCO,750ML,IGIENE,2025-11-18,2025-12-01
SGRASSATORE UNIVERSALE,500ML,IGIENE,2026-02-10,2026-02-23
SGRASSATORE UNIVERSALE CHANTE CLAIR,600MLX2,IGIENE,2026-04-21,2026-05-04
SGRASSATORE UNIVERSALE CHANTECLAIR,750ML,IGIENE,2024-12-17,2024-12-31
SGRASSATORE UNIVERSALE CHANTECLAIR MARSIGLIA,600ML,IGIENE,2024-09-10,2024-09-23
SGRASSATORE UNIVERSALE FABULOSO,600ML,IGIENE,2024-01-02,2024-01-15
SGRASSATORE UNIVERSALE VEST,600ML,IGIENE,2024-12-17,2024-12-31
SGRASSORE CORE UNIVERSALE CHANTE CLAIR,600ML,IGIENE,2025-05-20,2025-06-02
SGRAZZATORE UNIVERSALE CHANTE CLAIR,600ML,IGIENE,2025-10-07,2025-10-20
SHAMPOO,500ML,IGIENE,2026-01-13,2026-01-26
SHAMPOO ELVIVE,700ML,IGIENE,2023-12-19,2023-12-31
SHAMPOO ELVIVE L'OREAL,700ML,IGIENE,2024-04-23,2024-05-06
SHAMPOO FRUCTIS GARNIER,700ML,IGIENE,2025-11-04,2025-11-17
SHAMPOO ULTRA DOLCE GARNIER,600ML,IGIENE,2025-09-09,2025-09-22
SHAMPOO ULTRADOLCE GARNIER,N/D,IGIENE,2024-01-16,2024-01-29
"SHAMPOO, BALSAMO DIVERSI TIPI",500ML,IGIENE,2025-06-03,2025-06-16
SHUFFER L'ANTIMUFFA ARIASANA,375ML,IGIENE,2026-01-02,2026-01-12
SIERO ANTI-IMPERFEZIONI GARNIER,N/D,IGIENE,2025-03-11,2025-03-24
SMACCHIANTE 4IN1 DIXAN,N/D,IGIENE,2026-03-24,2026-04-06
SMACCHIATORE OXI ACTION VANISH,500G,IGIENE,2024-03-19,2024-04-01
SPAZZOLA ADESIVA DOMO PAK LIVING,24FOGLI,IGIENE,2026-01-13,2026-01-26
SPAZZOLINO ELETTRICO ORAL-B VITALITY PRO,N/D,IGIENE,2026-01-27,2026-02-09
SPECCHIO CON LUCE LED,N/D,IGIENE,2024-04-02,2024-04-15
SPIN MOP SISTEMA LAVAPAVIMENTI TONKITA,N/D,IGIENE,2026-06-02,2026-06-15
SPRAY & WASH LAVAPAVIMENTI TONKITA,N/D,IGIENE,2024-02-27,2024-03-11
SPUGNA ABRASIVA,5PZ,IGIENE,2025-01-28,2025-02-10
SPUGNA ABRASIVA COLORATA AIX,5PZ,IGIENE,2024-02-27,2024-03-11
SPUGNA ABRASIVA VILEDA,N/D,IGIENE,2024-05-21,2024-06-03
SPUGNA GLITZI CRYSTAL VILEDA,3PEZZI,IGIENE,2024-10-08,2024-10-21
SPUGNA MORBIDA DELICATA AQUA MASSAGE,4PZ,IGIENE,2024-02-27,2024-03-11
SPUGNA VILEDA GLITZY CRYSTAL,2PZ,IGIENE,2024-08-27,2024-09-09
SPUGNA VILEDA ULTRA FRESH,2PZ,IGIENE,2025-08-26,2025-09-08
SPUGNE ABRASIVE COLORATE ARIX,5PZ,IGIENE,2026-06-02,2026-06-15
SPUGNE VILEDA,N/D,IGIENE,2026-02-10,2026-02-23
STENDIBIANCHERIA,N/D,IGIENE,2026-01-02,2026-01-12
STENDIBIANCHERIA REGOLABILE,N/D,IGIENE,2026-01-02,2026-01-12
STOVIGLIE DI CARTA HALLOWEEN,N/D,IGIENE,2025-10-21,2025-11-03
SUPER MOCIO 3ACTION VILEDA,N/D,IGIENE,2025-02-25,2025-03-10
SUPER MOCIO VILEDA,N/D,IGIENE,2024-04-16,2024-04-22
SUPERMOCIO COMPLETO 3 ACTION VILEDA,N/D,IGIENE,2024-10-08,2024-10-21
SUPERMOCIO SISTEMA REVOLUTION VILEDA RICARICA,N/D,IGIENE,2025-10-07,2025-10-20
SUPERMOCIO TORSION POWER VILEDA,N/D,IGIENE,2026-04-21,2026-05-04
SUPERMOCIO VILEDA REVOLUTION,N/D,IGIENE,2024-04-23,2024-05-06
SVELTO,188CAPS,IGIENE,2025-08-26,2025-09-08
TAGLIACAPELLI REGOLABARBA,N/D,IGIENE,2024-04-02,2024-04-15
TAPPETINI ASSORBENTI,40PZ,IGIENE,2025-10-07,2025-10-20
TAPPETINI PI STOP,10PZ,IGIENE,2024-10-08,2024-10-21
TESTINE ORAL-B PRO,3PZ,IGIENE,2025-10-21,2025-11-03
TOVAGLIA DAMASCATA,N/D,IGIENE,2024-05-07,2024-05-20
TOVAGLIA DI CARTA,N/D,IGIENE,2023-12-19,2023-12-31
TOVAGLIA DI CARTA FANTASIE ASSORTITE,N/D,IGIENE,2026-04-07,2026-04-20
TOVAGLIOLI,50PEZZI,IGIENE,2025-02-11,2025-02-24
TOVAGLIOLI A TAVOLA,50PZ,IGIENE,2024-01-16,2024-01-29
TOVAGLIOLI BONNY,50PZ,IGIENE,2026-01-27,2026-02-09
TOVAGLIOLI BRAVO,30PZ,IGIENE,2026-04-21,2026-05-04
TOVAGLIOLI DECORATI EVERY,40PZ,IGIENE,2023-12-05,2023-12-18
TOVAGLIOLI DI CARTA,50PZ,IGIENE,2025-12-16,2025-12-31
TOVAGLIOLI FANTASIE ASSORTITE,2VELI,IGIENE,2026-03-24,2026-04-06
TOVAGLIOLI HALLOWEEN,20PZ,IGIENE,2025-10-21,2025-11-03
TOVAGLIOLI MONOHELO SCOTTEX,132PZ,IGIENE,2025-06-17,2025-06-30
TOVAGLIOLI MONOVELO,200PZ,IGIENE,2025-08-26,2025-09-08
TOVAGLIOLI MONOVELO BRAVO,400PZ,IGIENE,2026-06-02,2026-06-15
TOVAGLIOLI MONOVELO DERBY BRAVO,200PEZZI,IGIENE,2024-10-22,2024-11-04
TOVAGLIOLI MONOVELO SCOTTEX,N/D,IGIENE,2026-04-07,2026-04-20
TOVAGLIOLI MONOVOLO BRAVO,200PZ,IGIENE,2026-05-19,2026-06-01
TOVAGLIOLI TUTTO,45PZ,IGIENE,2026-04-07,2026-04-20
TOWAGLIOLI FIOR DI CARTA,N/D,IGIENE,2026-03-10,2026-03-23
TOWAGLIOLI FIOR DI CARTA LIFESTYLE,N/D,IGIENE,2025-03-11,2025-03-24
TRAPUNTA HI TECH ALOE BASSETTI,2PZ,IGIENE,2024-10-22,2024-11-04
TURBO REFILL 100% MICROFIBRE VILEDA,N/D,IGIENE,2025-07-15,2025-07-28
TURBO REFILL VILEDA,N/D,IGIENE,2025-10-21,2025-11-03
TURBO SMART KIT,N/D,IGIENE,2024-11-05,2024-11-18
TURBO SMART VILEDA,N/D,IGIENE,2026-05-19,2026-06-01
ULTRA DOLCE GARNIER,N/D,IGIENE,2026-01-02,2026-01-12
ULTRADOLCE GARNIER,400/600ML,IGIENE,2026-02-24,2026-03-09
UNIVERSALE 5IN1 ACTIVE GENERAL,4.6KG,IGIENE,2026-05-19,2026-06-01
VERT,N/D,IGIENE,2024-08-13,2024-08-26
VIAKAL CLASSICO,720ML,IGIENE,2024-10-08,2024-10-21
VIAKAL CLASSICO SPRAY,720ML,IGIENE,2024-02-27,2024-03-11
WC GEL,1LT,IGIENE,2024-06-04,2024-06-17
WC GEL SCALA,1LT,IGIENE,2026-06-02,2026-06-15
"WC GEL SCALA PROFUMANTE, SBIANCANTE, DISINCROSTANTE",1LT,IGIENE,2025-06-03,2025-06-16
WC POWER DROPS,55GX2,IGIENE,2026-06-02,2026-06-15
WINDOW MOP LAVAVETRI MULTIFUNZIONE TONKITA,N/D,IGIENE,2026-05-19,2026-06-01
10 UOVA PICCOLE S,10PZ,LATTICINI,2024-09-24,2024-10-07
4 UOVA FRESCHE XL,N/D,LATTICINI,2025-02-11,2025-02-24
6 UOVA FRESCHE GRANDI CATEGORIA A,6PZ,LATTICINI,2024-07-16,2024-07-29
6 UOVA FRESCHE LE PIEMONTESINE,6PZ,LATTICINI,2025-01-03,2025-01-13
ACTIMEL DANONE,100GX6,LATTICINI,2026-04-21,2026-05-04
"ACTIMEL DANONE FRAGOLA, MULTI FRUTTA",100G,LATTICINI,2026-02-24,2026-03-09
"ACTIMEL DANONE MULTIFRUTTA, FRAGOLA",100MLX6,LATTICINI,2024-04-23,2024-05-06
ACTIVIA DANONE,125GX4,LATTICINI,2026-04-07,2026-04-20
ACTIVIA DANONE ASSORTITI,125GX4,LATTICINI,2024-03-19,2024-04-01
ACTIVIA DANONE GUSTI ASSORTITI,120GX4,LATTICINI,2025-03-25,2025-04-07
ALBUME D'UOVO,1KG,LATTICINI,2025-09-23,2025-10-06
ALBUME D'UOVO OVONATTINO,1L,LATTICINI,2024-09-10,2024-09-23
BASTONCINI DI MOZZARELLA AFFUMICATI,200G,LATTICINI,2026-05-05,2026-05-18
BESCHAMELLA GRANAROLO,500ML,LATTICINI,2026-03-24,2026-04-06
BESCIAMELLA GRANAROLO,500ML,LATTICINI,2025-12-16,2025-12-31
BEVANDA 100% VEGETALE ALPRO,1LT,LATTICINI,2024-12-03,2024-12-16
BEVANDA 100% VEGETALE NON È LATTE ALPRO CLASSICO,1LT,LATTICINI,2025-02-25,2025-03-10
BEVANDA ALLE MANDORLE,1LT,LATTICINI,2024-07-16,2024-07-29
BEVANDA ALPRO,750ML,LATTICINI,2024-01-30,2024-02-12
BEVANDA ALPRO SOIA,750ML,LATTICINI,2026-01-02,2026-01-12
"BEVANDA ALPRO SOIA, AVENA, MANDORLA",750ML,LATTICINI,2025-07-29,2025-08-11
BEVANDA BIANCO NATURALE,1LTX4,LATTICINI,2024-10-08,2024-10-21
BEVANDA KEFIR,480ML,LATTICINI,2025-08-26,2025-09-08
BEVANDA KEFIR ALPRO,480ML,LATTICINI,2024-08-27,2024-09-09
BEVANDA PLANT PROTEIN 50G ALPRO,1LT,LATTICINI,2025-02-11,2025-02-24
BEVANDA PLANT PROTEIN SOG ALPRO CHOCOLATE,1LT,LATTICINI,2025-10-21,2025-11-03
BEVANDA PROTEIN ALPRO CHOCOLATE,1LT,LATTICINI,2024-02-13,2024-02-26
BEVANDA RIDUZIONE COLESTEROLO ALPLI,1000ML,LATTICINI,2026-02-24,2026-03-09
BEVANDA VEGETALE 100% GUSTO LATTE ALPRO,1LT,LATTICINI,2024-03-12,2024-03-18
BEVANDA VEGETALE ALPRO,750ML,LATTICINI,2024-11-19,2024-12-02
BEVANDA VEGETALE MANDORLE,1LT,LATTICINI,2025-03-11,2025-03-24
BEVANDE ALPRO SOIA,750ML,LATTICINI,2025-04-22,2025-05-05
BIANCA LIEVE,200ML,LATTICINI,2024-12-03,2024-12-16
BIANCA LIEVE DA MONTARE GOHUTA,200ML,LATTICINI,2026-06-02,2026-06-15
BIANCA LIEVE DA NONMENTARE,200ML,LATTICINI,2025-12-02,2025-12-15
BIANCO SETA MÜLLER,125G,LATTICINI,2026-04-07,2026-04-20
BOCCONCINI DI FIOR DI LATTE,200G,LATTICINI,2025-07-01,2025-07-14
BOCCONCINI DI MOZZARELLA,100GX5,LATTICINI,2026-06-02,2026-06-15
BUDINO HIGH PROTEIN ALPRO,200G,LATTICINI,2024-09-10,2024-09-23
BUDINO S.MARTINO,N/D,LATTICINI,2024-11-19,2024-12-02
BURRO BIO PARMAREGGIO,125G,LATTICINI,2026-02-10,2026-02-23
BURRO GRANAROLO,200G,LATTICINI,2026-05-19,2026-06-01
BURRO LATTERIA PRIMA,500G,LATTICINI,2025-01-28,2025-02-10
BURRO LEGGERMENTE SALATO LATTERIA SORESINA,125G,LATTICINI,2026-01-27,2026-02-09
BURRO OPTIMUS,125G,LATTICINI,2024-07-16,2024-07-29
BURRO PARMAREGGIO,400G,LATTICINI,2026-05-19,2026-06-01
BURRO PARMAREGGIO SENZA LATTOSIO,100G,LATTICINI,2026-03-10,2026-03-23
CREMA CARAMEL HIGH PROTEIN MILK PRO,170G,LATTICINI,2026-04-21,2026-05-04
CREMA DI YOGURT MÜLLER BIANCO,125G,LATTICINI,2026-05-19,2026-06-01
CUOR DI CIOBAR,675G,LATTICINI,2024-11-05,2024-11-18
DANACOL DAHONE,100GX4,LATTICINI,2025-05-06,2025-05-19
DANACOL DANONE,100GX4,LATTICINI,2024-05-07,2024-05-20
DANACOL DANONE BIANCO,1000G,LATTICINI,2026-05-05,2026-05-18
DANETTE DANONE,125GX6,LATTICINI,2026-01-27,2026-02-09
DANETTE DANONE VANIGLIA CIOCCOLATO,125GX6,LATTICINI,2025-10-21,2025-11-03
DESSERT A BASE DI LATTE CON FRUTTA,125G,LATTICINI,2024-04-02,2024-04-15
DESSERT BUDINO AL CIOCCOLATO MÜLLER,150G,LATTICINI,2024-05-21,2024-06-03
DESSERT HIGH PROTEIN MILK PRO,170G,LATTICINI,2024-04-23,2024-05-06
DESSERT PROTEICO HIGH PROTEIN,200G,LATTICINI,2024-05-21,2024-06-03
DESSERT PROTEICO MÜLLER,200G,LATTICINI,2024-01-16,2024-01-29
DESSERT VEG A BASE VEGETALE MÜLLER,150G,LATTICINI,2025-07-29,2025-08-11
FIOCCHI DI LATTE,200G,LATTICINI,2026-04-21,2026-05-04
FIOCCHI DI LATTE NATURELLA,200G,LATTICINI,2024-01-16,2024-01-29
FIOCCHI DI LATTE SANTA LUCIA GALBANI,160G,LATTICINI,2024-09-10,2024-09-23
FIOR DI CREMA IL DELICATO,250G,LATTICINI,2025-04-22,2025-05-05
FRUIT PASSION MÜLLER,125GX2,LATTICINI,2026-04-21,2026-05-04
HIGH PROTEIN,200G,LATTICINI,2024-09-24,2024-10-07
HIGH PROTEIN DRINK ALPLI,250G,LATTICINI,2026-02-10,2026-02-23
"HIPRO DANONE MIRTILLO, STRACCIATELLA",160G,LATTICINI,2025-01-28,2025-02-10
HIPRO DANONE STRACCATELLA MIRTILLO,150G,LATTICINI,2024-03-12,2024-03-18
HIPRO DANONE STRATELLA MITTELLA,N/D,LATTICINI,2024-06-18,2024-07-01
HIPRO ZANONE,160G,LATTICINI,2026-03-10,2026-03-23
HIPROTEIN STUFFER,200G,LATTICINI,2024-03-12,2024-03-18
IL LATTE CONDENSATO,400G,LATTICINI,2024-04-23,2024-05-06
JOCCA,175G,LATTICINI,2025-07-15,2025-07-28
KEFIN GUSTI ASSORTITI,160G,LATTICINI,2024-01-16,2024-01-29
KEFIR,150G,LATTICINI,2025-08-12,2025-08-25
KEFIR GUSTI ASSORTITI,150G,LATTICINI,2025-07-29,2025-08-11
KEFIR MILK GUSTI ASSORTITI,G150,LATTICINI,2025-06-03,2025-06-16
LA CREMA 100% VEGETALE VALSOIA,200G,LATTICINI,2026-05-05,2026-05-18
LA PANNA CHEF,200ML,LATTICINI,2026-04-21,2026-05-04
LATTE ACCADI GRANAROLO,500ML,LATTICINI,2024-05-07,2024-05-20
LATTE BIO VALGARDENA,1LT,LATTICINI,2024-06-04,2024-06-17
LATTE DI CRESCITA NIPIOL,500ML,LATTICINI,2025-09-09,2025-09-22
LATTE DI MONTAGNA BIOLOGICO MILK STEREO,1LT,LATTICINI,2026-02-10,2026-02-23
LATTE GALATEA,1LT,LATTICINI,2025-01-28,2025-02-10
LATTE IN POLVERE BIMBI 2 GRANAROLO,800G,LATTICINI,2024-02-13,2024-02-26
LATTE INTERO GALATEA,1LT,LATTICINI,2026-06-02,2026-06-15
LATTE INTERO UHT,1LT,LATTICINI,2025-06-03,2025-06-16
LATTE LT,250ML,LATTICINI,2024-02-13,2024-02-26
LATTE UHT ACCADI GRANAROLO,500ML,LATTICINI,2024-07-30,2024-08-12
LATTE UHT ALTA DIGERIBILITÀ,1LT,LATTICINI,2025-03-25,2025-04-07
LATTE UHT ALTA DIGERIBILITÀ SENZA LATTOSIO ZYMIL PARMALAT,1LT,LATTICINI,2025-07-15,2025-07-28
LATTE UHT ALTA DIGERIBILITÀ ZYMIL PARMALAT,1LT,LATTICINI,2025-12-02,2025-12-15
LATTE UHT BIRAGHI,1LT,LATTICINI,2025-08-12,2025-08-25
LATTE UHT BONTÀ E LINEA PARMALAT,1LT,LATTICINI,2025-06-17,2025-06-30
LATTE UHT CANDIA,1LT,LATTICINI,2024-08-27,2024-09-09
LATTE UHT CAUSA,1LT,LATTICINI,2024-05-07,2024-05-20
LATTE UHT GRANAROLO,1LT,LATTICINI,2024-05-21,2024-06-03
LATTE UHT GRANAROLO PIACERE LEGGERO,1LT,LATTICINI,2025-11-04,2025-11-17
LATTE UHT SENZA LATTOSIO ACCADI GRANAROLO PARZIALMENTE SCREMATO,500ML,LATTICINI,2026-02-24,2026-03-09
LATTE UMI BIRAGHI,1LT,LATTICINI,2024-12-17,2024-12-31
LATTE UMM BIRAGHI PARZIALMENTE SCREMATO,1LT,LATTICINI,2025-02-25,2025-03-10
LATTE UMM CANDIA,1LT,LATTICINI,2024-05-07,2024-05-20
LATTE UMT CANDIA PARZIALMENTE SCREMATO,250ML,LATTICINI,2026-02-24,2026-03-09
LATTE UN MIT DI CAPRA AMALATTEA,500ML,LATTICINI,2024-08-27,2024-09-09
LATTE UNH 100% ITALIANO BIRAGHI,1LT,LATTICINI,2023-12-19,2023-12-31
LATTE UNIL,1LT,LATTICINI,2026-03-10,2026-03-23
LATTE UNMILK ALTA DIGERIBILITÀ,1LT,LATTICINI,2025-10-21,2025-11-03
LATTE UNT ACCADI GRANAROLO,500ML,LATTICINI,2024-11-05,2024-11-18
LATTE UNT CRESCITA 3 GRANAROLO,500MLX2,LATTICINI,2026-03-10,2026-03-23
LATTE UNT GRANAROLO PIACCERE LEGGERO,1LT,LATTICINI,2026-05-19,2026-06-01
LATTE UNT PARZIALMENTE SCREMATO,1LT,LATTICINI,2026-05-05,2026-05-18
LATTE UNT SENZA LATTOSIO ACCADÌ GRANAROLO,1LT,LATTICINI,2026-05-05,2026-05-18
LATTE UNTR GRANAROLO,1LT,LATTICINI,2025-10-07,2025-10-20
LATTE X LA MERENDA GRANAROLO,200MLX3,LATTICINI,2026-01-02,2026-01-12
LATTICINO FRESCO NAHURELLE,175G,LATTICINI,2024-07-16,2024-07-29
LATTICINO FRESCO PROTEIN,175G,LATTICINI,2025-09-23,2025-10-06
MARGARINA,250G,LATTICINI,2024-04-02,2024-04-15
MARGARINA LIGHT,G250,LATTICINI,2025-06-03,2025-06-16
MARGARINA VEGETALE,250G,LATTICINI,2026-04-07,2026-04-20
MERENDA CONLLATTE NIPIOL,100G,LATTICINI,2024-04-23,2024-05-06
MIX KEFIR,160G,LATTICINI,2024-06-04,2024-06-17
MIX MÜLLER,N/D,LATTICINI,2026-05-05,2026-05-18
MIX MÜLLER GUSTI ASSORTITI,N/D,LATTICINI,2024-08-27,2024-09-09
MOUSSE DI BIANCO SOFFIO MÜLLER,90G,LATTICINI,2026-05-19,2026-06-01
MOUSSE GUSTO COCCO MILK PRO MÜLLER,200G,LATTICINI,2026-04-21,2026-05-04
MOUSSE MAGRA,110G,LATTICINI,2026-01-13,2026-01-26
MOUSSE PROTEICA MÜLLER,200G,LATTICINI,2025-07-15,2025-07-28
MOUSSE SOFFIO MÜLLE,95GX2,LATTICINI,2024-05-21,2024-06-03
MOZZARELLA,100G,LATTICINI,2026-05-05,2026-05-18
MOZZARELLA VALLELATA,100G,LATTICINI,2026-05-19,2026-06-01
MOZZARELLE DI BUFALA CAMPANA DOP,100G,LATTICINI,2025-09-09,2025-09-22
MOZZARELLE FIOR DI LATTE CILIEGINE,8X25G,LATTICINI,2025-07-29,2025-08-11
NESQUIK,N/D,LATTICINI,2024-08-27,2024-09-09
NESQUIK NESTLÉ,300G,LATTICINI,2026-02-24,2026-03-09
NON È LATTE ALPRO,1LT,LATTICINI,2025-11-18,2025-12-01
PANNA ACCADÌ GRANAROLO,100ML,LATTICINI,2024-05-07,2024-05-20
PANNA CHEF PANNA,200ML,LATTICINI,2025-12-02,2025-12-15
PANNA CHEF PARMALAT,200ML,LATTICINI,2025-04-22,2025-05-05
PANNA DA CUCINA,200ML,LATTICINI,2025-09-23,2025-10-06
PANNA DA MONTARE UHT,200ML,LATTICINI,2024-06-04,2024-06-17
PANNA FRESCA,220ML,LATTICINI,2026-03-24,2026-04-06
PANNA FRESCA VIVO,200ML,LATTICINI,2024-03-19,2024-04-01
PANNA GOLOSA,250ML,LATTICINI,2024-12-03,2024-12-16
PANNA GOLOSA SPRAY,250G,LATTICINI,2026-06-02,2026-06-15
PANNA MONODOSE PER CAFFÈ,10X10G,LATTICINI,2024-08-27,2024-09-09
PANNA UHT ACCADI GRANAROLO,100ML,LATTICINI,2024-01-30,2024-02-12
PANNA UHT DA CUCINA GRANAROLO,200ML,LATTICINI,2026-03-24,2026-04-06
PANNA UHT PER CAFFÈ STUFFER,10X10,LATTICINI,2025-08-26,2025-09-08
PANNA VEGETALE DA CUCINA,200ML,LATTICINI,2024-05-21,2024-06-03
PREPARATI CAMEO SKYR,100G,LATTICINI,2025-07-01,2025-07-14
PROTEIN KREAM,200G,LATTICINI,2026-04-21,2026-05-04
RICOTTA,1KG,LATTICINI,2025-06-03,2025-06-16
RICOTTINA LIGHT SANTA LUCIA GALBANI,90G,LATTICINI,2024-07-30,2024-08-12
RICOTTINE SENZA LATTOSIO ACCADI GRANAROLO,100G,LATTICINI,2025-02-25,2025-03-10
RINFRESO DEL SISTEMA IMMUNITARIO,100GX6,LATTICINI,2024-08-13,2024-08-26
SFOGLIA DI MOZZARELLA,100G,LATTICINI,2026-05-05,2026-05-18
SISTEMA IMMUNITARIO,100GX6,LATTICINI,2026-01-13,2026-01-26
SKYR BIANCO HIGH PRO,175G,LATTICINI,2024-08-27,2024-09-09
SKYR BIANCO HIGHPRO EXQUISA,170G,LATTICINI,2024-11-05,2024-11-18
SNACK AL LATTE,80G,LATTICINI,2024-05-21,2024-06-03
SNACK AL LATTE SENZA LATTOSIO ZYMIL FARMALAT,20GX4,LATTICINI,2026-01-27,2026-02-09
SQUEEZE & GO GRANAROLO CACAO,85G,LATTICINI,2025-02-11,2025-02-24
SQUEEZE G O GRANAROLO,85G,LATTICINI,2026-03-10,2026-03-23
UOVA DA ALLEVAMENTO A TERRA,6PZ,LATTICINI,2025-04-08,2025-04-21
UOVA FRESCHE,6PZ,LATTICINI,2024-02-27,2024-03-11
UOVA FRESCHE GRANDI,N/D,LATTICINI,2025-01-28,2025-02-10
UOVA FRESCHE PER LA PASTA,6PZ,LATTICINI,2024-12-03,2024-12-16
UOVA FRESCHE XL ALLEVATE A TERRA,4PZ,LATTICINI,2024-10-08,2024-10-21
YOGURT,1KG,LATTICINI,2024-04-02,2024-04-15
YOGURT ACTIVE BB12 MIX STUFFER,170G,LATTICINI,2024-10-22,2024-11-04
YOGURT ACTIVE BR12 STUFFER,125GX2,LATTICINI,2024-01-16,2024-01-29
YOGURT ASSORTITI ALLA FRUTTA VIPRENO,125X8,LATTICINI,2025-07-15,2025-07-28
YOGURT BIANCO,1KG,LATTICINI,2025-03-25,2025-04-07
YOGURT BIANCO CREMOSO,125GX2,LATTICINI,2024-01-02,2024-01-15
YOGURT BIANCO HERAKLES,1KG,LATTICINI,2026-02-10,2026-02-23
YOGURT BIANCO INTERO MAGRO STUFFER,1KG,LATTICINI,2026-05-05,2026-05-18
YOGURT BIANCO MAGRO CLASSICO,1KG,LATTICINI,2025-12-02,2025-12-15
YOGURT BIANCO MISTO,150G,LATTICINI,2024-09-24,2024-10-07
YOGURT BIANCO MIX MÜLLER,150GX4,LATTICINI,2025-06-17,2025-06-30
YOGURT CREMOSO INTERO LATTERIA BRUNICO,500G,LATTICINI,2025-09-09,2025-09-22
YOGURT CREMOSO LA TERRIA BRUNCO BIANCO & NOCCIOLE E CIOCCOLATO,150G,LATTICINI,2026-01-02,2026-01-12
YOGURT DA BERE ALLA FRUTTA,500ML,LATTICINI,2025-09-09,2025-09-22
YOGURT DA BERE ALLA FRUTTA GUSTI ASSORTITI,500ML,LATTICINI,2026-05-05,2026-05-18
YOGURT DA BERE MAGRO SENZA LATTOSIO STUFFER,500ML,LATTICINI,2026-05-19,2026-06-01
YOGURT DA BERE MULTIFRUTTI,500ML,LATTICINI,2024-05-07,2024-05-20
YOGURT DA BERE ZERO GRASSI,200ML,LATTICINI,2024-05-21,2024-06-03
YOGURT DI FRUTTA,125GX8,LATTICINI,2024-09-24,2024-10-07
YOGURT DI FRUTTA MAGRO INTERO,125G,LATTICINI,2025-09-23,2025-10-06
YOGURT GRECO,150G,LATTICINI,2026-05-05,2026-05-18
YOGURT GRECO 0% DI GRASSI,500G,LATTICINI,2024-07-16,2024-07-29
YOGURT GRECO PAVLAKIS,500G,LATTICINI,2026-01-13,2026-01-26
YOGURT GUSTI FRUTTA ASSORTITI VIPITENO,125GX8,LATTICINI,2024-02-13,2024-02-26
YOGURT GUSTO-GUSTO,150G,LATTICINI,2024-01-30,2024-02-12
YOGURT HERAKLES,1KG,LATTICINI,2026-04-07,2026-04-20
YOGURT HERAKLES BIANCO MAGRO,1KG,LATTICINI,2025-02-11,2025-02-24
YOGURT INTERO,125GX2,LATTICINI,2024-07-30,2024-08-12
YOGURT INTERO BIO,125G,LATTICINI,2024-08-27,2024-09-09
YOGURT INTERO BIO DA LATTE FIENO VIPITENNO,125G,LATTICINI,2024-06-04,2024-06-17
YOGURT INTERO MAGRO VIPITENO,125GX8,LATTICINI,2025-12-02,2025-12-15
YOGURT INTERO MAGRO VIPITENO GUSTI FRUTTA ASSORTITI,125GX8,LATTICINI,2023-12-05,2023-12-18
YOGURT INTERO SENZA LATTOSIO FRAGOLA,125GX2,LATTICINI,2026-01-02,2026-01-12
YOGURT INTERO VIPITENO,125GX8,LATTICINI,2026-06-02,2026-06-15
YOGURT INTERO YOMO,125GX2,LATTICINI,2026-05-05,2026-05-18
YOGURT MAGRO,125GX2,LATTICINI,2024-04-16,2024-04-22
YOGURT MAGRO 0.1% GRASSI VIPITENO,125GX2,LATTICINI,2026-03-10,2026-03-23
YOGURT MAGRO 0.1% VIPITENTO,125GX2,LATTICINI,2025-03-11,2025-03-24
YOGURT MIX BIANCO A NOCCIOLE E CIOCCOLATO,150G,LATTICINI,2025-09-23,2025-10-06
YOGURT STUFFER,125GX2,LATTICINI,2024-04-23,2024-05-06
YOGURT SU PERMARINO DANONE,110G,LATTICINI,2025-09-09,2025-09-22
YOGURT SUPER MARIO DANONE FRAGOLA,110G,LATTICINI,2025-05-06,2025-05-19
YOGURT SUPERMARIO DANONE,110G,LATTICINI,2026-05-05,2026-05-18
YOGURT VIPITENO,125GX8,LATTICINI,2025-05-20,2025-06-02
100% FRUTTA PLASMON,100G,ORTOFRUTTA,2025-11-04,2025-11-17
ALBICOCCHE,500G,ORTOFRUTTA,2026-06-02,2026-06-15
ALICOCCHE,500G,ORTOFRUTTA,2025-07-01,2025-07-14
ANANAS A FETTE,420G,ORTOFRUTTA,2026-06-02,2026-06-15
ANANAS IN SUCCO FATTORIA DEI SAPORI,240G,ORTOFRUTTA,2025-07-29,2025-08-11
ANANAS SCIROPPATO,500G,ORTOFRUTTA,2023-12-05,2023-12-18
ANGURIA PERLA NERA,1KG,ORTOFRUTTA,2025-08-12,2025-08-25
ARACHIDI,750G,ORTOFRUTTA,2025-05-20,2025-06-02
ARACHIDI IN GUSCIO TOSTATE KOM E TE,400G,ORTOFRUTTA,2026-02-24,2026-03-09
ARACHIDI SGUSCIATE TOSTATE E SALATE KOMETE,400G,ORTOFRUTTA,2026-05-19,2026-06-01
ARANCE NAVEL,2KG,ORTOFRUTTA,2026-01-02,2026-01-12
ARANCE NAVEL FOGLIA,1KG,ORTOFRUTTA,2025-12-16,2025-12-31
ARANCE NAVEL RETE,2KG,ORTOFRUTTA,2023-12-19,2023-12-31
ARANCE RETE NAVEL TAROCCO,3KG,ORTOFRUTTA,2025-01-03,2025-01-13
ARANCE TAROCCO,1KG,ORTOFRUTTA,2026-02-24,2026-03-09
AROMI OREGEL,N/D,ORTOFRUTTA,2025-11-04,2025-11-17
ASPARAGI,500G,ORTOFRUTTA,2026-05-05,2026-05-18
ASPARAGI VERDI,300G,ORTOFRUTTA,2026-04-21,2026-05-04
BANANE,1KG,ORTOFRUTTA,2026-03-24,2026-04-06
BANANE PREMIUM,N/D,ORTOFRUTTA,2026-05-19,2026-06-01
BIETA BERETTA A CUBETTI,1KG,ORTOFRUTTA,2026-01-27,2026-02-09
BIETA ERBETTA A CUBETTI,1KG,ORTOFRUTTA,2025-12-02,2025-12-15
BIETOLE COSTE,500G,ORTOFRUTTA,2024-02-13,2024-02-26
BIETOLE LE BONTÀ DELL'ORTO MIORTO,400G,ORTOFRUTTA,2024-09-10,2024-09-23
BROCCOLETTI,500G,ORTOFRUTTA,2026-04-21,2026-05-04
BROCCOLI,450G,ORTOFRUTTA,2026-02-10,2026-02-23
BROCCOLLETTI,500G,ORTOFRUTTA,2026-01-13,2026-01-26
CACHI LOTI,2KG,ORTOFRUTTA,2024-10-22,2024-11-04
CACHI PERSIMON,1KG,ORTOFRUTTA,2025-12-16,2025-12-31
CARCIOFI A SPICCHI,950G,ORTOFRUTTA,2026-03-24,2026-04-06
CAROTE,1KG,ORTOFRUTTA,2025-07-15,2025-07-28
CAROTE A FETTE OROGEL,450G,ORTOFRUTTA,2025-05-20,2025-06-02
CAROTE BABY,200G,ORTOFRUTTA,2024-03-12,2024-03-18
CAROTINE,400G,ORTOFRUTTA,2026-04-07,2026-04-20
CATALOGNA,500G,ORTOFRUTTA,2025-01-14,2025-01-27
CATALOGNA CON ASCETTA,500G,ORTOFRUTTA,2025-02-11,2025-02-24
CAVOLFIOI BIANCHI,1KG,ORTOFRUTTA,2026-02-10,2026-02-23
CAVOLFIOI ROSETTE,450G,ORTOFRUTTA,2026-03-10,2026-03-23
CAVOLFIORE,1KG,ORTOFRUTTA,2025-11-18,2025-12-01
CAVOLFIORE BIANCO,1KG,ORTOFRUTTA,2026-01-02,2026-01-12
CAVOLIFLORI ROSETTE,400G,ORTOFRUTTA,2025-09-09,2025-09-22
CAVOLO VERZA CHIARA,1KG,ORTOFRUTTA,2026-01-27,2026-02-09
CETRIOLI,N/D,ORTOFRUTTA,2025-06-03,2025-06-16
CICORIA,750G,ORTOFRUTTA,2024-05-21,2024-06-03
CICORIA CATALONA,500G,ORTOFRUTTA,2024-01-16,2024-01-29
CICORIA FOGLIA A FOGLIA,750G,ORTOFRUTTA,2025-10-21,2025-11-03
CILIEGIE,500G,ORTOFRUTTA,2025-05-20,2025-06-02
CIMA DI RAPA,400G,ORTOFRUTTA,2024-01-02,2024-01-15
CIOTOLA INSALATA MISTA,N/D,ORTOFRUTTA,2025-07-01,2025-07-14
CLEMENTINE,1KG,ORTOFRUTTA,2026-01-02,2026-01-12
CLEMENTINE CASSETTA,2KG,ORTOFRUTTA,2023-12-05,2023-12-18
CLEMENTINE EXTRA FOGLIA,1KG,ORTOFRUTTA,2025-12-16,2025-12-31
CLEMENTINE FOGLIA,1KG,ORTOFRUTTA,2024-12-17,2024-12-31
CLEMENTINE RETE,1KG,ORTOFRUTTA,2025-01-03,2025-01-13
COCOMERI BABY,1KG,ORTOFRUTTA,2026-06-02,2026-06-15
CONCIME LIQUIDO PIANTE FIORITE,1LT,ORTOFRUTTA,2025-02-25,2025-03-10
CONTORNO BROCCOLI E PATATE,450G,ORTOFRUTTA,2026-03-24,2026-04-06
CONTORNO DI VERDURE GRIGLIATE,450G,ORTOFRUTTA,2024-08-13,2024-08-26
CONTORNO GHIOTTO,450G,ORTOFRUTTA,2024-11-19,2024-12-02
CONTORNO GHIOTTO CON VERDURE GRIGLIATE,450G,ORTOFRUTTA,2026-01-27,2026-02-09
CONTORNO GHIOTTO VEGETALI COTTA FORNO,400G,ORTOFRUTTA,2026-04-07,2026-04-20
CONTORNO PATATE ZUCCHINE CIPOLLE,450G,ORTOFRUTTA,2024-11-05,2024-11-18
CONTORNO PATATE ZUCCHINE E CIPOLLA,450G,ORTOFRUTTA,2026-04-21,2026-05-04
"CONTORNO PATATE, ZUCCHINE E CIPOLLA ROSSA DI TROPEA",450G,ORTOFRUTTA,2025-07-29,2025-08-11
COSTE,500G,ORTOFRUTTA,2025-01-28,2025-02-10
DATTERI,200G,ORTOFRUTTA,2025-12-16,2025-12-31
DATTERI TUNISIA,200G,ORTOFRUTTA,2024-12-17,2024-12-31
FAGIOLINI FINI,1KG,ORTOFRUTTA,2026-06-02,2026-06-15
FAGIOLINI FINISSIMI,450G,ORTOFRUTTA,2026-03-10,2026-03-23
FAVE,1KG,ORTOFRUTTA,2026-04-21,2026-05-04
FAVE SFUSE,N/D,ORTOFRUTTA,2025-04-22,2025-05-05
FICHI BIANCHI,250G,ORTOFRUTTA,2023-12-19,2023-12-31
FINOCCHI,1KG,ORTOFRUTTA,2026-03-24,2026-04-06
FRAGOLE,500G,ORTOFRUTTA,2026-04-21,2026-05-04
FRAGOLE EXTRA,1KG,ORTOFRUTTA,2026-04-07,2026-04-20
FRIARIELLI ITALIANI,330G,ORTOFRUTTA,2026-01-13,2026-01-26
FRUTTA FRULLATA BIO ASSORTITI,100G,ORTOFRUTTA,2024-06-04,2024-06-17
FRUTTA FRULLATA NATURA NUOVA,100G,ORTOFRUTTA,2024-01-30,2024-02-12
FRUTTA SECCA ARACHIDI IN GUSCIO,750G,ORTOFRUTTA,2024-10-08,2024-10-21
FRUTTA SECCA E SNACK KOME TE,N/D,ORTOFRUTTA,2026-04-07,2026-04-20
FRUTTA SECCA KO ME TE,N/D,ORTOFRUTTA,2026-03-10,2026-03-23
FRUTTA SECCA KOME TE,300G,ORTOFRUTTA,2026-02-10,2026-02-23
FRUTTA SECCA LIFE,N/D,ORTOFRUTTA,2024-06-18,2024-07-01
FUNGHI CHAMPIGNONS,450G,ORTOFRUTTA,2025-10-21,2025-11-03
FUNGHI PORCINI CUBETTATI,300G,ORTOFRUTTA,2026-01-13,2026-01-26
GRAMNISTO DI FUNGHI CON PORCINI,300G,ORTOFRUTTA,2025-09-23,2025-10-06
GRANMISTO DI FUNGHI,300G,ORTOFRUTTA,2026-05-05,2026-05-18
GRANMISTO DI FUNGHI CON PORCINI,300G,ORTOFRUTTA,2025-12-02,2025-12-15
IL FRULLATO PLASMON,85G,ORTOFRUTTA,2026-03-10,2026-03-23
INSALATA ALLA RUSSA,1KG,ORTOFRUTTA,2026-03-24,2026-04-06
INSALATA ARCABALENO MIOORTO,300G,ORTOFRUTTA,2024-07-30,2024-08-12
INSALATA ARCOBALENO,300G,ORTOFRUTTA,2026-05-05,2026-05-18
INSALATA ARCOBALENO KO ME TE,300G,ORTOFRUTTA,2026-03-10,2026-03-23
INSALATA ARCOBALENO MIOORTO,300G,ORTOFRUTTA,2026-06-02,2026-06-15
INSALATA CAPRICCIOSA VOGLIAZZI,1KG,ORTOFRUTTA,2024-12-17,2024-12-31
INSALATA DELL'ORTO,N/D,ORTOFRUTTA,2025-09-09,2025-09-22
INSALATA GUSTO E BENESSERE,N/D,ORTOFRUTTA,2026-04-07,2026-04-20
INSALATA ICEBERG,350G,ORTOFRUTTA,2026-06-02,2026-06-15
INSALATA KOME TE,350G,ORTOFRUTTA,2026-02-10,2026-02-23
INSALATA KOME TE ARCOBALENO,300G,ORTOFRUTTA,2025-11-18,2025-12-01
INSALATA KOMETE,N/D,ORTOFRUTTA,2026-05-19,2026-06-01
INSALATA MARUZZELLA,220G,ORTOFRUTTA,2024-09-10,2024-09-23
INSALATA MISTA,N/D,ORTOFRUTTA,2024-08-13,2024-08-26
INSALATA MISTA GLI ORTI IN TAVOLA,400G,ORTOFRUTTA,2025-01-14,2025-01-27
INSALATA MISTA KOME TE,300G,ORTOFRUTTA,2025-08-12,2025-08-25
INSALATA MISTA KOMETE,300G,ORTOFRUTTA,2025-09-23,2025-10-06
INSALATA MISTA MIOORTO,300G,ORTOFRUTTA,2025-01-28,2025-02-10
INSALATA MISTA MIORTO,350G,ORTOFRUTTA,2025-05-06,2025-05-19
INSALATA MISTICANZA ORTO IN TAVOLA,400G,ORTOFRUTTA,2024-02-27,2024-03-11
INSALATA PEPERLIZZA PONTI,300G,ORTOFRUTTA,2025-07-15,2025-07-28
INSALATA RISO FARRO,200G,ORTOFRUTTA,2025-08-26,2025-09-08
INSALATA ROTONDA,230G,ORTOFRUTTA,2024-03-19,2024-04-01
INSALATA RUSSA CAPRICCIOSA,1KG,ORTOFRUTTA,2025-12-16,2025-12-31
INSALATA RUSSA VOGLIAZZI,1KG,ORTOFRUTTA,2024-12-17,2024-12-31
INSALATE,N/D,ORTOFRUTTA,2025-05-20,2025-06-02
INSALATE DEGLI ANGELI,3PZ,ORTOFRUTTA,2024-02-13,2024-02-26
"INSALATE DI FARRO, INSALATA DI RISO",200G,ORTOFRUTTA,2025-07-01,2025-07-14
INSALATE DIVERSI TIPI E GRAMMATURE,N/D,ORTOFRUTTA,2025-05-20,2025-06-02
"INSALATE GLI ORTI IN TAVOLA MISTA, RUCOLA E PIÙ",400G,ORTOFRUTTA,2024-10-22,2024-11-04
INSALATE L'ORTO DEGLI ANGELI,N/D,ORTOFRUTTA,2025-01-14,2025-01-27
INSALATE ORTO DEGLI ANGELI,3PZ,ORTOFRUTTA,2024-05-21,2024-06-03
INSALATE PLANT POWER MAREBLU,N/D,ORTOFRUTTA,2025-08-26,2025-09-08
INSALATE PRONTE,200G,ORTOFRUTTA,2024-05-07,2024-05-20
INSALATIAMO ORTO PRONTO,N/D,ORTOFRUTTA,2025-07-29,2025-08-11
INSALATIANO,121G,ORTOFRUTTA,2024-07-16,2024-07-29
LATTUGHINO GLI ORTI IN TAVOLA,400G,ORTOFRUTTA,2026-03-24,2026-04-06
LATTUGHINO VASSOIO XL,400G,ORTOFRUTTA,2024-03-19,2024-04-01
LE BONTA DELL'ORTO MIOORTO,400G,ORTOFRUTTA,2024-08-13,2024-08-26
LE BONTÁ ORTO DELL'ORTO MIORTO SPINACI ERBETTE,400G,ORTOFRUTTA,2025-05-06,2025-05-19
LE ERBE AROMATICHE OROGEL,N/D,ORTOFRUTTA,2024-11-05,2024-11-18
LE INSALATE,N/D,ORTOFRUTTA,2026-06-02,2026-06-15
LE INSALATE BLUVIOLA,125G,ORTOFRUTTA,2026-03-10,2026-03-23
LE INSALATE EQUILIBRIO DI GUSTO ESPAORE,200G,ORTOFRUTTA,2024-09-10,2024-09-23
LE INSALATE I COLORI DEL BENESSERE,N/D,ORTOFRUTTA,2024-07-16,2024-07-29
LE INSALATE KOME TE,350G,ORTOFRUTTA,2026-04-21,2026-05-04
LIMONI,500G,ORTOFRUTTA,2025-04-22,2025-05-05
LIMONI RETE,500G,ORTOFRUTTA,2025-01-14,2025-01-27
MACEDONIA SCIROPPATA,415G,ORTOFRUTTA,2024-04-02,2024-04-15
MANDARINI,N/D,ORTOFRUTTA,2025-03-11,2025-03-24
MANDORLE TOSTATE E SALATE KOMETE,150G,ORTOFRUTTA,2026-05-19,2026-06-01
MELAGRANA,1KG,ORTOFRUTTA,2025-12-16,2025-12-31
MELAGRANE,1KG,ORTOFRUTTA,2024-12-17,2024-12-31
MELANZANA NERA,N/D,ORTOFRUTTA,2025-07-01,2025-07-14
MELANZANE NERE,1KG,ORTOFRUTTA,2026-06-02,2026-06-15
MELE FUJI,1KG,ORTOFRUTTA,2026-03-10,2026-03-23
MELE FUJY,2.3KG,ORTOFRUTTA,2024-10-22,2024-11-04
MELE GALA,1KG,ORTOFRUTTA,2026-02-10,2026-02-23
MELE GALA MELINDA,1KG,ORTOFRUTTA,2025-10-07,2025-10-20
MELE GOLDEN,1KG,ORTOFRUTTA,2026-05-05,2026-05-18
MELE GOLDEN MELINDA,2KG,ORTOFRUTTA,2026-01-13,2026-01-26
MELE GOLDEN MELINDA MELASI,2.3KG,ORTOFRUTTA,2024-04-02,2024-04-15
MELE RENETTA,1KG,ORTOFRUTTA,2026-02-24,2026-03-09
MELE RENETTA DUE STRATI MELINDA,1KG,ORTOFRUTTA,2026-01-27,2026-02-09
MELE RENETTA MELINDA,1KG,ORTOFRUTTA,2025-11-18,2025-12-01
MELE RENETTE MELINDA,1KG,ORTOFRUTTA,2026-05-05,2026-05-18
"MELONE DINO, LIMELON",1KG,ORTOFRUTTA,2024-07-30,2024-08-12
MELONE RETATO,1KG,ORTOFRUTTA,2025-08-12,2025-08-25
MINESTRONE GRAN SAPORE,600G,ORTOFRUTTA,2026-04-07,2026-04-20
MINESTRONE MIOORTO,500G,ORTOFRUTTA,2025-03-11,2025-03-24
MIRTILLI,125G,ORTOFRUTTA,2026-05-19,2026-06-01
MISTICANZA,400G,ORTOFRUTTA,2024-06-04,2024-06-17
MISTICANZA DIMIDISI,250G,ORTOFRUTTA,2025-06-17,2025-06-30
MISTO PER RISOTTO E SPAGHETTI APPETTAIS,300G,ORTOFRUTTA,2026-06-02,2026-06-15
MISTO PER SOFFRITTO,200G,ORTOFRUTTA,2026-04-07,2026-04-20
MISTO PICCANTE KOME TE,200G,ORTOFRUTTA,2026-04-07,2026-04-20
NEBULIZZATORE A PRESSIONE,2LT,ORTOFRUTTA,2025-02-25,2025-03-10
NOCI IN GUSCIO KOMETE,400G,ORTOFRUTTA,2026-05-19,2026-06-01
OMOGENEIZZATO NIPIOL,80GX3,ORTOFRUTTA,2026-03-10,2026-03-23
PASSATA DI MELA,100G,ORTOFRUTTA,2026-03-10,2026-03-23
PASSATA DI MELA BOSCHETTI,100G,ORTOFRUTTA,2024-02-13,2024-02-26
PASSATA DI MELA CON FRUTTA,100G,ORTOFRUTTA,2026-01-13,2026-01-26
PATATA DI CAMPO,1.5KG,ORTOFRUTTA,2024-10-08,2024-10-21
PATATA DI CAMPO AMICA DELL'AMBIENTE,1KG,ORTOFRUTTA,2025-09-23,2025-10-06
PATATA IODI,1.25KG,ORTOFRUTTA,2025-10-21,2025-11-03
PATATA SELENELLA,1.5KG,ORTOFRUTTA,2026-05-19,2026-06-01
PATATE,4KG,ORTOFRUTTA,2026-02-10,2026-02-23
PATATE GIALLE,1.5KG,ORTOFRUTTA,2025-07-15,2025-07-28
PATATE GIALLE NATURELLA BUGGIERO,1.5KG,ORTOFRUTTA,2026-01-27,2026-02-09
PATATE GRIGLIATE AL ROSMARINO,450G,ORTOFRUTTA,2026-05-05,2026-05-18
PATATE IDOI PIZZOLI,1.25KG,ORTOFRUTTA,2026-03-10,2026-03-23
PATATE IODI PIZZOLI,1.25KG,ORTOFRUTTA,2026-04-07,2026-04-20
PATATE IODI PIZZOLI RETE,1.25KG,ORTOFRUTTA,2025-01-14,2025-01-27
PATATE LA RISSOLÉE MCCAIN,750G,ORTOFRUTTA,2024-05-07,2024-05-20
PATATE NATURELLA,1.5KG,ORTOFRUTTA,2026-04-21,2026-05-04
PATATE NATURELLA ANTONIO RUGGERO,1.5KG,ORTOFRUTTA,2025-04-08,2025-04-21
PATATE NOVELLE,1.5KG,ORTOFRUTTA,2024-06-04,2024-06-17
PATATE NOVELLE NATURELLA TONNO RUGGIERO,5L,ORTOFRUTTA,2026-06-02,2026-06-15
PATATE STICK,2.5KG,ORTOFRUTTA,2026-03-10,2026-03-23
PATATINE CLASSICHE FINODUS,900G,ORTOFRUTTA,2026-04-07,2026-04-20
PEPERONI ROSSI GIALLI,N/D,ORTOFRUTTA,2025-07-29,2025-08-11
PERE ABATE,500G,ORTOFRUTTA,2024-12-03,2024-12-16
PERE WILLIAM,1KG,ORTOFRUTTA,2024-05-21,2024-06-03
PERE WILLIAMS,1KG,ORTOFRUTTA,2026-03-24,2026-04-06
PESCHE,2KG,ORTOFRUTTA,2024-06-04,2024-06-17
PESCHE BIANCHE,500G,ORTOFRUTTA,2025-07-15,2025-07-28
"PESCHE BIANCHE, NETTARINE BIANCHE",1KG,ORTOFRUTTA,2024-07-30,2024-08-12
PESCHE GIALLE,500G,ORTOFRUTTA,2025-09-09,2025-09-22
PESCHE NETTARINE GIALLE,1KG,ORTOFRUTTA,2025-08-26,2025-09-08
PESCHE PARAGUAYO,500G,ORTOFRUTTA,2025-07-29,2025-08-11
PESCHE PARAGUAYO GIALLE,500G,ORTOFRUTTA,2025-07-01,2025-07-14
PISELINNI PRIMAVERA FINDUS,660G,ORTOFRUTTA,2024-08-13,2024-08-26
PISELLI FINI,1KG,ORTOFRUTTA,2026-05-05,2026-05-18
PISELLI FINISSIMI,450G,ORTOFRUTTA,2026-05-19,2026-06-01
PISELLI FINISSIMI LA VALLE,850G,ORTOFRUTTA,2025-10-07,2025-10-20
PISELLI FINISSIMI LA VALLE DEGLI ORTI,850G,ORTOFRUTTA,2026-03-24,2026-04-06
POKER,150G,ORTOFRUTTA,2024-06-18,2024-07-01
POKER MIDORTO,150G,ORTOFRUTTA,2024-10-22,2024-11-04
POKER MIOORTO,150G,ORTOFRUTTA,2026-06-02,2026-06-15
POLPA ALMAVERDE BIO,100G,ORTOFRUTTA,2025-01-28,2025-02-10
POLPA DI FRUTTA,100GX6,ORTOFRUTTA,2026-04-07,2026-04-20
POLPA DI FRUTTA BIO ALMAVERDE,100G,ORTOFRUTTA,2025-06-17,2025-06-30
POLPA DI MELE FRULLÀ,100G X 4,ORTOFRUTTA,2026-02-10,2026-02-23
POMODORI A GRAPPOLO,1KG,ORTOFRUTTA,2025-09-09,2025-09-22
POMODORI CILIEGINO,500G,ORTOFRUTTA,2026-03-10,2026-03-23
POMODORI CUORE DI BUE NAMA,1KG,ORTOFRUTTA,2024-07-16,2024-07-29
POMODORI DATTERINO,250G,ORTOFRUTTA,2026-05-19,2026-06-01
POMODORI DATTERINO CASSETTA,600G,ORTOFRUTTA,2023-12-19,2023-12-31
POMODORI PERINI DA INSALATA,N/D,ORTOFRUTTA,2025-07-01,2025-07-14
POMODORI PERINI INSALATARI,1KG,ORTOFRUTTA,2025-08-26,2025-09-08
POMODORI PERINI ROSSI,1KG,ORTOFRUTTA,2025-08-12,2025-08-25
POMODORI PERINO INSALATARI,1KG,ORTOFRUTTA,2026-05-05,2026-05-18
POMODORI PICCADILLY,500G,ORTOFRUTTA,2026-06-02,2026-06-15
POMODORINI DATTERINO,250G,ORTOFRUTTA,2024-08-27,2024-09-09
POMODORINI DATTERINO TRIFOGLIO,250G,ORTOFRUTTA,2025-07-29,2025-08-11
POMODORINI DATTERINO TRIPODOLIO,250G,ORTOFRUTTA,2025-08-26,2025-09-08
POMODORO CILIEGINO,500G,ORTOFRUTTA,2026-01-27,2026-02-09
POMODORO DATTERINO,400G,ORTOFRUTTA,2025-11-18,2025-12-01
POMODORO PICCADILLY,500G,ORTOFRUTTA,2025-04-22,2025-05-05
POMODORO TONDO,1KG,ORTOFRUTTA,2025-02-25,2025-03-10
PORRO OROGEL,250G,ORTOFRUTTA,2024-11-05,2024-11-18
PRIGNE SANTA CLARA,1KG,ORTOFRUTTA,2024-09-24,2024-10-07
PRONTO CIUOCI KOME TE,400G,ORTOFRUTTA,2025-12-16,2025-12-31
PRONTO CUOCI KOME TE SPINACI ERBETTE,400G,ORTOFRUTTA,2026-04-21,2026-05-04
PRONTO CUOCI KOME TE SPINACI MISTO DA CUOCERE,400G,ORTOFRUTTA,2026-01-27,2026-02-09
PRONTO QUOCI KOM E TE SPINACI,400G,ORTOFRUTTA,2026-02-24,2026-03-09
PRUGNE,500G,ORTOFRUTTA,2024-05-21,2024-06-03
PRUGNE LARGE,500G,ORTOFRUTTA,2025-10-07,2025-10-20
PRUGNE SANTA CLARA,1KG,ORTOFRUTTA,2025-09-09,2025-09-22
PRUGNE SNOCCIOLATE,500G,ORTOFRUTTA,2024-09-24,2024-10-07
PRUNE SECCHE DENOCCIOLATE FRUTTA D'ORO,200G,ORTOFRUTTA,2025-01-03,2025-01-13
SEMI IN BUSTE MAXI,N/D,ORTOFRUTTA,2025-02-25,2025-03-10
SPINACI,1KG,ORTOFRUTTA,2024-04-02,2024-04-15
SPINACI A FOGLIA IN PORZIONI,1KG,ORTOFRUTTA,2025-03-25,2025-04-07
SPINACI BIETOLE,400G,ORTOFRUTTA,2024-06-04,2024-06-17
SPINACI GUSTOSI,450G,ORTOFRUTTA,2026-02-24,2026-03-09
SPINACI IN CUBI,1KG,ORTOFRUTTA,2026-01-13,2026-01-26
SPINACI IN PORZIONI,1KG,ORTOFRUTTA,2024-11-05,2024-11-18
"SPINACI, BIETOLE LE BONTA DELL'ORTO MIDORTO",400G,ORTOFRUTTA,2025-04-08,2025-04-21
"SPINACI, BIETOLE MIOORTO",400G,ORTOFRUTTA,2024-11-05,2024-11-18
"SPINACI, ERBETTE KOMETE",400G,ORTOFRUTTA,2026-05-19,2026-06-01
SPREMI E GUSTA PLASMON,100ML,ORTOFRUTTA,2024-02-13,2024-02-26
SPREMUTA PFANNER,150ML,ORTOFRUTTA,2026-02-24,2026-03-09
STELI GUSTOSI,150G,ORTOFRUTTA,2024-06-18,2024-07-01
STELI GUSTOSI MIOORTO,100G,ORTOFRUTTA,2025-06-03,2025-06-16
STELI GUSTOSI MIORTO,150G,ORTOFRUTTA,2026-04-07,2026-04-20
"TRIGLIATO, PISELLI CON PROSCIUTTO",350G,ORTOFRUTTA,2024-03-12,2024-03-18
TUBO IRRIGAZIONE ELASTICO,5METRI,ORTOFRUTTA,2025-02-25,2025-03-10
UVA,2KG,ORTOFRUTTA,2024-08-27,2024-09-09
UVA BIANCA SENZA SEMI,500G,ORTOFRUTTA,2025-10-21,2025-11-03
UVA ITALIA,1KG,ORTOFRUTTA,2025-10-07,2025-10-20
UVA RED GLOBE,1KG,ORTOFRUTTA,2025-09-09,2025-09-22
UVA SENZA SEMI,500G,ORTOFRUTTA,2024-08-27,2024-09-09
UVA VITTORIA,1KG,ORTOFRUTTA,2025-08-26,2025-09-08
VASO DI FIORI CON GANCI,N/D,ORTOFRUTTA,2025-02-25,2025-03-10
VASO VERONA,N/D,ORTOFRUTTA,2025-02-25,2025-03-10
VERDURE,1KG,ORTOFRUTTA,2026-02-24,2026-03-09
VERDURE COTTE AL VAPORE,500G,ORTOFRUTTA,2026-03-24,2026-04-06
VERDURE GRIGLIATE,450G,ORTOFRUTTA,2026-03-24,2026-04-06
"VERDURE GRIGLIATE MELANZANE, ZUCCHINE, PEPERONI",450G,ORTOFRUTTA,2026-06-02,2026-06-15
VERDURE GRIGLIATE POLLI,N/D,ORTOFRUTTA,2025-10-07,2025-10-20
VERDURE MISTE,600G,ORTOFRUTTA,2026-05-19,2026-06-01
VERDURE MISTE INSALATA RUSSA OROGEL,450G,ORTOFRUTTA,2025-01-03,2025-01-13
VERDURE SATOS,N/D,ORTOFRUTTA,2026-03-10,2026-03-23
ZUCCHINE VERDI,N/D,ORTOFRUTTA,2026-05-19,2026-06-01
AMERICAN SANDWICH,750G,PANE,2026-01-13,2026-01-26
BASE PER FOCACCIA ROTI ONDA,385G,PANE,2025-02-11,2025-02-24
BASE PER FOCACCIA ROTONDA,385G,PANE,2026-02-10,2026-02-23
BASE PER FOCCACCIA,385G,PANE,2025-10-07,2025-10-20
BASE PER PIZZA SENZA GLUTINE,290G,PANE,2025-01-14,2025-01-27
BASE PER PIZZA STUFFER,400G,PANE,2026-01-13,2026-01-26
BASE PER PIZZA TIRATA,420G,PANE,2025-03-11,2025-03-24
BASI PRONTE SFOGLIA / BASE PIZZA,250G,PANE,2024-05-07,2024-05-20
BISCOTTATE GRISSIN BON,N/D,PANE,2025-01-28,2025-02-10
BISCOTTATE INTEGRALI BIO GRISSINBON,250G,PANE,2025-06-17,2025-06-30
BRIOCHES CLASSICA BON JOUR,300G,PANE,2024-08-27,2024-09-09
BRUSCHETTE,90G,PANE,2024-01-02,2024-01-15
CALZONE POMODORO E MOZZARELLA,250G,PANE,2026-06-02,2026-06-15
CIAMBELLA CINESE WEI MEI,380G,PANE,2026-03-10,2026-03-23
CRACKER WASA,270G,PANE,2025-11-18,2025-12-01
CRACKER WASA INTEGRALE,270G,PANE,2024-11-19,2024-12-02
CRACKERS COLUSSI,500G,PANE,2026-05-05,2026-05-18
CRACKERS CON SOIA MISURA,400G,PANE,2024-04-23,2024-05-06
CRACKERS FIBREXTRA MISURA,385GX2,PANE,2026-03-10,2026-03-23
CRACKERS GRAN PAVESI,80GX2,PANE,2026-04-07,2026-04-20
CRACKERS SENZA GLUTINE,200G,PANE,2025-07-29,2025-08-11
CROCCANTELLE MULTI,180G,PANE,2026-03-10,2026-03-23
CROISSANT,300G,PANE,2026-06-02,2026-06-15
CROISSANT GUSTI ASSORTITI,300G,PANE,2024-01-30,2024-02-12
CROSTINI,30GX5,PANE,2025-08-26,2025-09-08
CROSTINI CLASSICI,300G,PANE,2024-05-21,2024-06-03
CUOR DI PANE MULINO BIANCO,325G,PANE,2026-02-24,2026-03-09
FAGOLOSI GRISSIN BON,250G,PANE,2025-10-21,2025-11-03
FAGOLOSI GRISSIN BON CLASSICI,480G,PANE,2025-12-02,2025-12-15
FARINATA GENOVESE APPETAIS,380G,PANE,2025-12-02,2025-12-15
FETTE BISCOTTATE COLUSI,425G,PANE,2024-12-03,2024-12-16
FETTE BISCOTTATE COLUSSI,320G,PANE,2026-05-19,2026-06-01
"FETTE BISCOTTATE COLUSSI CLASSICHE, INTEGRALI",425G,PANE,2025-02-25,2025-03-10
FETTE BISCOTTATE GRANFATTA,600G,PANE,2025-09-09,2025-09-22
FETTE BISCOTTATE GRANFETTA,N/D,PANE,2025-06-17,2025-06-30
FETTE BISCOTTATE INTEGRALI,400G,PANE,2024-04-02,2024-04-15
FETTE BISCOTTATE MULINO BIANCO,630G,PANE,2026-04-21,2026-05-04
"FETTE BISCOTTATE MULINO BIANCO DONNE, INTEGRALI",600G,PANE,2024-07-16,2024-07-29
FETTE BISCOTTATE PROTEICHE GRISSIN BON,250G,PANE,2025-05-06,2025-05-19
FETTINE BIO SESAME,200G,PANE,2024-06-04,2024-06-17
FILLO RETTANGOLARE IN SFOGLIA MULINO BERTOTTI EXQUISA,300G,PANE,2025-04-08,2025-04-21
FILLO RETTANGOLARE IN SFOGLIE MULINO BERTOTTI,300G,PANE,2025-11-04,2025-11-17
FILONCINI HOT DOG,4PZ,PANE,2024-04-23,2024-05-06
FILONCINI PER HOT DOG,300G,PANE,2025-01-14,2025-01-27
FOCACCIA,25G,PANE,2024-01-30,2024-02-12
FOCACCIA CROCCANTE GENOVESE,250G,PANE,2025-04-22,2025-05-05
FOCACCINA,N/D,PANE,2024-05-07,2024-05-20
FOCACCINA ANTICA FORNERIA DI RECCO,N/D,PANE,2026-03-24,2026-04-06
FOCACCINA DI RECCO ANTICAFONERIA,N/D,PANE,2025-07-15,2025-07-28
FOCACCINA DI RICECO,300G,PANE,2025-04-08,2025-04-21
FOGACCINA,N/D,PANE,2024-11-19,2024-12-02
GALLETTE DI MAIS,150G,PANE,2026-05-19,2026-06-01
GALLETTE DI RISO,130G,PANE,2026-06-02,2026-06-15
GALLETTE DI RISO BRITT,130G,PANE,2024-10-08,2024-10-21
GECCHELE,N/D,PANE,2025-08-26,2025-09-08
GRISSIN BON FAGOLOSI,250G,PANE,2025-05-06,2025-05-19
GRISSINI DIVERSI TIPI,250G,PANE,2025-08-26,2025-09-08
GRISSINI GOLOSONI MULTICEREALI,200G,PANE,2025-06-03,2025-06-16
GRISSINI GUSTI ASSORTITI,250G,PANE,2025-10-21,2025-11-03
GRISSINI INTEGRALI,50GX5,PANE,2026-06-02,2026-06-15
GRISSINI IPOSODICI PANMONVISO,120G,PANE,2026-04-07,2026-04-20
GRISSINI RUBATÀ,450G,PANE,2025-03-11,2025-03-24
GRISSINI TORINESI STIRATI,500G,PANE,2025-10-07,2025-10-20
GRISSINI TORINESI STIRATI OLIVA,50G,PANE,2026-01-13,2026-01-26
GRISSINO FINISSIMO LINEA DERBY,500G,PANE,2024-10-08,2024-10-21
IL GRANLUNCHESE GOCCE,N/D,PANE,2025-10-07,2025-10-20
IL PANDORO BALOCCO,750G,PANE,2023-12-05,2023-12-18
L'ORIGINALE PINSA ROMANA NUVOLA,230G,PANE,2024-12-03,2024-12-16
LA COLOMBA BALOCCO CLASSICA,700G,PANE,2026-03-24,2026-04-06
LA MINI PINSA ROMANA,125G,PANE,2026-04-21,2026-05-04
LA MINIPINSA ROMANA,125G,PANE,2025-07-15,2025-07-28
LA MINIPINSA ROMANA L'ARTIGIANO,125G,PANE,2024-02-13,2024-02-26
LA PIZZA SENZA GLUTINE S.MARTINO,N/D,PANE,2026-01-13,2026-01-26
"LE BRUSCHETTE GUSTO MEDITERRANEO, NATURALE",90G,PANE,2026-01-02,2026-01-12
LE FETTE BISCOTTATE GRISHIN BON,250G,PANE,2024-05-21,2024-06-03
LE FRESCHE BISCOTTATE GRISSIN BON,250G,PANE,2025-07-29,2025-08-11
LE RIGHELLE,250G,PANE,2024-06-18,2024-07-01
LINGUE CROCCANTI FORNO DAMIANI,60G,PANE,2025-02-11,2025-02-24
MERENDA TENERONI GRAN TERRE,N/D,PANE,2025-01-03,2025-01-13
MINI PIADINA,200G,PANE,2026-01-13,2026-01-26
MINIHADINA ARMONIE,200G,PANE,2024-03-12,2024-03-18
PAGNOTTA CEREALI,400G,PANE,2025-11-04,2025-11-17
PAN BAULETTO MULINO BIANCO,400G,PANE,2026-05-19,2026-06-01
PAN BAULETTO MULINO BIANCO GRANO DURO,400G,PANE,2025-10-21,2025-11-03
PAN CARRÉ MULINO BIANCO,400G,PANE,2025-12-16,2025-12-31
PAN DELLA SENNA,340G,PANE,2025-11-04,2025-11-17
PAN DI SFOGLIA,320G,PANE,2025-03-25,2025-04-07
PAN PIUMA ARTEBIANCA,400G,PANE,2025-06-17,2025-06-30
PAN PIUMA ARTEBIANCA GRANO TENERO,400G,PANE,2025-05-20,2025-06-02
PAN PIUMA ARTEBIANCHA,400G,PANE,2024-12-17,2024-12-31
PANCAKES,240G,PANE,2026-05-05,2026-05-18
PANCAKES HIGH PROTEIN MULINO PRO,160G,PANE,2024-01-30,2024-02-12
PANE + CIOCCOLATO AL LATTE MULINO BIANCO,300G,PANE,2024-07-16,2024-07-29
PANE AMERICAN SANDWICH,750G,PANE,2025-01-28,2025-02-10
PANE BAULETTO AL GRANO DURO,400G,PANE,2025-06-03,2025-06-16
PANE BAULETTO BIANCO,400G,PANE,2024-09-24,2024-10-07
PANE CINESE WEI MEI,300G,PANE,2026-03-10,2026-03-23
PANE CROCCANTE A FETTE INTEGRALE,125G,PANE,2026-04-07,2026-04-20
PANE CROCCANTE INTEGRALE BIO CON SESAMO,200G,PANE,2026-02-10,2026-02-23
PANE DELLA SENNA GECHELE,340G,PANE,2025-04-08,2025-04-21
PANE GHECCHE,360G,PANE,2024-06-18,2024-07-01
PANE GRATTUGIATO BIOLOGICO,400G,PANE,2024-01-16,2024-01-29
PANE GRECO PITA GECCHELE,360G,PANE,2024-08-27,2024-09-09
PANE GUTTIAU,250G,PANE,2026-04-07,2026-04-20
PANE INTEGRALE,400G,PANE,2026-01-13,2026-01-26
PANE NAAN,260G,PANE,2024-01-02,2024-01-15
PANE PITA,450G,PANE,2026-02-10,2026-02-23
PANE PROTEICO,375G,PANE,2024-04-23,2024-05-06
PANE PROTEICO PEMA,375G,PANE,2026-04-21,2026-05-04
PANETTONE BALOCCO MAXICOK,800G,PANE,2023-12-05,2023-12-18
PANETTONE GRANDUCALE,1KG,PANE,2023-12-05,2023-12-18
PANINI PER HAMBURGER,300G,PANE,2026-05-19,2026-06-01
PASTA CON LIEVITO MADRE,800G,PANE,2026-01-13,2026-01-26
PASTA FILLO RETTANGOLARE IN SFOGLIE,300G,PANE,2026-03-24,2026-04-06
PASTA SFOGLIA 100% VEGETALE RETTANGOLARE,250G,PANE,2024-05-21,2024-06-03
"PASTA SFOGLIA ROTONDA LIGHT, RETTANGOLARE",230G,PANE,2025-06-17,2025-06-30
PIADA SFOGLIATA,300G,PANE,2025-02-25,2025-03-10
PIADA WRAP,330G,PANE,2025-10-07,2025-10-20
PIADELLE TOAST MULINO BIANCO,240G,PANE,2026-02-10,2026-02-23
PIADELLET TOAST MULINO BIANCO,240G,PANE,2024-11-05,2024-11-18
PIADINA IGP CLASSICA,3PZ,PANE,2024-02-13,2024-02-26
PIADINA INTEGRALE,250G,PANE,2026-03-10,2026-03-23
PIADINA ROMAGNA IGP ALIMENTA,360G,PANE,2024-08-27,2024-09-09
PIADINA ROMAGNOLA IGP ALLA RIMINESE,300G,PANE,2024-11-05,2024-11-18
PIADINA ROMANOLA IGP,300G,PANE,2026-04-07,2026-04-20
PINSA L'ARTIGIANO DELLA PINSA,250GX2,PANE,2026-06-02,2026-06-15
PINSA ROMANA CLASSICA,220G,PANE,2025-12-02,2025-12-15
PIZZA MARGHERITA APPETAIS,320G,PANE,2024-01-30,2024-02-12
PIZZA MARGHERITA APPETTAIS,320G,PANE,2025-07-29,2025-08-11
PIZZA MARGHERITA BELLA NAPOLI BUITONI,3PZ,PANE,2025-10-07,2025-10-20
PIZZETTE MIGNON MISTI,250G,PANE,2026-06-02,2026-06-15
PIZZETTE SNACK MARGHERITA,320G,PANE,2024-05-07,2024-05-20
ROSETTE SCHÄR,460G,PANE,2025-07-29,2025-08-11
SANDWICH ALTO PROTEICO IBIS,150G,PANE,2025-10-21,2025-11-03
SCHIACCIATELLE,320G,PANE,2024-10-22,2024-11-04
SCHIACCIATINE ARTIGIANALI,380G,PANE,2024-02-13,2024-02-26
SCHIACCIATINE OLIO DI OLIVA MAIS,250G,PANE,2025-11-04,2025-11-17
SPECIALITÀ DA FORNO KOME TE MINI PIZZETTA,30XB,PANE,2025-12-02,2025-12-15
SPECIALITÀ DA FORNO KOME TE PIZZETTA POMODORO E STRACCINO,500G,PANE,2025-12-02,2025-12-15
TARALLI CLASSICI,250G,PANE,2025-03-11,2025-03-24
"TARALLI CLASSICI, GUSTOSI",250G,PANE,2024-01-02,2024-01-15
TARALLI GLI ORIGINALI GUSTOSI,250G,PANE,2026-02-10,2026-02-23
TENERONI GRAN TERRE PROSCIUTTO COTTO,75X4,PANE,2025-07-15,2025-07-28
TORTILLA TONDA SENORITA AMICA CHIPS,185G,PANE,2024-01-02,2024-01-15
TORTILLAS ARROTOLABILE,330G,PANE,2025-06-03,2025-06-16
TRAMEZZINI PROTEICI,150G,PANE,2024-04-23,2024-05-06
TRAMEZZINO,N/D,PANE,2026-06-02,2026-06-15
TRAMEZZINO ALTO PROTEICO BRESALA E SALA E FORMAGGIO,150G,PANE,2026-04-21,2026-05-04
TRAMEZZINO DOPPIA FARCITURA,N/D,PANE,2025-10-07,2025-10-20
TRAMEZZINO PROTEICO,150G,PANE,2024-07-30,2024-08-12
TRAMEZZINO PROTEICO IBIS BRESAOLA E FORMAGGIO,150G,PANE,2024-10-22,2024-11-04
TRANCIO DI PIZZA MARGHERITA,400G,PANE,2026-06-02,2026-06-15
TRECCIA CREMA PASTICCIERA E GOCCE DI CIOCCOLATO,95G,PANE,2026-02-24,2026-03-09
VOL AU VENT,180G,PANE,2023-12-19,2023-12-31
APERI PASTA CARBONARA,225G,PASTA,2024-10-08,2024-10-21
APERTI PASTA CARBONARA SOAVEGEL,225G,PASTA,2024-03-12,2024-03-18
ASIA NOODLES KNORR,N/D,PASTA,2025-05-06,2025-05-19
BANZAI NUDOLS,67G,PASTA,2025-09-23,2025-10-06
CONDIVERDE RISO BIO SACLÀ,290G,PASTA,2024-06-04,2024-06-17
COUS COUS CON VERDURE,130G,PASTA,2026-06-02,2026-06-15
FARINA BARILLA,1KG,PASTA,2024-12-17,2024-12-31
FARINA BARILLA TIPO 00,1KG,PASTA,2025-12-16,2025-12-31
FARINA DI GRANO DURO E TENERO PER PIZZE E FOCACCE,1KG,PASTA,2025-01-14,2025-01-27
"FARINA DI GRANO TENERO TIPO ""00""",300G,PASTA,2026-01-02,2026-01-12
FARINA MANITOBA,1KG,PASTA,2024-03-12,2024-03-18
FARINA MARIAROSA,1KG,PASTA,2025-10-21,2025-11-03
FARINA MARIAROSA REBECCHI,1KG,PASTA,2024-01-16,2024-01-29
FARINA MIX ITALIA,1KG,PASTA,2026-01-13,2026-01-26
FARINA PER POLENTA BRAMATA,1KG,PASTA,2024-02-27,2024-03-11
FARINA RICCAFIBRA INTEGRALE,1KG,PASTA,2025-06-03,2025-06-16
FARINA TIPO 00,500G,PASTA,2025-09-09,2025-09-22
FARINA TIPO 1,1KG,PASTA,2024-04-02,2024-04-15
FARINA TIPO 1 GRANDI TENERO,1KG,PASTA,2026-03-10,2026-03-23
FARINATA GENOVESE,250G,PASTA,2025-01-28,2025-02-10
FARINATA GENOVESE APPETITE,280G,PASTA,2026-05-05,2026-05-18
FECOLA DI PATATE AMIDO DI MAIS PANEANGELI,250G,PASTA,2026-02-24,2026-03-09
FETTUCCINE ALL'UOVO AGNESI,250G,PASTA,2026-04-21,2026-05-04
FIOCCHI DI AVENA INTEGRALE VITAL,500G,PASTA,2024-09-10,2024-09-23
GNOCCHETTI DI NATALE,400G,PASTA,2025-12-16,2025-12-31
GNOCCHETTI SPÄTZLE AGLI SPINACI,250G,PASTA,2026-04-21,2026-05-04
GNOCCHETTI SPÄTZLE LA GPHI SPINACHI,350G,PASTA,2026-02-24,2026-03-09
GNOCCHI AGLI SPINACI,400G,PASTA,2025-11-04,2025-11-17
GNOCCHI AL BASILICO,400G,PASTA,2025-07-01,2025-07-14
GNOCCHI ALLA BARBABIETOLA,400G,PASTA,2026-02-10,2026-02-23
GNOCCHI ALLA ROMANA,500G,PASTA,2026-04-07,2026-04-20
GNOCCHI ALLA RUCOLA,400G,PASTA,2026-04-07,2026-04-20
GNOCCHI ALLA ZUCCA,400G,PASTA,2024-10-08,2024-10-21
GNOCCHI ALLA ZUCCA BERETTA,400G,PASTA,2025-10-07,2025-10-20
GNOCCHI ALLE ORTICHE,400G,PASTA,2026-06-02,2026-06-15
GNOCCHI DI PATATE,400G,PASTA,2026-01-13,2026-01-26
GNOCCHI DI PATATE KOME TE,400G,PASTA,2026-05-05,2026-05-18
GNOCCHI RIPIENI,500G,PASTA,2024-04-23,2024-05-06
GNOCCHI TRICOLORE,400G,PASTA,2025-09-09,2025-09-22
IL MIO RISOTTO STAR,175G,PASTA,2026-02-10,2026-02-23
LASAGNA ALLA BOLOGNESE CANNELLONI RICOTTA E SPINACI,N/D,PASTA,2025-01-28,2025-02-10
LASAGNE ALL'UOVO EMILIANE,500G,PASTA,2024-03-19,2024-04-01
LASAGNE BOLOGNESE SCHÄR,350G,PASTA,2025-01-28,2025-02-10
LASAGNE FRESCHE,500G,PASTA,2024-03-19,2024-04-01
LASAGNE FRESCHE DI SEMOLA SOAVE,500G,PASTA,2026-01-02,2026-01-12
LIEVITO,32G,PASTA,2026-01-27,2026-02-09
LIEVITO BIO SUN S.MARTINO,48G,PASTA,2026-02-10,2026-02-23
LIEVITO DI BIRRA MASTRO FORNAIO PANEANGELI,14G,PASTA,2026-03-24,2026-04-06
LIEVITO ISTANTANEO PANEANGELI,N/D,PASTA,2024-11-19,2024-12-02
LIEVITO VANIGLIATO,32G,PASTA,2025-02-11,2025-02-24
MAFFEI MEZZI PACCHERI FRESCHI,450G,PASTA,2026-05-05,2026-05-18
MAFFEI TROCCOLI FRESCHI,500G,PASTA,2026-05-05,2026-05-18
MEZZI PACCHERI MAFFEI,400G,PASTA,2026-02-24,2026-03-09
NOODLES,67G,PASTA,2025-01-28,2025-02-10
NOODLES KNORR,80G,PASTA,2025-09-09,2025-09-22
NOODLES SAKEBON STAR,N/D,PASTA,2024-06-18,2024-07-01
NOODLES SUN YAN,65G,PASTA,2026-02-10,2026-02-23
ORECCHIETTE TROFIE,1KG,PASTA,2025-04-08,2025-04-21
ORECCHIETTE TROFIE MAFFEI,400G,PASTA,2025-02-25,2025-03-10
PACCHERI,400G,PASTA,2025-06-17,2025-06-30
PACCHERI MAFFEI,400G,PASTA,2025-03-11,2025-03-24
PANEANGELLI FECOLA DI PATATE,250G,PASTA,2025-03-11,2025-03-24
PANGRATTATO BIANCO,400G,PASTA,2026-01-02,2026-01-12
PASTA ALL'UOVO,500G,PASTA,2024-09-24,2024-10-07
PASTA BARILLA SENZA GLUTINE,400G,PASTA,2025-07-29,2025-08-11
PASTA BASE FRESCA,250G,PASTA,2024-02-27,2024-03-11
PASTA BASE SFOGLIA,230G,PASTA,2024-01-02,2024-01-15
PASTA DI GRAGNANO D'APUZZO,500G,PASTA,2024-08-13,2024-08-26
PASTA DI GRAGNANO IGP LIGURI,1KG,PASTA,2025-05-06,2025-05-19
PASTA DI GRANO DURO,500G,PASTA,2024-07-16,2024-07-29
PASTA DI SEMOLA,400G,PASTA,2026-06-02,2026-06-15
PASTA DI SEMOLA BUCATINI,500G,PASTA,2025-02-25,2025-03-10
PASTA DI SEMOLA CORTICELLA,400G,PASTA,2025-06-03,2025-06-16
PASTA DI SEMOLA DI GRANO DURO BIO,500G,PASTA,2025-06-17,2025-06-30
PASTA DI SEMOLA FORMATI NORMALI,1KG,PASTA,2025-11-04,2025-11-17
PASTA DI SEMOLA VOIELLO,500G,PASTA,2026-05-05,2026-05-18
PASTA FILLO RETTANGOLARE,300G,PASTA,2024-04-23,2024-05-06
PASTA FRESCA,1KG,PASTA,2026-01-13,2026-01-26
PASTA FRESCA ALL UOVO,450G,PASTA,2024-06-18,2024-07-01
PASTA FRESCA ALL'UOVO,500G,PASTA,2026-04-07,2026-04-20
PASTA FRESCA DI SEMOLA DI GRANO DURO INTEGRALE BIOLOGICA,250G,PASTA,2024-01-16,2024-01-29
PASTA FRESCA INTEGRALE,250G,PASTA,2025-11-18,2025-12-01
PASTA FRESCA INTEGRALE MAFFEI,250G,PASTA,2026-01-27,2026-02-09
PASTA FRESCA MAFFEI,400G,PASTA,2026-06-02,2026-06-15
PASTA FRESCA PRONTA,230G,PASTA,2024-08-27,2024-09-09
PASTA FRESCA RIPIENA,500G,PASTA,2026-01-13,2026-01-26
PASTA FRESCA RIPIENA DI PESCE,200G,PASTA,2025-04-08,2025-04-21
PASTA FRESCA RIPIENA DIVERSE TIP,500G,PASTA,2023-12-19,2023-12-31
PASTA FRESCA SEFOGLIA,250G,PASTA,2026-04-21,2026-05-04
PASTA FRESCA SFOGLIA,200G,PASTA,2025-10-07,2025-10-20
PASTA FRESCA STROZZAPRETI TROCCOLI,500G,PASTA,2023-12-05,2023-12-18
PASTA FRESCA TROFIE OCCHIETTE,1KG,PASTA,2026-06-02,2026-06-15
PASTA FRESCA TROFIE ORECCHIETTE,1KG,PASTA,2025-09-23,2025-10-06
PASTA INTEGRALE MAFFEI,250G,PASTA,2025-08-26,2025-09-08
PASTA INTEGRALE MISURA,500G,PASTA,2025-07-29,2025-08-11
PASTA PRONTA,230G,PASTA,2025-02-25,2025-03-10
PASTA PRONTA FRESCA SFOGLIA,230G,PASTA,2026-01-02,2026-01-12
PASTA PRONTA SFOGLIA,230G,PASTA,2024-06-18,2024-07-01
PASTA PRONTA SFOGLIA LIGHT,230G,PASTA,2024-10-08,2024-10-21
PASTA PROTEIN DALLA COSTA,250G,PASTA,2025-05-06,2025-05-19
PASTA PROTEIN+ BARILLA,400G,PASTA,2026-04-21,2026-05-04
PASTA RIPIENA A BASE DI PESCE,200G,PASTA,2025-09-23,2025-10-06
PASTA SENZA GLUTINE DEL VERDE,400G,PASTA,2025-07-29,2025-08-11
PASTA SFOGLIA,250G,PASTA,2025-08-26,2025-09-08
PASTA SFOGLIA LIGHT,230G,PASTA,2026-02-24,2026-03-09
PASTA SFOGLIA ROTONDA,230G,PASTA,2026-06-02,2026-06-15
PASTA SFOGLIA ROTONDA MAFFEI,250G,PASTA,2025-07-01,2025-07-14
PASTA SFOGLIA VEGETALE STUFFER,250G,PASTA,2025-03-25,2025-04-07
PASTI IN SEMOLA,500G,PASTA,2024-09-24,2024-10-07
PENNE RIGATE,500G,PASTA,2024-04-02,2024-04-15
PIATTI PRONTI LASAGNE,300G,PASTA,2024-11-19,2024-12-02
"PIATTI PRONTI LASAGNE ALLA BOLOGNESE, CANNELLONI RICOTTA E SPINACI, MELANZANE ALLA PARMIGIANA",300G,PASTA,2024-05-07,2024-05-20
POLENTA,170G,PASTA,2025-01-28,2025-02-10
POLENTA BELLA & PRONTA,1KG,PASTA,2025-10-21,2025-11-03
POLENTA PRONTA,1KG,PASTA,2024-10-22,2024-11-04
POLENTE KOME TE,350G,PASTA,2026-01-02,2026-01-12
PREPARATO PER DOLCI ELAH,N/D,PASTA,2025-07-15,2025-07-28
PREPARATO PER PIZZA ISTANTANEA,450G,PASTA,2025-01-14,2025-01-27
PREPARATO PER RISOTTO,175G,PASTA,2024-09-24,2024-10-07
PRIMI,200G,PASTA,2026-04-07,2026-04-20
PRIMI PRONTI,400G,PASTA,2026-02-10,2026-02-23
PRIMI PRONTI APPETIT,N/D,PASTA,2024-10-08,2024-10-21
PRIMI PRONTI LASAGNE CANNELLONI MELANZANE,N/D,PASTA,2025-09-23,2025-10-06
RAVIOLI CINESI,300G,PASTA,2025-04-22,2025-05-05
RAVIOLI ERBA CIPOLLINA VERZA,300G,PASTA,2025-12-02,2025-12-15
RAVIOLI WEI MEI,300G,PASTA,2025-01-28,2025-02-10
RISETTE SNACK PROTEIN 26 SCOTTI,160G,PASTA,2026-04-21,2026-05-04
RISO APRI SCALA SCOTTI,N/D,PASTA,2025-09-09,2025-09-22
RISO ARBORIO,1KG,PASTA,2026-01-13,2026-01-26
RISO BASMATI E PROTEIN SCOTTI,500G,PASTA,2025-05-06,2025-05-19
RISO CLASSICO SCOTTI,500G,PASTA,2024-04-23,2024-05-06
RISO EXPRESS SAIKEBON,250G,PASTA,2024-11-05,2024-11-18
RISO IBE SCOTTI,500G,PASTA,2024-05-07,2024-05-20
RISO ORIGINARIO SCOTTI,1KG,PASTA,2026-01-02,2026-01-12
RISO PARBOILED,1KG,PASTA,2024-06-04,2024-06-17
RISO PARBOILED SCOTTI NON SCONCE,1KG,PASTA,2024-07-30,2024-08-12
RISO PER RISOTTI SCOTTI,1KG,PASTA,2026-05-19,2026-06-01
RISO PIÙ PUÒ,215G,PASTA,2025-07-29,2025-08-11
RISO RIBE,1KG,PASTA,2026-02-24,2026-03-09
RISO RIBE SCOTTI,200G,PASTA,2026-04-21,2026-05-04
RISOTTI STAR PUREI FUNGHI PORCINI,75G,PASTA,2025-10-21,2025-11-03
RISOTTO KNORR,175G,PASTA,2026-04-21,2026-05-04
SFOGLIA EXTRAFINE LASAGNE MAFFEI,250G,PASTA,2024-08-13,2024-08-26
SFOGLIA EXTRAFINE PER LASAGNE,250G,PASTA,2025-08-12,2025-08-25
SFOGLIA PER LASAGNE STRATIFANE,250G,PASTA,2024-05-21,2024-06-03
SPAGHETTI ASIA MIA,250G,PASTA,2026-05-05,2026-05-18
SPAGHETTI VONGOLE,500G,PASTA,2026-02-10,2026-02-23
SPÄTZLE AGLI SPINACI,250G,PASTA,2024-05-07,2024-05-20
STELLINE NIPIOL,300G,PASTA,2024-02-13,2024-02-26
STROZZAPRETI TROCCOLI,500G,PASTA,2025-09-09,2025-09-22
STROZZAPRETI TROCCOLI SOAVE,500G,PASTA,2024-12-03,2024-12-16
TAGLIATELLE ALL'UOVO EMILIANE,250G,PASTA,2024-03-19,2024-04-01
TAGLIATELLE ALL'UOVO EMILIANE BARILLA,250G,PASTA,2026-03-24,2026-04-06
TORTELLINI AL PROSCIUTTO CRUDO EMILIANE BARILLA,N/D,PASTA,2025-04-08,2025-04-21
TRIANGOLINI BIO,N/D,PASTA,2026-02-10,2026-02-23
TROCCOLI MAFFEI,500G,PASTA,2026-02-24,2026-03-09
"TROFIE, ORECCHIETTE INTEGRALI",250G,PASTA,2025-01-14,2025-01-27
"TROFIE, ORECCHIETTE INTEGRALI MAFFEI",250G,PASTA,2025-07-01,2025-07-14
TROFIETTE LIGURI,400G,PASTA,2025-07-15,2025-07-28
UDON NOODLES,N/D,PASTA,2026-05-05,2026-05-18
YAKISOBA SAIKEBON,93G,PASTA,2026-05-05,2026-05-18
ZUCCHERO AL VELO,70G,PASTA,2026-01-27,2026-02-09
ZUCCHERO BIANCO EXTRAFINO,1KG,PASTA,2026-01-27,2026-02-09
4 BISTECCHINE DI MARE,300G,PESCE,2025-01-03,2025-01-13
ALICI MARINATE,G200,PESCE,2026-06-02,2026-06-15
ALICI PANATE,200G,PESCE,2025-05-20,2025-06-02
ALICI PANATE SOAVEGEL,200G,PESCE,2024-04-23,2024-05-06
ANELLI DI TOTANO DELL'ATLANTICO,G400,PESCE,2026-06-02,2026-06-15
ANTIPASTI VOGLIAZZI,N/D,PESCE,2024-12-17,2024-12-31
ANTIPASTO DI MARE CON VERDURE MEDUSA,G400,PESCE,2026-06-02,2026-06-15
BACCALÀ ANGELO PARODI,G120,PESCE,2026-06-02,2026-06-15
BACCIOCHINI DI PESCE,300G,PESCE,2024-01-30,2024-02-12
BASTONCINI,300G,PESCE,2025-09-23,2025-10-06
BASTONCINI DI MERLUZZO,630G,PESCE,2026-03-24,2026-04-06
BASTONCINI DI MERLUZZO IMPANATI,300G,PESCE,2025-02-25,2025-03-10
BASTONCINI DI PESCE IMPANATI,300G,PESCE,2025-06-03,2025-06-16
BASTONCINI DI SURIMI,250G,PESCE,2025-04-22,2025-05-05
BASTONCINI FINDUS,400G,PESCE,2026-05-19,2026-06-01
BASTONCINI FINDUS CON MERLUZZO,250G,PESCE,2024-05-21,2024-06-03
BASTONCINI TIKO,300G,PESCE,2025-01-14,2025-01-27
BISTECCHINE DI MARE,300G,PESCE,2026-05-05,2026-05-18
BISTECCHINE DI MARE TIKO,300G,PESCE,2025-09-09,2025-09-22
BRANZINO CON VERDURE GRIGLIATE APPETTAIS,250G,PESCE,2024-02-13,2024-02-26
BURGER DI MERLUZZO BISTRÒ FINOS,90G,PESCE,2025-10-07,2025-10-20
CALAMARO INDOPACIFICO,450G,PESCE,2026-01-02,2026-01-12
CALAMARO INDOPACIFICO ANELLE E CUPPI,450G,PESCE,2025-10-21,2025-11-03
CALAMARO INDOPACIFICO ANELLI E CIUFFI,450G,PESCE,2026-05-05,2026-05-18
CALAMARO PATAGONICO,400G,PESCE,2025-09-23,2025-10-06
CAPRICCI DI MARE,400G,PESCE,2026-05-19,2026-06-01
COCKTAIL DI MAZZANCOLLE,180G,PESCE,2025-12-16,2025-12-31
CODE DI GAMBERI ARGENTINA,300G,PESCE,2026-01-02,2026-01-12
CODE DI GAMBERI ARGENTINI,300G,PESCE,2025-07-01,2025-07-14
CODE DI GAMBERO,400G,PESCE,2025-12-16,2025-12-31
CODE DI GAMBERO ARGENTINO,250G,PESCE,2026-03-24,2026-04-06
CODE DI MAZZANCOLLE TROPICALI,300G,PESCE,2024-08-27,2024-09-09
COZZE CILENE SGUESCIATE,G250,PESCE,2026-06-02,2026-06-15
COZZE CILENE SGUSCIATE APPETITAIS,250G,PESCE,2025-06-03,2025-06-16
COZZE CILENE SGUSCIATE E PRECOTTE,250G,PESCE,2025-12-16,2025-12-31
COZZE SGUSCIATE,900G,PESCE,2025-02-11,2025-02-24
CROCCANTI FILETTI DI MERLUZZO,400G,PESCE,2025-01-28,2025-02-10
CROCCOLE OMEGA 3 FINDUS,200G,PESCE,2026-01-02,2026-01-12
CUORI DI FILETTI DI SALMONE SELVAGGIO,250G,PESCE,2026-02-24,2026-03-09
CUORI DI FILETTO DI MERLUZZO,400G,PESCE,2024-09-10,2024-09-23
CUORI DI FILETTO DI NASELLO,300G,PESCE,2026-01-02,2026-01-12
CUORI DI MERLUZZO D'ALASKA,200G,PESCE,2026-05-19,2026-06-01
CUORI DI NASELLO,300G,PESCE,2026-02-10,2026-02-23
DELICIUS CANTABRICO,N/D,PESCE,2024-10-08,2024-10-21
DI FILETTO DI MERLUZZO,400G,PESCE,2026-03-10,2026-03-23
FILETTI DI ACCIUGHE,720G,PESCE,2025-09-23,2025-10-06
FILETTI DI ACQUOGNE,G400X2,PESCE,2026-06-02,2026-06-15
FILETTI DI ALICI,80G,PESCE,2026-01-27,2026-02-09
FILETTI DI ALICI ALL'OLIO DI GIRASOLE,140G,PESCE,2025-08-26,2025-09-08
FILETTI DI ALICI DEL MAR RIZZOLI,4G,PESCE,2024-02-27,2024-03-11
FILETTI DI ALICI DELICIUS ALL'OLIO DI OLIVA,90G,PESCE,2025-04-08,2025-04-21
FILETTI DI ALICI DI OLIVA ZAROTTI,95G,PESCE,2024-10-22,2024-11-04
FILETTI DI ALICI DISTESE DELICIUS,90G,PESCE,2026-03-24,2026-04-06
FILETTI DI MERLUZZO,400G,PESCE,2025-12-02,2025-12-15
FILETTI DI MERLUZZO CROCCANTE,400G,PESCE,2026-04-07,2026-04-20
FILETTI DI MERLUZZO D'ALASKA,400G,PESCE,2026-04-21,2026-05-04
FILETTI DI PANGASIO,800G,PESCE,2026-06-02,2026-06-15
FILETTI DI PLATESSA,N/D,PESCE,2026-03-24,2026-04-06
FILETTI DI PLATESSA ALLA MUGNAIA,250G,PESCE,2026-04-07,2026-04-20
FILETTI DI PLATESSA DEL PACIFICO,400G,PESCE,2026-03-24,2026-04-06
FILETTI DI PLATESSA IMPANATI,300G,PESCE,2026-06-02,2026-06-15
FILETTI DI SALMONE,150G,PESCE,2025-06-03,2025-06-16
FILETTI DI SGOMBRO,180G,PESCE,2025-09-23,2025-10-06
FILETTI DI SGOMBRO DELICIUS,150G,PESCE,2026-02-24,2026-03-09
FILETTI DI SGOMBRO GRIGLIATI AS DO MAR,120G,PESCE,2024-05-21,2024-06-03
FILETTI DI SGOMBRO MARUZZELLA,120G,PESCE,2024-07-16,2024-07-29
FILETTI DI SGOMBRO NOSTROMO,120G,PESCE,2025-01-14,2025-01-27
FILETTI DI SGOMBRO PEPERONCINO E ZENZERO,125G,PESCE,2025-06-03,2025-06-16
FILETTI DI TONNO ANGELO PARODI,G178,PESCE,2026-06-02,2026-06-15
FILETTI DI TONNO AS DO MAR,130G,PESCE,2024-05-21,2024-06-03
FILETTI DI TONNO ASDOMAR,180G,PESCE,2024-07-30,2024-08-12
FILETTI DI TONNO MAREBLU,160G,PESCE,2026-02-10,2026-02-23
FILETTI DI TONNO MARUZELLA,130G,PESCE,2026-05-19,2026-06-01
FILETTI DI TONNO MARUZZELLA ALL'OLIO DI OLIVA,250G,PESCE,2025-04-08,2025-04-21
FILETTI DI TONNO NOSSONO,N/D,PESCE,2025-10-21,2025-11-03
FILETTI DI TONNO PESCATO A CANNA MARUZELLA,150G,PESCE,2024-06-04,2024-06-17
FILETTI DI TONNO RIO MARE,180G,PESCE,2026-04-21,2026-05-04
FILETTI DISGOMBRO MAREBLU,N/D,PESCE,2025-06-03,2025-06-16
FILETTI E PANGASIO,800G,PESCE,2025-08-26,2025-09-08
FILETTO DI ALICI IN OLIO DI OLIVA,28G,PESCE,2026-04-21,2026-05-04
FILETTO DI BRANZINO CON VERDURE GRIGLIATE ORATA ALLA LIGURE,250G,PESCE,2025-01-28,2025-02-10
FILETTO DI SALMONE CALATA DI MARI,150G,PESCE,2025-08-26,2025-09-08
FILETTO DI SGOMBRO RUSTICO RIZZOLI,90GX2,PESCE,2025-01-28,2025-02-10
FILETTO DI TONNO PESCATO A CANNA ANGELO PARODI,380G,PESCE,2026-03-24,2026-04-06
FIORI DI NASELLO FINDUS,200G,PESCE,2026-05-05,2026-05-18
FISH POPS CROCCANTI DI MERLUZZO,400G,PESCE,2025-03-25,2025-04-07
FRITTO MISTO PREFRITTO,250G,PESCE,2024-04-02,2024-04-15
GALSSA BIFFI,180G,PESCE,2024-03-19,2024-04-01
GAMBERETTI BOREALI SGUSCIATI,200G,PESCE,2026-04-21,2026-05-04
GAMBERETTI BOREALI SGUSCIATI COTTI,200G,PESCE,2024-05-07,2024-05-20
GAMBERETTI BOREALI SQUEEZATI,200G,PESCE,2023-12-19,2023-12-31
GAMBERI ARGENTINI,G800,PESCE,2026-06-02,2026-06-15
GAMBERI ARGENTINI ARBI,400G,PESCE,2025-06-03,2025-06-16
GAMBERI ARGENTINI INTERI SELVAGGI,400G,PESCE,2026-03-24,2026-04-06
GAMBERI ARGENTINI SELVAGGI,600G,PESCE,2026-02-24,2026-03-09
GAMBERI ARGENTINI SGUSCIATI,250G,PESCE,2026-01-27,2026-02-09
GAMBERI E ZUCCHINE,180G,PESCE,2026-04-21,2026-05-04
GAMBERI IMPANATI PER SUSHI,250G,PESCE,2025-01-14,2025-01-27
GAMBERI MEDI,G250,PESCE,2026-06-02,2026-06-15
GAMBERI MEDI IN SALAMOIA,150G,PESCE,2024-05-21,2024-06-03
GAMBERO ARGENTINO,800G,PESCE,2025-12-16,2025-12-31
GAMBERO ARGENTINO SELVAGGIO,800G,PESCE,2023-12-19,2023-12-31
GAMBERO INDOPACIFICO SCOTTATO SQUASCIATO,200G,PESCE,2026-02-10,2026-02-23
GAMBERO INDOPACIFICO SGUSCIATO,300G,PESCE,2026-05-05,2026-05-18
GHIOTTINE COCKTAIL DI GAMBERI,200G,PESCE,2023-12-19,2023-12-31
GHIOTTINE RUSSA E GAMBERI,300G,PESCE,2023-12-19,2023-12-31
INSALATA CON TONNO,220G,PESCE,2025-07-01,2025-07-14
INSALATA CON TONNO ACTIVE PRO MAREBLU,220G,PESCE,2026-04-21,2026-05-04
INSALATA CON TONNO NUTRINICK MARUZZELLA,220G,PESCE,2024-07-16,2024-07-29
INSALATA DI MARE,150G,PESCE,2026-03-10,2026-03-23
INSALATA DI TONNO,230G,PESCE,2024-06-04,2024-06-17
INSALATONNA,160G,PESCE,2025-05-20,2025-06-02
LINEA MAREBLU,N/D,PESCE,2026-05-19,2026-06-01
MAZZANCOLLE TROPICALI,250G,PESCE,2023-12-05,2023-12-18
MAZZANCOLLE TROPICALI NORDIC SEAFOOD,300G,PESCE,2024-08-13,2024-08-26
MAZZANCOLLE TROPICALI SEA QUEEN,250G,PESCE,2024-02-13,2024-02-26
MEDAGLIONI DI MERLUZZO,750G,PESCE,2025-11-18,2025-12-01
MEDAGLIONI DI MERLUZZO ATLANTICO,720G,PESCE,2025-04-22,2025-05-05
MERLUZZO AL GRATIN,400G,PESCE,2024-11-19,2024-12-02
MERLUZZO AL GRATIN COMOHODORI E BASILICO,400G,PESCE,2026-01-27,2026-02-09
MERLUZZO AL GRATIN CON POMODORI E BASILICO,400G,PESCE,2025-03-25,2025-04-07
MISTO SCOGLIO,300G,PESCE,2024-03-19,2024-04-01
MISTO SCOGLIO ARBI,300G,PESCE,2026-05-05,2026-05-18
NASELLO PANATO PESCANOVA,200G,PESCE,2026-03-10,2026-03-23
NASELLO SUDAFRICANO APPETAIS,N/D,PESCE,2025-01-14,2025-01-27
ORATA EVISCERATA,300G,PESCE,2025-12-16,2025-12-31
PASTA DI ACCHIUGHE DELICIOUS,60G,PESCE,2025-06-03,2025-06-16
PASTA DI ACCHIUGHE DELICIUS,60G,PESCE,2026-05-19,2026-06-01
PASTA RIPIENA A BASE DI PESCE DIVERSI,200G,PESCE,2025-12-16,2025-12-31
PEPERONCINI CON TONNO POLI,850G,PESCE,2025-04-08,2025-04-21
PEPERONCINI CON TONNO SATOS,550G,PESCE,2026-03-24,2026-04-06
PESCE PRONTO,200G,PESCE,2025-08-26,2025-09-08
PESCE SPADA A TRANCE,N/D,PESCE,2025-10-07,2025-10-20
PIATTO PRONTO MIX&GO NOSTRO MESSICANA MEDITERRANEA,190G,PESCE,2025-06-03,2025-06-16
PLANT POWER MAREBLU,120G,PESCE,2025-03-25,2025-04-07
POLPETTE DI MERLUZZO,500G,PESCE,2026-02-10,2026-02-23
POLPETTE DI MERLUZZO ALLA MEDITERRANEA,500G,PESCE,2026-05-19,2026-06-01
POLPI INDOPACIFICI PULITI,G400,PESCE,2026-06-02,2026-06-15
POLPO,N/D,PESCE,2026-05-19,2026-06-01
POLPO A PESO VARIABILE,N/D,PESCE,2024-07-16,2024-07-29
POLPO PULITO,500G,PESCE,2025-12-16,2025-12-31
POLPO SEA QUEEN,N/D,PESCE,2025-12-02,2025-12-15
PORZIONE DI SALMONE,250G,PESCE,2024-09-24,2024-10-07
PREPARATO MISTO SCOGLIO,300G,PESCE,2024-06-18,2024-07-01
PÂTÉ AS DO MAR,100G,PESCE,2024-04-23,2024-05-06
"PÂTÉ AS DO MAR TONNO, SALMONE",100G,PESCE,2024-12-17,2024-12-31
RITAGLI DI POLPO COTTO,200G,PESCE,2024-11-19,2024-12-02
SALMONE AFFUMICATO,200G,PESCE,2026-05-05,2026-05-18
SALMONE NORDIC SEAFOOD,250G,PESCE,2025-04-08,2025-04-21
SALMONE NORVEGESE AFFUMICATO,G50,PESCE,2026-06-02,2026-06-15
SALMONE NORVESE AFFUMICATO HOVA DE LUXE,50G,PESCE,2025-01-14,2025-01-27
SALMONE SCOZZESE AFFUMICATO,G80,PESCE,2026-06-02,2026-06-15
SALMONE SELVAGGIO,80G,PESCE,2025-11-04,2025-11-17
SALMONE SELVAGGIO AFFUMICATO,80G,PESCE,2025-02-25,2025-03-10
SARDINE ALL'OLIO DI OLIVA PICCANTI,120G,PESCE,2025-06-03,2025-06-16
SARDINE DELICIOUS,120G,PESCE,2024-05-21,2024-06-03
SARDINE DELICIUS,120G,PESCE,2024-10-22,2024-11-04
SARDINE RIZZOLI,120G,PESCE,2025-03-11,2025-03-24
SCAMPI INTERI,375G,PESCE,2024-12-03,2024-12-16
SCAMPI INTERI NORDIC SEAFOOD,375G,PESCE,2025-04-22,2025-05-05
SEPPIA PULITA,800G,PESCE,2025-03-25,2025-04-07
SEPPIE INDOPACIFICHE PULITE,750G,PESCE,2026-01-13,2026-01-26
SEPPIOLINE INDOPACIFICHE PULITE,600G,PESCE,2025-08-12,2025-08-25
SEPPIOLINE PULITE,400G,PESCE,2025-11-18,2025-12-01
SEPPOLINE INDOPACIFICHE PULITE,400G,PESCE,2026-03-10,2026-03-23
SGOMBRO MACKEREL AL NATURALE,425G,PESCE,2025-06-03,2025-06-16
SHRIMPS IN POTATO NESTS,250G,PESCE,2024-06-18,2024-07-01
SHRIMPS POTATO NESTS,250G,PESCE,2024-09-24,2024-10-07
SOGLIOLA EVISCERATA,G50,PESCE,2026-06-02,2026-06-15
SPECIALITÀ ITTICHE ANGELO PARODI,N/D,PESCE,2026-06-02,2026-06-15
SUGO ALLE VONGOLE APPETAIS,300G,PESCE,2024-12-03,2024-12-16
TARTINE SALMONE E GAMBERI,240G,PESCE,2025-04-08,2025-04-21
TENTACOLI DI TOTANO GIGANTE,500G,PESCE,2026-02-24,2026-03-09
TENTACOLO DI POLPO,150G,PESCE,2024-01-02,2024-01-15
TENTACOLO DI POLPO SEA QUEEN,150G,PESCE,2024-02-13,2024-02-26
TONNO,80GX2,PESCE,2025-07-01,2025-07-14
TONNO ACTIVE PRO MAREBLU,60GX3,PESCE,2026-04-21,2026-05-04
TONNO ACTIVEPRO MAREBLU,60GX3,PESCE,2024-04-23,2024-05-06
TONNO AL NATURALE,168G,PESCE,2025-06-03,2025-06-16
TONNO AL NATURALE MARUZELLA,112G,PESCE,2024-06-18,2024-07-01
TONNO AL NATURALE RIO MARE,160G,PESCE,2024-05-07,2024-05-20
TONNO ALL OLIO EXTRA VERGINE DI OLIVA,80G,PESCE,2024-08-27,2024-09-09
TONNO CALATA DE MARI,80GX6,PESCE,2026-05-19,2026-06-01
TONNO CAPRI,160G,PESCE,2024-10-08,2024-10-21
TONNO CON LEGUMI,160GX2,PESCE,2024-05-21,2024-06-03
TONNO ESTRATTO MAREBU,80GX2,PESCE,2024-02-13,2024-02-26
TONNO EXTRAGUSTO MAREBLU,80GX2,PESCE,2024-04-16,2024-04-22
TONNO LEGGERO CALATA DI MARI OLIO DI OLIVA,60GX3,PESCE,2026-04-07,2026-04-20
TONNO MARE BLU,80GX3,PESCE,2025-12-02,2025-12-15
TONNO MARUZELLA,120GX2,PESCE,2026-05-19,2026-06-01
TONNO MENO OLIO,60GX4,PESCE,2024-05-21,2024-06-03
TONNO NOSTROMO,70X3,PESCE,2024-12-17,2024-12-31
TONNO NOSTROMO ALL'OLIO DI OLIVA,70GX3,PESCE,2025-10-07,2025-10-20
TONNO ORIGINALE GOCCIA D'OLIO,63G,PESCE,2025-07-15,2025-07-28
TONNO RIZZOLI,80GX2,PESCE,2024-09-10,2024-09-23
TONNO TRANCIO INTERO AS DO MAR,100G,PESCE,2024-01-02,2024-01-15
TONNO ZERO NOSTRO,168G,PESCE,2026-03-24,2026-04-06
TOTANI CON PATATE APPETAIS,500G,PESCE,2024-10-08,2024-10-21
TRAMEZZINI DI TONNO NOSTROMO,180G,PESCE,2026-01-27,2026-02-09
TRANCE DI VERDESCA,400G,PESCE,2025-03-25,2025-04-07
TRANCETTI DI ACCHIUGHE NOSTRO,300G,PESCE,2025-06-03,2025-06-16
TRANCETTI DI TONNO,80GX9,PESCE,2026-03-10,2026-03-23
TRANCETTI DI TONNO IN OLIO DI GIRASOLE,80GX9,PESCE,2025-11-18,2025-12-01
TRANCETTI DI TONNO MORETTI,80GX12,PESCE,2025-07-01,2025-07-14
TRANCETTI DI TONNO NOSTRO NOSTROMO,180G,PESCE,2025-01-14,2025-01-27
TRANCETTI DI TONNO NOSTROMO,180G,PESCE,2026-04-07,2026-04-20
TRANCHO DI SGOMBRO CALATA DI MARI,80G,PESCE,2025-08-26,2025-09-08
TRANCI DI VERDESCA SENZA PELLE,400G,PESCE,2024-08-27,2024-09-09
TRANCIO DI SGOMBRO,80G,PESCE,2026-01-02,2026-01-12
VERDESCA A TRANCI,400G,PESCE,2026-05-19,2026-06-01
VONGOLE AL NATURALE,500G,PESCE,2025-06-03,2025-06-16
VONGOLE BIANCHE INTERE COTTE,G400,PESCE,2026-06-02,2026-06-15
VONGOLE CON GUSCIO,500G,PESCE,2024-08-13,2024-08-26
VONGOLE COTTE CON GUSCIO,400G,PESCE,2026-03-10,2026-03-23
VONGOLE DELICIOUS,66G,PESCE,2024-05-21,2024-06-03
VONGOLE DELICIUS AL POMODORO,195G,PESCE,2025-03-11,2025-03-24
VONGOLE SGUSCIATE,250G,PESCE,2024-11-05,2024-11-18
VONGOLE SGUSCIATE APETETAIS,250G,PESCE,2025-07-15,2025-07-28
ZUPPA DI COZZE APPETAIS,450G,PESCE,2025-12-02,2025-12-15
ZUPPA DI PESCE,500G,PESCE,2026-04-21,2026-05-04
10 BASTONCINI FINDUS,250G,SURGELATI,2024-10-22,2024-11-04
2 BURGER VEGETALI VALSOIA,750G,SURGELATI,2025-01-03,2025-01-13
4 PIZZETTE MARGHERITA,320G,SURGELATI,2025-10-07,2025-10-20
BARATTOLINO SUBLIME SAMMONTANA,N/D,SURGELATI,2025-08-12,2025-08-25
BASTONCINI DI VERDURE SPINACI,300G,SURGELATI,2024-05-07,2024-05-20
BASTONCINI VERDURE E SPINACI,300G,SURGELATI,2024-02-13,2024-02-26
"BASTONCINI VERDURE, SPINACI",300G,SURGELATI,2025-07-29,2025-08-11
BISCOTTO GELATO,390G,SURGELATI,2025-07-15,2025-07-28
"BISCOTTO GELATO PANNA, PANNA E CACAO",330G,SURGELATI,2024-04-16,2024-04-22
BURGER CLASSICO VALSOA VEGETARIANO,750G,SURGELATI,2026-01-02,2026-01-12
BURGER VEGETALI,150G,SURGELATI,2026-03-10,2026-03-23
"BURGER, POLPETTE VEGANO",200G,SURGELATI,2026-04-07,2026-04-20
CINQUE STELLE SAMMONTANA,240G,SURGELATI,2025-07-15,2025-07-28
CIUFFETTI DI SPINACI PRIMAVERA FINDUS,800G,SURGELATI,2025-08-26,2025-09-08
CODE DI GAMBERO ARGENTINO SGOCCOLATE,250G,SURGELATI,2025-12-02,2025-12-15
CONO CINQUE STELLE SAMMONTANA CROCCANTINO,90G,SURGELATI,2026-06-02,2026-06-15
CONO GELATO 100% VEGETALE VALSOIA,N/D,SURGELATI,2025-07-15,2025-07-28
"CONO PANNA, PANNA E CACAO, AMARENA",420G,SURGELATI,2025-08-26,2025-09-08
COPPA FAMIGLIA,N/D,SURGELATI,2025-08-26,2025-09-08
COPPA FAMIGLIA TONITTO,500G,SURGELATI,2025-08-26,2025-09-08
COPPE GELATO,180G,SURGELATI,2025-09-09,2025-09-22
COPPE GELATO TIRAMISU AMARENA,180G,SURGELATI,2026-06-02,2026-06-15
COPPETTA GELATO,180G,SURGELATI,2025-06-03,2025-06-16
CORNETTO ALGHIDA CLASSICO,480G,SURGELATI,2024-10-22,2024-11-04
CORNETTO ALIGDA,400G,SURGELATI,2025-07-29,2025-08-11
CORNETTO CLASSICO,8PZ,SURGELATI,2024-04-23,2024-05-06
CORNETTO CLASSICO ALGIDA,240G,SURGELATI,2026-04-07,2026-04-20
CORNETTO CLASSICO ALIENDA,240G,SURGELATI,2026-01-27,2026-02-09
CORNETTO E FAGOTTINO TRE MARIE,N/D,SURGELATI,2025-05-06,2025-05-19
COTOLETTA VEGETARIANA VALSOIA,100GX2,SURGELATI,2026-04-07,2026-04-20
CREAMY CREAM TONITTO,275G,SURGELATI,2025-09-09,2025-09-22
CREMINO ALGIDA,6PZ,SURGELATI,2024-06-18,2024-07-01
"CREMOSA FINDUS ZUCCA E CAROTE, ZUCCHINE E PISELLI",600G,SURGELATI,2025-12-02,2025-12-15
CROCCHETTE,750G,SURGELATI,2026-02-10,2026-02-23
CROCOCOLE OMEGA3 FINDUS,200G,SURGELATI,2025-04-08,2025-04-21
CUCCIOLONE ALGIDA CLASSICO,480G,SURGELATI,2024-05-21,2024-06-03
CUORI DI MERLUZZO,400G,SURGELATI,2024-04-16,2024-04-22
FARINATA GENOVESE APPETTAIS,280G,SURGELATI,2026-02-10,2026-02-23
FIORIDIFRAGOLA ALGIDA,306G,SURGELATI,2024-09-10,2024-09-23
FOCACCIA PIZZETTA KOMÉ TE,180G,SURGELATI,2026-03-10,2026-03-23
FRAGOLINO,300G,SURGELATI,2026-05-05,2026-05-18
FRUTTA FRULLATA,100G,SURGELATI,2024-10-22,2024-11-04
FUNGHI PORCINI DI BOSCO,300G,SURGELATI,2025-07-15,2025-07-28
GELATI HAAGEN-DAZS,210G,SURGELATI,2024-08-27,2024-09-09
GELATI STECCO MINI KING,280G,SURGELATI,2025-05-06,2025-05-19
GELATO BISCOGNAGO,320G,SURGELATI,2025-06-03,2025-06-16
GELATO CARTE D'OR CLASSICO ALGIDA,500G,SURGELATI,2026-03-24,2026-04-06
GELATO CROCCANTINO,300G,SURGELATI,2025-06-17,2025-06-30
GELATO CROCCANTINO GELATO DA SOGNO,360G,SURGELATI,2024-01-02,2024-01-15
GELATO FRAGOLINO,560G,SURGELATI,2024-05-21,2024-06-03
GELATO GUSTI ASSORTITI,500G,SURGELATI,2026-04-07,2026-04-20
GELATO KING MANDORLATO CLASSICO,240G,SURGELATI,2025-07-15,2025-07-28
GELATO LIMONCILO,450G,SURGELATI,2025-05-20,2025-06-02
GELATO MACADAMIA NUT BRITTLE VANILLA CARAMEL ALMOND,210G,SURGELATI,2025-01-03,2025-01-13
GELATO MINI KING,280G,SURGELATI,2025-09-23,2025-10-06
GELATO RICOPERTO,400G,SURGELATI,2025-08-12,2025-08-25
GELATO STECCO MINI KING,280G,SURGELATI,2024-09-10,2024-09-23
"GELATO VANIGLIA E CIAO, FRAGOLA E LIMONE, STRACCIATELLA, FIORDILETTE",500G,SURGELATI,2024-09-24,2024-10-07
GHIACCIO ALIMENTARE,2KG,SURGELATI,2025-05-06,2025-05-19
GHIACCIO ICE 3 IN CILINDRI,2KG,SURGELATI,2025-08-12,2025-08-25
GHIACCIO SINTETICO,2PZ,SURGELATI,2025-05-20,2025-06-02
GHIACCIOLI,1.5KG,SURGELATI,2024-08-27,2024-09-09
GHIACCIOLI ASSORTITI,750G,SURGELATI,2026-06-02,2026-06-15
GHIACCIOLO LA BOMBA,60G,SURGELATI,2025-06-17,2025-06-30
GRAN COPPA FAMIGLIA,1KG,SURGELATI,2024-04-23,2024-05-06
GRAN COPPA FAMIGLIA TOMMY,1KG,SURGELATI,2026-05-05,2026-05-18
GRAN COPPA FAMIGLIA TONITTO,1KG,SURGELATI,2026-02-10,2026-02-23
GRAN COPPA FAMIGLIOLA TONITTO,1KG,SURGELATI,2023-12-05,2023-12-18
GRANNIISTO DI FUNGHI CON PORCINI,300G,SURGELATI,2024-01-02,2024-01-15
ICE 3 CUP,130G,SURGELATI,2026-06-02,2026-06-15
ICE CUP,130G,SURGELATI,2025-05-20,2025-06-02
IL GELATO 3 STECCHI VALSOIA,250G,SURGELATI,2026-05-05,2026-05-18
IL SORBETTO LIMONE TONITTO,310G,SURGELATI,2025-10-21,2025-11-03
IL SORBETTO TOMMITO LIMONE PITASCIO,500G,SURGELATI,2024-10-22,2024-11-04
IL SORBETTO TONITTO,500G,SURGELATI,2025-04-08,2025-04-21
L'ORIGINALE CUCCICCIONE,480G,SURGELATI,2026-03-10,2026-03-23
L'ORIGINALE CUCCIOLONE ALGIDA,480G,SURGELATI,2025-07-15,2025-07-28
L'ORIGINALE CUCCIOLONE ALGIDA CLASSICO,480G,SURGELATI,2025-03-11,2025-03-24
LA BOMBA GELATI,320G,SURGELATI,2025-07-15,2025-07-28
LA GRANITA SICILIANA SENSO FRESCO DOLIN,100X2,SURGELATI,2025-07-15,2025-07-28
LA RISSOLÉE MC CAIN,700G,SURGELATI,2026-01-27,2026-02-09
LA RISSOLÉE MCCAIN,700G,SURGELATI,2024-02-27,2024-03-11
LASAGNE ALLA BOLOGNESE,1KG,SURGELATI,2026-03-24,2026-04-06
LASAGNE ALLA BOLOGNESE LA CUCINA DI BOLOGNA,1KG,SURGELATI,2025-12-16,2025-12-31
LIMONILI GELATO DA SOGNO,450G,SURGELATI,2024-04-23,2024-05-06
LIMONLÌ,450G,SURGELATI,2025-07-29,2025-08-11
LINEA VEGANA MARGHERITE,N/D,SURGELATI,2025-03-25,2025-04-07
MAGNUM ALGIDA,4PZ,SURGELATI,2026-05-19,2026-06-01
MAGNUM ALGIDA CLASSIC ALMOND,300G,SURGELATI,2025-11-04,2025-11-17
MARGHERITE AGLI SPINACI VEGANO,200G,SURGELATI,2026-04-07,2026-04-20
MAXIBON CLASSIC,768G,SURGELATI,2026-05-19,2026-06-01
MAXIBON NESTLÉ,384G,SURGELATI,2024-08-13,2024-08-26
MAXIBON NESTLÉ CLASSIC,384G,SURGELATI,2026-02-24,2026-03-09
MINESTRONE,1KG,SURGELATI,2026-01-02,2026-01-12
MINESTRONE CON LEGUMI,1KG,SURGELATI,2026-01-13,2026-01-26
MINESTRONE LEGGEREZZA FROGEL,450G,SURGELATI,2025-03-25,2025-04-07
MINESTRONE LEGGEREZZA OROGEL,450G,SURGELATI,2026-01-27,2026-02-09
MINI COPPA FAMIGLIA TONITTO,200G,SURGELATI,2026-02-24,2026-03-09
MINI HAMBURGER CON PATATE,450G,SURGELATI,2026-01-02,2026-01-12
MINI MAGNUM ALGIDA CLASSIC,94.5G,SURGELATI,2026-05-19,2026-06-01
MINI PIZZETTA KOMÉ TE,240G,SURGELATI,2026-03-10,2026-03-23
MISTO PER RISOTTO E SPAGHETTI APPETTAIS,300G,SURGELATI,2025-10-07,2025-10-20
MIX KÜHLLER,N/D,SURGELATI,2025-05-06,2025-05-19
"NUGGETS, COTOLETTE VEGANO",200G,SURGELATI,2026-04-07,2026-04-20
"OROGEL TRIS GRIGLIATO, PISELLI CON PROSCIUTTO",250G,SURGELATI,2024-01-02,2024-01-15
PAELLA APPETAIS,600G,SURGELATI,2026-01-13,2026-01-26
PAELLA APPETTAIS,600G,SURGELATI,2026-06-02,2026-06-15
PANZEROTTINI POMODORO E MOZZARELLA,250G,SURGELATI,2026-01-02,2026-01-12
PANZEROTTINI POMODORO MOZZARELLA,250G,SURGELATI,2024-05-21,2024-06-03
PATATE DA FORNO LEGGEREZZA OROGEL,600G,SURGELATI,2026-05-19,2026-06-01
PATATE STICK BRAVI,2.5KG,SURGELATI,2025-05-06,2025-05-19
PATATE STICK PREFRITTE,1KG,SURGELATI,2026-01-13,2026-01-26
PATATINE GOLDEN LONG MC CAIN,750G,SURGELATI,2025-07-15,2025-07-28
PATATINE GOLDEN LONG MCCAIN,750G,SURGELATI,2026-03-24,2026-04-06
PIATTI PRONTI APPETAIS,N/D,SURGELATI,2025-01-14,2025-01-27
PIATTI PRONTI ASIA MIA,N/D,SURGELATI,2026-02-24,2026-03-09
PIATTI PRONTI DIVERSI TIPI,N/D,SURGELATI,2026-01-02,2026-01-12
PIATTI PRONTI JUI-SUI,450G,SURGELATI,2024-01-30,2024-02-12
PIATTI PRONTI LASAGNE ALLA BOLOGNESE,330G,SURGELATI,2025-01-03,2025-01-13
PIATTI PRONTI N'MA EASY,300G,SURGELATI,2026-01-27,2026-02-09
PISELLINI PRIMAVERA FINDUS,600G,SURGELATI,2026-02-24,2026-03-09
PIZZA DIVERSI TIPI,N/D,SURGELATI,2025-05-06,2025-05-19
PIZZA KEBAB,400G,SURGELATI,2026-05-05,2026-05-18
PIZZA LA NUMERO UNO MARGHERITA,410G,SURGELATI,2026-05-19,2026-06-01
PIZZA MARGHERITA,410G,SURGELATI,2025-06-17,2025-06-30
PIZZA MARGHERITA BELLA NAPOLI BUITONI,900G,SURGELATI,2026-03-10,2026-03-23
PIZZA MARGHERITA CROCCANTE E SOTTILE,240G,SURGELATI,2026-04-21,2026-05-04
PIZZA MARGHERITA GEGÈ,240GX3,SURGELATI,2025-01-03,2025-01-13
PIZZA MARGHERITA ITALPIZZA,510G,SURGELATI,2026-06-02,2026-06-15
PIZZA MARGHERITA XXL,460G,SURGELATI,2025-08-26,2025-09-08
PIZZA RISTORANTE CAMEO,500G,SURGELATI,2024-09-10,2024-09-23
PIZZETTE MARGHERITA,320G,SURGELATI,2024-10-08,2024-10-21
POLARETTI DOLFIN,420ML,SURGELATI,2025-06-17,2025-06-30
POTATO DIPPERS,650G,SURGELATI,2025-11-04,2025-11-17
POTATO DIPPERS LAMB WESTON,650G,SURGELATI,2026-04-21,2026-05-04
PRIMI PRONTI LASAGNE/CANNELLONI,400G,SURGELATI,2024-01-02,2024-01-15
PRONTO CUOCI KOMETE SPINACI,400G,SURGELATI,2025-11-04,2025-11-17
RAVIOLI DI CARNE AL VAPORE ASIA MIA,150G,SURGELATI,2025-03-11,2025-03-24
"RAVIOLI ERBA CIPOLLINA, VERZA, GAMBERI",300G,SURGELATI,2026-05-05,2026-05-18
"SALATINI BIGHORN MISTI, PIZZETTE",250G,SURGELATI,2025-05-20,2025-06-02
"SALATINI, PIZZETTE",250G,SURGELATI,2023-12-19,2023-12-31
SCAMPI INTERI 21-30,375G,SURGELATI,2025-12-02,2025-12-15
SCROCCHINI FINOUS,200G,SURGELATI,2024-02-27,2024-03-11
SNACK GELATO MARS,187.2G,SURGELATI,2024-01-16,2024-01-29
"SOAVELLI POMODORO E MOZZARELLA, PROSCIUTTO FORMAGGIO, FUNGHI",200G,SURGELATI,2024-01-02,2024-01-15
"SOFFICINI FINDUS PROSCIUTTO E MOZZARELLA, POMODORO E MOZZARELLA",312.5G,SURGELATI,2025-07-29,2025-08-11
SOFFRINI FINDUS,312.5G,SURGELATI,2026-05-19,2026-06-01
SORBETTO AL LIMONE,80GX4,SURGELATI,2026-03-24,2026-04-06
SORBETTO AL LIMONE FLUTE,65GX4,SURGELATI,2025-04-08,2025-04-21
SORBETTO AL LIMONE FLUTES,684G,SURGELATI,2026-06-02,2026-06-15
SORBETTO GUSTO LIMONE,260G,SURGELATI,2024-12-17,2024-12-31
SORBETTO LIMONE TONITTO,310G,SURGELATI,2025-07-15,2025-07-28
SPEEDY ERBAZZONE,380G,SURGELATI,2026-03-10,2026-03-23
SPEEDY PIZZA MARGHERITA,225G,SURGELATI,2025-05-06,2025-05-19
SPEEDY POLLO SADIA,300G,SURGELATI,2025-06-17,2025-06-30
SPINACI PRIMAVERA FINDUS,400G,SURGELATI,2026-06-02,2026-06-15
SPINACINE AIA,300G,SURGELATI,2025-05-20,2025-06-02
SPINACINE AIA ORIGINALI,300G,SURGELATI,2025-01-03,2025-01-13
STECCO GELATO FERRERO ROCHER,200G,SURGELATI,2024-05-21,2024-06-03
STICKS VALSOIA,200G,SURGELATI,2026-04-07,2026-04-20
TARTUFO,160G,SURGELATI,2025-07-15,2025-07-28
TARTUFO COICCOLATO BIANCO,160G,SURGELATI,2024-08-27,2024-09-09
TENTACOLO DI POLPO COTTO,150G,SURGELATI,2024-04-16,2024-04-22
TOP GELATI E DESSERT,N/D,SURGELATI,2025-07-15,2025-07-28
TORTA GELATO,700G,SURGELATI,2025-07-15,2025-07-28
TORTA GELATO PANNA E CIOCCOLATO,700G,SURGELATI,2026-04-07,2026-04-20
TORTELLINI AL PROSCIUTTO CRUDO EMILIANE BARILLA,500G,SURGELATI,2026-01-02,2026-01-12
TRANCI DI PIZZA MARGHERITA,400GX3,SURGELATI,2024-06-04,2024-06-17
TRIS GRIGLIATO GUSTO RICCO OROGEL,250G,SURGELATI,2026-03-10,2026-03-23
TRIS GRIGLIATO OROGEL,250G,SURGELATI,2026-01-02,2026-01-12
TRONCHETTO GELATO CLASSICO,320G,SURGELATI,2024-11-19,2024-12-02
TRONCHETTO VANIGLIA,300G,SURGELATI,2025-09-09,2025-09-22
VASCHETTA GELATO,1KG,SURGELATI,2025-07-15,2025-07-28
VASCHETTA GELATO TONITTO,1KG,SURGELATI,2026-06-02,2026-06-15
VIENNETTA ALGIDA VANIGLIA,320G,SURGELATI,2025-10-07,2025-10-20
VIENNETTA VANIGLIA ALGERDA,500G,SURGELATI,2024-04-16,2024-04-22
XIAOLONGBAO TRADIZIONALI MULAN,300G,SURGELATI,2026-02-24,2026-03-09
ZEPPOLE ALLA LATTUGA DI MARE,250G,SURGELATI,2024-03-19,2024-04-01
ZUPPA DELLA FATTORIA FARRO E POMODORO,600G,SURGELATI,2024-04-16,2024-04-22
ZUPPA DI LENTICCHIE,360G,SURGELATI,2024-02-27,2024-03-11
